Symbol,Original,Duplicate_Dropped,Negative_Price_Rows,Negative_Volume_Rows,Missing_Value_Rows,Total_Quarantined,Remain
A,6696,0,0,0,0,0,6696
AA,16235,0,0,0,0,0,16235
AAA,1462,0,0,0,0,0,1462
AAAA,245,0,0,0,0,0,245
AAAC,141,0,0,0,0,0,141
AAAD,23,0,0,0,0,0,23
AAAP,10,0,0,0,0,0,10
AAAU,1982,0,0,0,0,0,1982
AACB,313,0,0,0,0,0,313
AACBU,349,0,0,0,0,0,349
AACG,4638,0,0,0,0,0,4638
AACI,69,0,0,0,0,0,69
AACIU,96,0,0,0,0,0,96
AACIW,55,0,0,0,0,0,55
AACO,58,0,0,0,0,0,58
AACOU,95,0,0,0,0,0,95
AACP,27,0,0,0,0,0,27
AACPR,27,0,0,0,0,0,27
AACPU,63,0,0,0,0,0,63
AADR,4014,0,0,0,0,0,4014
AADX,23,0,0,0,0,0,23
AAEQ,140,0,0,0,0,0,140
AAL,5225,0,0,0,0,0,5225
AALG,248,0,0,0,0,0,248
AAME,11670,0,0,0,0,0,11670
AAMI,2951,0,0,0,0,0,2951
AAOG,38,0,0,0,0,0,38
AAOI,3212,0,0,0,0,0,3212
AAON,8445,0,0,0,0,0,8445
AAOX,72,0,0,0,0,0,72
AAP,6188,0,0,0,0,0,6188
AAPB,979,0,0,0,0,0,979
AAPD,979,0,0,0,0,0,979
AAPG,363,0,0,0,0,0,363
AAPL,11482,0,0,0,0,0,11482
AAPR,568,0,0,0,0,0,568
AAPU,980,0,0,0,0,0,980
AAPW,345,0,0,0,0,0,345
AAPX,622,0,0,0,0,0,622
AAPY,673,0,0,0,0,0,673
AARD,349,0,0,0,0,0,349
AAT,3891,0,0,0,0,0,3891
AAUA,75,0,0,0,0,0,75
AAUC,473,0,0,0,0,0,473
AAUS,240,0,0,0,0,0,240
AAVM,2305,0,0,0,0,0,2305
AAXJ,4499,0,0,0,0,0,4499
AB,9628,0,0,0,0,0,9628
ABAT,2606,0,0,0,0,0,2606
ABBV,3397,0,0,0,0,0,3397
ABCB,8086,0,0,0,0,0,8086
ABCL,1396,0,0,0,0,0,1396
ABCS,636,0,0,0,0,0,636
ABEO,11540,0,0,0,0,0,11540
ABEQ,1622,0,0,0,0,0,1622
ABEV,7380,0,0,0,0,0,7380
ABFL,2455,0,0,0,0,0,2455
ABG,6112,0,0,0,0,0,6112
ABI,258,0,0,0,0,0,258
ABIG,311,0,0,0,0,0,311
ABLD,1142,0,0,0,0,0,1142
ABLG,2260,0,0,0,0,0,2260
ABLS,346,0,0,0,0,0,346
ABLV,957,0,0,0,0,0,957
ABLVW,83,0,0,0,0,0,83
ABM,11670,0,0,0,0,0,11670
ABNB,1397,0,0,0,0,0,1397
ABNG,158,0,0,0,0,0,158
ABOS,1258,0,0,0,0,0,1258
ABOT,1399,0,0,0,0,0,1399
ABR,5596,0,0,0,0,0,5596
ABSI,1244,0,0,0,0,0,1244
ABT,11670,0,0,0,0,0,11670
ABTC,2101,0,0,0,0,0,2101
ABTS,3077,0,0,0,0,0,3077
ABUF,66,0,0,0,0,0,66
ABUS,4766,0,0,0,0,0,4766
ABVC,5446,0,0,0,0,0,5446
ABVX,678,0,0,0,0,0,678
ABX,1459,0,0,0,0,0,1459
ABXB,1399,0,0,0,0,0,1399
ABXL,654,0,0,0,0,0,654
ACA,1925,0,0,0,0,0,1925
ACAA,60,0,0,0,0,0,60
ACAAU,95,0,0,0,0,0,95
ACAD,5561,0,0,0,0,0,5561
ACB,3012,0,0,0,0,0,3012
ACCL,179,0,0,0,0,0,179
ACCO,5253,0,0,0,0,0,5253
ACCS,4642,0,0,0,0,0,4642
ACDC,1039,0,0,0,0,0,1039
ACEI,195,0,0,0,0,0,195
ACEL,2227,0,0,0,0,0,2227
ACEP,153,0,0,0,0,0,153
ACES,2014,0,0,0,0,0,2014
ACET,2121,0,0,0,0,0,2121
ACFN,8660,0,0,0,0,0,8660
ACGC,27,0,0,0,0,0,27
ACGCU,63,0,0,0,0,0,63
ACGCW,27,0,0,0,0,0,27
ACGL,7752,0,0,0,0,0,7752
ACGLN,1278,0,0,0,0,0,1278
ACGLO,2230,0,0,0,0,0,2230
ACGO,23,0,0,0,0,0,23
ACGR,1623,0,0,0,0,0,1623
ACH,11670,0,0,0,0,0,11670
ACHC,8138,0,0,0,0,0,8138
ACHR,1391,0,0,0,0,0,1391
ACHV,7732,0,0,0,0,0,7732
ACHX,5,0,0,0,0,0,5
ACI,1513,0,0,0,0,0,1513
ACIC,4693,0,0,0,0,0,4693
ACII,195,0,0,0,0,0,195
ACIO,1757,0,0,0,0,0,1757
ACIU,2458,0,0,0,0,0,2458
ACIW,7892,0,0,0,0,0,7892
ACKY,207,0,0,0,0,0,207
ACLC,1499,0,0,0,0,0,1499
ACLO,407,0,0,0,0,0,407
ACLS,6535,0,0,0,0,0,6535
ACLZ,9,0,0,0,0,0,9
ACM,4819,0,0,0,0,0,4819
ACMM,9,0,0,0,0,0,9
ACMR,2178,0,0,0,0,0,2178
ACN,6277,0,0,0,0,0,6277
ACNB,8118,0,0,0,0,0,8118
ACNT,11670,0,0,0,0,0,11670
ACOG,411,0,0,0,0,0,411
ACOM,13,0,0,0,0,0,13
ACON,1054,0,0,0,0,0,1054
ACONW,83,0,0,0,0,0,83
ACP,3882,0,0,0,0,0,3882
ACR,5134,0,0,0,0,0,5134
ACRE,3567,0,0,0,0,0,3567
ACRS,2702,0,0,0,0,0,2702
ACRV,911,0,0,0,0,0,911
ACSG,180,0,0,0,0,0,180
ACSI,2427,0,0,0,0,0,2427
ACSV,180,0,0,0,0,0,180
ACT,1205,0,0,0,0,0,1205
ACTG,5925,0,0,0,0,0,5925
ACTS,75,0,0,0,0,0,75
ACTU,475,0,0,0,0,0,475
ACU,11670,0,0,0,0,0,11670
ACV,2797,0,0,0,0,0,2797
ACVA,1327,0,0,0,0,0,1327
ACVF,1426,0,0,0,0,0,1426
ACVT,297,0,0,0,0,0,297
ACVU,682,0,0,0,0,0,682
ACWI,4597,0,0,0,0,0,4597
ACWV,3697,0,0,0,0,0,3697
ACWX,4595,0,0,0,0,0,4595
ACXP,1262,0,0,0,0,0,1262
ACYN,91,0,0,0,0,0,91
ACYQ,9,0,0,0,0,0,9
ACYS,51,0,0,0,0,0,51
AD,9614,0,0,0,0,0,9614
ADAC,102,0,0,0,0,0,102
ADACU,136,0,0,0,0,0,136
ADAG,1357,0,0,0,0,0,1357
ADAM,5522,0,0,0,0,0,5522
ADAMG,369,0,0,0,0,0,369
ADAMH,250,0,0,0,0,0,250
ADAMI,504,0,0,0,0,0,504
ADAML,1259,0,0,0,0,0,1259
ADAMM,1686,0,0,0,0,0,1686
ADAMN,2181,0,0,0,0,0,2181
ADAMO,119,0,0,0,0,0,119
ADAMZ,1160,0,0,0,0,0,1160
ADBE,10050,0,0,0,0,0,10050
ADBG,324,0,0,0,0,0,324
ADBU,71,0,0,0,0,0,71
ADC,8109,0,0,0,0,0,8109
ADCT,1541,0,0,0,0,0,1541
ADDS,27,0,0,0,0,0,27
ADEA,5695,0,0,0,0,0,5695
ADFI,1477,0,0,0,0,0,1477
ADGM,483,0,0,0,0,0,483
ADI,11670,0,0,0,0,0,11670
ADIL,1995,0,0,0,0,0,1995
ADIU,14,0,0,0,0,0,14
ADIV,1324,0,0,0,0,0,1324
ADM,11670,0,0,0,0,0,11670
ADMA,3197,0,0,0,0,0,3197
ADME,2530,0,0,0,0,0,2530
ADNT,2442,0,0,0,0,0,2442
ADP,11670,0,0,0,0,0,11670
ADPT,1765,0,0,0,0,0,1765
ADPV,918,0,0,0,0,0,918
ADSE,1337,0,0,0,0,0,1337
ADSEW,82,0,0,0,0,0,82
ADSK,10333,0,0,0,0,0,10333
ADT,2126,0,0,0,0,0,2126
ADTN,8029,0,0,0,0,0,8029
ADUR,473,0,0,0,0,0,473
ADUS,4196,0,0,0,0,0,4196
ADV,1635,0,0,0,0,0,1635
ADVB,335,0,0,0,0,0,335
ADVE,698,0,0,0,0,0,698
ADX,11670,0,0,0,0,0,11670
ADXN,1607,0,0,0,0,0,1607
AEAQ,112,0,0,0,0,0,112
AEAQU,146,0,0,0,0,0,146
AEBI,254,0,0,0,0,0,254
AEC,3598,0,0,0,0,0,3598
AEE,7170,0,0,0,0,0,7170
AEF,9261,0,0,0,0,0,9261
AEFC,1682,0,0,0,0,0,1682
AEG,10333,0,0,0,0,0,10333
AEHG,7,0,0,0,0,0,7
AEHL,4666,0,0,0,0,0,4666
AEHR,7266,0,0,0,0,0,7266
AEI,1407,0,0,0,0,0,1407
AEIS,7706,0,0,0,0,0,7706
AEM,13456,0,0,0,0,0,13456
AEMD,6877,0,0,0,0,0,6877
AEMS,255,0,0,0,0,0,255
AENT,1327,0,0,0,0,0,1327
AENTW,82,0,0,0,0,0,82
AEO,8110,0,0,0,0,0,8110
AEON,879,0,0,0,0,0,879
AEP,16235,0,0,0,0,0,16235
AER,4934,0,0,0,0,0,4934
AERO,165,0,0,0,0,0,165
AERT,1140,0,0,0,0,0,1140
AERTW,82,0,0,0,0,0,82
AES,8819,0,0,0,0,0,8819
AESI,834,0,0,0,0,0,834
AESPU,23,0,0,0,0,0,23
AESR,1645,0,0,0,0,0,1645
AETH,692,0,0,0,0,0,692
AEVA,1597,0,0,0,0,0,1597
AEXA,194,0,0,0,0,0,194
AEYE,3318,0,0,0,0,0,3318
AFB,6148,0,0,0,0,0,6148
AFBI,2309,0,0,0,0,0,2309
AFCG,1330,0,0,0,0,0,1330
AFG,11670,0,0,0,0,0,11670
AFGB,1573,0,0,0,0,0,1573
AFGC,1623,0,0,0,0,0,1623
AFGD,1529,0,0,0,0,0,1529
AFGE,1455,0,0,0,0,0,1455
AFGR,1496,0,0,0,0,0,1496
AFIF,1949,0,0,0,0,0,1949
AFIX,312,0,0,0,0,0,312
AFJK,616,0,0,0,0,0,616
AFJKU,648,0,0,0,0,0,648
AFK,4523,0,0,0,0,0,4523
AFL,11670,0,0,0,0,0,11670
AFLG,1654,0,0,0,0,0,1654
AFMC,1654,0,0,0,0,0,1654
AFOS,258,0,0,0,0,0,258
AFRI,1359,0,0,0,0,0,1359
AFRIW,83,0,0,0,0,0,83
AFRM,1375,0,0,0,0,0,1375
AFRU,202,0,0,0,0,0,202
AFSC,347,0,0,0,0,0,347
AFSM,1654,0,0,0,0,0,1654
AFYA,1750,0,0,0,0,0,1750
AG,4930,0,0,0,0,0,4930
AGBK,100,0,0,0,0,0,100
AGCC,176,0,0,0,0,0,176
AGCO,8614,0,0,0,0,0,8614
AGD,5016,0,0,0,0,0,5016
AGEM,346,0,0,0,0,0,346
AGEN,6641,0,0,0,0,0,6641
AGG,5728,0,0,0,0,0,5728
AGGA,295,0,0,0,0,0,295
AGGH,1098,0,0,0,0,0,1098
AGGS,545,0,0,0,0,0,545
AGGY,2764,0,0,0,0,0,2764
AGI,5831,0,0,0,0,0,5831
AGIG,6153,0,0,0,0,0,6153
AGIO,3257,0,0,0,0,0,3257
AGIQ,211,0,0,0,0,0,211
AGIX,493,0,0,0,0,0,493
AGL,1312,0,0,0,0,0,1312
AGM,8153,0,0,0,0,0,8153
AGMB,103,0,0,0,0,0,103
AGMH,2065,0,0,0,0,0,2065
AGMI,544,0,0,0,0,0,544
AGNC,4563,0,0,0,0,0,4563
AGNCL,958,0,0,0,0,0,958
AGNCM,1844,0,0,0,0,0,1844
AGNCN,2233,0,0,0,0,0,2233
AGNCO,1701,0,0,0,0,0,1701
AGNCP,1612,0,0,0,0,0,1612
AGNCZ,210,0,0,0,0,0,210
AGNG,2553,0,0,0,0,0,2553
AGNT,2113,0,0,0,0,0,2113
AGO,5585,0,0,0,0,0,5585
AGOX,1295,0,0,0,0,0,1295
AGPU,4069,0,0,0,0,0,4069
AGQ,4422,0,0,0,0,0,4422
AGQI,656,0,0,0,0,0,656
AGRH,1006,0,0,0,0,0,1006
AGRO,3881,0,0,0,0,0,3881
AGRW,320,0,0,0,0,0,320
AGRZ,191,0,0,0,0,0,191
AGX,7770,0,0,0,0,0,7770
AGYS,11670,0,0,0,0,0,11670
AGZ,4438,0,0,0,0,0,4438
AGZD,3154,0,0,0,0,0,3154
AHCO,2035,0,0,0,0,0,2035
AHD,33,0,0,0,0,0,33
AHG,2177,0,0,0,0,0,2177
AHLT,713,0,0,0,0,0,713
AHMA,177,0,0,0,0,0,177
AHR,604,0,0,0,0,0,604
AHRT,3310,0,0,0,0,0,3310
AHT,5751,0,0,0,0,0,5751
AHYB,1160,0,0,0,0,0,1160
AI,1398,0,0,0,0,0,1398
AIA,4684,0,0,0,0,0,4684
AIAI,36,0,0,0,0,0,36
AIB,77,0,0,0,0,0,77
AIBD,536,0,0,0,0,0,536
AIBU,536,0,0,0,0,0,536
AIBZ,19,0,0,0,0,0,19
AIDX,95,0,0,0,0,0,95
AIEQ,2189,0,0,0,0,0,2189
AIFA,2184,0,0,0,0,0,2184
AIFC,8725,0,0,0,0,0,8725
AIFD,543,0,0,0,0,0,543
AIFF,8116,0,0,0,0,0,8116
AIFU,4697,0,0,0,0,0,4697
AIG,13490,0,0,0,0,0,13490
AIHS,2086,0,0,0,0,0,2086
AII,291,0,0,0,0,0,291
AIIA,153,0,0,0,0,0,153
AIIO,1581,0,0,0,0,0,1581
AIIOW,83,0,0,0,0,0,83
AIIR,258,0,0,0,0,0,258
AIM,7543,0,0,0,0,0,7543
AIMD,1378,0,0,0,0,0,1378
AIMDW,83,0,0,0,0,0,83
AIMS,101,0,0,0,0,0,101
AIN,9764,0,0,0,0,0,9764
AINP,393,0,0,0,0,0,393
AINT,103,0,0,0,0,0,103
AIO,1679,0,0,0,0,0,1679
AIOO,255,0,0,0,0,0,255
AIOS,2393,0,0,0,0,0,2393
AIOT,6795,0,0,0,0,0,6795
AIP,1176,0,0,0,0,0,1176
AIPI,523,0,0,0,0,0,523
AIPO,238,0,0,0,0,0,238
AIQ,2045,0,0,0,0,0,2045
AIQD,24,0,0,0,0,0,24
AIQU,24,0,0,0,0,0,24
AIR,11670,0,0,0,0,0,11670
AIRE,677,0,0,0,0,0,677
AIRG,2487,0,0,0,0,0,2487
AIRI,6474,0,0,0,0,0,6474
AIRJ,1110,0,0,0,0,0,1110
AIRJW,83,0,0,0,0,0,83
AIRO,266,0,0,0,0,0,266
AIRR,3099,0,0,0,0,0,3099
AIRS,1174,0,0,0,0,0,1174
AIRT,10632,0,0,0,0,0,10632
AIRTP,1775,0,0,0,0,0,1775
AIS,397,0,0,0,0,0,397
AISP,1295,0,0,0,0,0,1295
AISPW,83,0,0,0,0,0,83
AIT,11670,0,0,0,0,0,11670
AIUP,103,0,0,0,0,0,103
AIV,8042,0,0,0,0,0,8042
AIVC,2596,0,0,0,0,0,2596
AIVI,5044,0,0,0,0,0,5044
AIVL,5044,0,0,0,0,0,5044
AIX,8,0,0,0,0,0,8
AIXC,2775,0,0,0,0,0,2775
AIXI,834,0,0,0,0,0,834
AIYY,652,0,0,0,0,0,652
AIZ,5639,0,0,0,0,0,5639
AIZN,1407,0,0,0,0,0,1407
AJAN,629,0,0,0,0,0,629
AJG,10592,0,0,0,0,0,10592
AJUL,505,0,0,0,0,0,505
AKA,1201,0,0,0,0,0,1201
AKAF,258,0,0,0,0,0,258
AKAM,6710,0,0,0,0,0,6710
AKAN,1081,0,0,0,0,0,1081
AKBA,3092,0,0,0,0,0,3092
AKR,8333,0,0,0,0,0,8333
AKRE,173,0,0,0,0,0,173
AKTS,122,0,0,0,0,0,122
AKTX,3143,0,0,0,0,0,3143
ALAB,575,0,0,0,0,0,575
ALAI,563,0,0,0,0,0,563
ALAR,1980,0,0,0,0,0,1980
ALB,8146,0,0,0,0,0,8146
ALBG,120,0,0,0,0,0,120
ALBT,2080,0,0,0,0,0,2080
ALC,1820,0,0,0,0,0,1820
ALCO,13406,0,0,0,0,0,13406
ALDB,37,0,0,0,0,0,37
ALDF,389,0,0,0,0,0,389
ALDFU,426,0,0,0,0,0,426
ALDFW,82,0,0,0,0,0,82
ALDX,3062,0,0,0,0,0,3062
ALEC,1862,0,0,0,0,0,1862
ALF,483,0,0,0,0,0,483
ALFUU,517,0,0,0,0,0,517
ALFUW,82,0,0,0,0,0,82
ALG,8381,0,0,0,0,0,8381
ALGM,1426,0,0,0,0,0,1426
ALGN,6395,0,0,0,0,0,6395
ALGS,1435,0,0,0,0,0,1435
ALGT,4922,0,0,0,0,0,4922
ALH,185,0,0,0,0,0,185
ALHC,1325,0,0,0,0,0,1325
ALIL,311,0,0,0,0,0,311
ALIS,156,0,0,0,0,0,156
ALISU,176,0,0,0,0,0,176
ALIT,1499,0,0,0,0,0,1499
ALK,11670,0,0,0,0,0,11670
ALKS,8806,0,0,0,0,0,8806
ALKT,1313,0,0,0,0,0,1313
ALL,8329,0,0,0,0,0,8329
ALLE,3175,0,0,0,0,0,3175
ALLO,1942,0,0,0,0,0,1942
ALLR,1138,0,0,0,0,0,1138
ALLT,4937,0,0,0,0,0,4937
ALLW,335,0,0,0,0,0,335
ALLY,3128,0,0,0,0,0,3128
ALM,3283,0,0,0,0,0,3283
ALMR,55,0,0,0,0,0,55
ALMS,506,0,0,0,0,0,506
ALMU,841,0,0,0,0,0,841
ALNT,11519,0,0,0,0,0,11519
ALNY,5559,0,0,0,0,0,5559
ALOT,11280,0,0,0,0,0,11280
ALOV,78,0,0,0,0,0,78
ALOVU,115,0,0,0,0,0,115
ALOY,2496,0,0,0,0,0,2496
ALP,6166,0,0,0,0,0,6166
ALPS,169,0,0,0,0,0,169
ALPXU,8,0,0,0,0,0,8
ALRG,251,0,0,0,0,0,251
ALRM,2772,0,0,0,0,0,2772
ALRS,5861,0,0,0,0,0,5861
ALSN,3597,0,0,0,0,0,3597
ALT,2289,0,0,0,0,0,2289
ALTG,1809,0,0,0,0,0,1809
ALTI,1304,0,0,0,0,0,1304
ALTL,1514,0,0,0,0,0,1514
ALTO,5354,0,0,0,0,0,5354
ALTY,2761,0,0,0,0,0,2761
ALUB,125,0,0,0,0,0,125
ALV,7343,0,0,0,0,0,7343
ALVO,1016,0,0,0,0,0,1016
ALVOW,83,0,0,0,0,0,83
ALX,13456,0,0,0,0,0,13456
ALXO,1499,0,0,0,0,0,1499
ALZN,1270,0,0,0,0,0,1270
AM,2305,0,0,0,0,0,2305
AMA,45,0,0,0,0,0,45
AMAA,7,0,0,0,0,0,7
AMAL,1986,0,0,0,0,0,1986
AMAN,33,0,0,0,0,0,33
AMAT,11670,0,0,0,0,0,11670
AMAU,37,0,0,0,0,0,37
AMAX,1163,0,0,0,0,0,1163
AMBA,3452,0,0,0,0,0,3452
AMBO,2029,0,0,0,0,0,2029
AMBP,1234,0,0,0,0,0,1234
AMBQ,235,0,0,0,0,0,235
AMBR,2144,0,0,0,0,0,2144
AMC,3154,0,0,0,0,0,3154
AMCI,864,0,0,0,0,0,864
AMCR,3555,0,0,0,0,0,3555
AMCX,3785,0,0,0,0,0,3785
AMD,11670,0,0,0,0,0,11670
AMDC,7,0,0,0,0,0,7
AMDD,350,0,0,0,0,0,350
AMDG,363,0,0,0,0,0,363
AMDL,577,0,0,0,0,0,577
AMDW,239,0,0,0,0,0,239
AMDY,701,0,0,0,0,0,701
AME,10572,0,0,0,0,0,10572
AMEI,9,0,0,0,0,0,9
AMEM,9,0,0,0,0,0,9
AMG,7197,0,0,0,0,0,7197
AMGN,10847,0,0,0,0,0,10847
AMGR,9,0,0,0,0,0,9
AMH,3251,0,0,0,0,0,3251
AMHI,8,0,0,0,0,0,8
AMID,974,0,0,0,0,0,974
AMIX,611,0,0,0,0,0,611
AMJB,611,0,0,0,0,0,611
AMKL,43,0,0,0,0,0,43
AMKR,7088,0,0,0,0,0,7088
AMKX,1,0,0,0,0,0,1
AMLP,3989,0,0,0,0,0,3989
AMLX,1126,0,0,0,0,0,1126
AMN,6199,0,0,0,0,0,6199
AMOD,1174,0,0,0,0,0,1174
AMODW,83,0,0,0,0,0,83
AMOM,1791,0,0,0,0,0,1791
AMP,5233,0,0,0,0,0,5233
AMPG,1378,0,0,0,0,0,1378
AMPH,3025,0,0,0,0,0,3025
AMPL,1197,0,0,0,0,0,1197
AMPU,42,0,0,0,0,0,42
AMPX,954,0,0,0,0,0,954
AMPY,3572,0,0,0,0,0,3572
AMR,1358,0,0,0,0,0,1358
AMRC,4013,0,0,0,0,0,4013
AMRN,8372,0,0,0,0,0,8372
AMRX,2052,0,0,0,0,0,2052
AMRZ,261,0,0,0,0,0,261
AMS,10583,0,0,0,0,0,10583
AMSC,8701,0,0,0,0,0,8701
AMSF,5187,0,0,0,0,0,5187
AMSS,32,0,0,0,0,0,32
AMST,1450,0,0,0,0,0,1450
AMT,7132,0,0,0,0,0,7132
AMTB,1937,0,0,0,0,0,1937
AMTD,1739,0,0,0,0,0,1739
AMTM,446,0,0,0,0,0,446
AMTX,5037,0,0,0,0,0,5037
AMUB,2658,0,0,0,0,0,2658
AMUN,177,0,0,0,0,0,177
AMUU,315,0,0,0,0,0,315
AMWL,1456,0,0,0,0,0,1456
AMX,6386,0,0,0,0,0,6386
AMYY,202,0,0,0,0,0,202
AMZA,2956,0,0,0,0,0,2956
AMZD,959,0,0,0,0,0,959
AMZE,1143,0,0,0,0,0,1143
AMZN,7330,0,0,0,0,0,7330
AMZO,72,0,0,0,0,0,72
AMZP,671,0,0,0,0,0,671
AMZU,960,0,0,0,0,0,960
AMZW,263,0,0,0,0,0,263
AMZY,740,0,0,0,0,0,740
AMZZ,577,0,0,0,0,0,577
AN,9103,0,0,0,0,0,9103
ANAB,2373,0,0,0,0,0,2373
ANDE,7643,0,0,0,0,0,7643
ANDG,137,0,0,0,0,0,137
ANEL,210,0,0,0,0,0,210
ANET,3038,0,0,0,0,0,3038
ANEW,1435,0,0,0,0,0,1435
ANF,7490,0,0,0,0,0,7490
ANGH,1474,0,0,0,0,0,1474
ANGHW,83,0,0,0,0,0,83
ANGI,3677,0,0,0,0,0,3677
ANGL,3579,0,0,0,0,0,3579
ANGO,5559,0,0,0,0,0,5559
ANGX,205,0,0,0,0,0,205
ANIK,8351,0,0,0,0,0,8351
ANIP,6580,0,0,0,0,0,6580
ANIX,10769,0,0,0,0,0,10769
ANL,693,0,0,0,0,0,693
ANNA,1096,0,0,0,0,0,1096
ANNAW,83,0,0,0,0,0,83
ANNX,1494,0,0,0,0,0,1494
ANPA,251,0,0,0,0,0,251
ANRO,607,0,0,0,0,0,607
ANSC,628,0,0,0,0,0,628
ANSCU,664,0,0,0,0,0,664
ANSCW,83,0,0,0,0,0,83
ANTA,288,0,0,0,0,0,288
ANTX,1073,0,0,0,0,0,1073
ANV,105,0,0,0,0,0,105
ANVS,1617,0,0,0,0,0,1617
ANY,3244,0,0,0,0,0,3244
AOA,4438,0,0,0,0,0,4438
AOCT,441,0,0,0,0,0,441
AOD,4832,0,0,0,0,0,4832
AOHY,596,0,0,0,0,0,596
AOK,4432,0,0,0,0,0,4432
AOM,4438,0,0,0,0,0,4438
AOMD,279,0,0,0,0,0,279
AOMN,483,0,0,0,0,0,483
AOMR,1268,0,0,0,0,0,1268
AON,11617,0,0,0,0,0,11617
AOR,4432,0,0,0,0,0,4432
AORT,8405,0,0,0,0,0,8405
AOS,10774,0,0,0,0,0,10774
AOSL,4071,0,0,0,0,0,4071
AOTG,1008,0,0,0,0,0,1008
AOTS,133,0,0,0,0,0,133
AOUT,1474,0,0,0,0,0,1474
AP,13456,0,0,0,0,0,13456
APA,11882,0,0,0,0,0,11882
APAC,154,0,0,0,0,0,154
APACU,192,0,0,0,0,0,192
APAM,3353,0,0,0,0,0,3353
APC,99,0,0,0,0,0,99
APCB,796,0,0,0,0,0,796
APD,11670,0,0,0,0,0,11670
APDB,42,0,0,0,0,0,42
APEI,4691,0,0,0,0,0,4691
APG,1554,0,0,0,0,0,1554
APGE,747,0,0,0,0,0,747
APH,8724,0,0,0,0,0,8724
APHG,14,0,0,0,0,0,14
APHU,96,0,0,0,0,0,96
API,1513,0,0,0,0,0,1513
APIE,796,0,0,0,0,0,796
APLD,1060,0,0,0,0,0,1060
APLE,2800,0,0,0,0,0,2800
APLM,1155,0,0,0,0,0,1155
APLMW,818,0,0,0,0,0,818
APLU,395,0,0,0,0,0,395
APLX,207,0,0,0,0,0,207
APLY,807,0,0,0,0,0,807
APLZ,114,0,0,0,0,0,114
APM,1896,0,0,0,0,0,1896
APMC,6,0,0,0,0,0,6
APMCU,23,0,0,0,0,0,23
APMU,796,0,0,0,0,0,796
APO,3839,0,0,0,0,0,3839
APOC,441,0,0,0,0,0,441
APOG,13406,0,0,0,0,0,13406
APOS,715,0,0,0,0,0,715
APP,1312,0,0,0,0,0,1312
APPC,7,0,0,0,0,0,7
APPF,2772,0,0,0,0,0,2772
APPN,2290,0,0,0,0,0,2290
APPS,5031,0,0,0,0,0,5031
APPX,300,0,0,0,0,0,300
APRB,182,0,0,0,0,0,182
APRE,1697,0,0,0,0,0,1697
APRH,817,0,0,0,0,0,817
APRJ,817,0,0,0,0,0,817
APRP,568,0,0,0,0,0,568
APRT,1529,0,0,0,0,0,1529
APRW,1532,0,0,0,0,0,1532
APRZ,1321,0,0,0,0,0,1321
APT,6889,0,0,0,0,0,6889
APTV,3677,0,0,0,0,0,3677
APUE,796,0,0,0,0,0,796
APUR,31,0,0,0,0,0,31
APUS,290,0,0,0,0,0,290
APVO,2504,0,0,0,0,0,2504
APWC,5781,0,0,0,0,0,5781
APXM,304,0,0,0,0,0,304
APXT,158,0,0,0,0,0,158
APXTU,172,0,0,0,0,0,172
APXTW,83,0,0,0,0,0,83
APYX,1887,0,0,0,0,0,1887
AQB,2383,0,0,0,0,0,2383
AQEC,157,0,0,0,0,0,157
AQLG,20,0,0,0,0,0,20
AQLT,390,0,0,0,0,0,390
AQMS,2748,0,0,0,0,0,2748
AQN,4154,0,0,0,0,0,4154
AQNB,1787,0,0,0,0,0,1787
AQST,1997,0,0,0,0,0,1997
AQWA,1315,0,0,0,0,0,1315
AR,3202,0,0,0,0,0,3202
ARAI,286,0,0,0,0,0,286
ARAY,4882,0,0,0,0,0,4882
ARB,1546,0,0,0,0,0,1546
ARBB,815,0,0,0,0,0,815
ARBE,1425,0,0,0,0,0,1425
ARBEW,83,0,0,0,0,0,83
ARBK,1200,0,0,0,0,0,1200
ARCB,8596,0,0,0,0,0,8596
ARCC,5472,0,0,0,0,0,5472
ARCI,78,0,0,0,0,0,78
ARCIU,113,0,0,0,0,0,113
ARCL,26,0,0,0,0,0,26
ARCLR,26,0,0,0,0,0,26
ARCLU,46,0,0,0,0,0,46
ARCM,2328,0,0,0,0,0,2328
ARCO,3828,0,0,0,0,0,3828
ARCT,3300,0,0,0,0,0,3300
ARCX,269,0,0,0,0,0,269
ARDC,3420,0,0,0,0,0,3420
ARDT,493,0,0,0,0,0,493
ARDX,3029,0,0,0,0,0,3029
ARE,7322,0,0,0,0,0,7322
AREC,2265,0,0,0,0,0,2265
AREN,4638,0,0,0,0,0,4638
ARES,3062,0,0,0,0,0,3062
ARGT,3858,0,0,0,0,0,3858
ARGX,2295,0,0,0,0,0,2295
ARHS,1170,0,0,0,0,0,1170
ARI,4220,0,0,0,0,0,4220
ARIS,3958,0,0,0,0,0,3958
ARKB,622,0,0,0,0,0,622
ARKD,127,0,0,0,0,0,127
ARKE,4,0,0,0,0,0,4
ARKF,1865,0,0,0,0,0,1865
ARKG,2935,0,0,0,0,0,2935
ARKI,66,0,0,0,0,0,66
ARKK,2935,0,0,0,0,0,2935
ARKO,1748,0,0,0,0,0,1748
ARKQ,2958,0,0,0,0,0,2958
ARKR,10217,0,0,0,0,0,10217
ARKT,191,0,0,0,0,0,191
ARKW,2958,0,0,0,0,0,2958
ARKX,1323,0,0,0,0,0,1323
ARL,11141,0,0,0,0,0,11141
ARLI,66,0,0,0,0,0,66
ARLO,1990,0,0,0,0,0,1990
ARLP,6762,0,0,0,0,0,6762
ARLU,568,0,0,0,0,0,568
ARM,704,0,0,0,0,0,704
ARMA,5,0,0,0,0,0,5
ARMG,370,0,0,0,0,0,370
ARMH,326,0,0,0,0,0,326
ARMK,3158,0,0,0,0,0,3158
ARMP,8085,0,0,0,0,0,8085
ARMW,175,0,0,0,0,0,175
ARMY,195,0,0,0,0,0,195
AROC,4748,0,0,0,0,0,4748
AROW,11541,0,0,0,0,0,11541
ARP,885,0,0,0,0,0,885
ARQ,5648,0,0,0,0,0,5648
ARQQ,1321,0,0,0,0,0,1321
ARQQW,984,0,0,0,0,0,984
ARQT,1615,0,0,0,0,0,1615
ARR,4676,0,0,0,0,0,4676
ARRY,1436,0,0,0,0,0,1436
ARTC,89,0,0,0,0,0,89
ARTCU,125,0,0,0,0,0,125
ARTL,1769,0,0,0,0,0,1769
ARTNA,8101,0,0,0,0,0,8101
ARTV,492,0,0,0,0,0,492
ARTW,11670,0,0,0,0,0,11670
ARTY,2015,0,0,0,0,0,2015
ARVN,1952,0,0,0,0,0,1952
ARVR,1056,0,0,0,0,0,1056
ARW,11670,0,0,0,0,0,11670
ARWG,129,0,0,0,0,0,129
ARWR,8192,0,0,0,0,0,8192
ARX,239,0,0,0,0,0,239
ARXS,56,0,0,0,0,0,56
AS,608,0,0,0,0,0,608
ASA,12227,0,0,0,0,0,12227
ASAN,1447,0,0,0,0,0,1447
ASB,11670,0,0,0,0,0,11670
ASBA,838,0,0,0,0,0,838
ASBP,1062,0,0,0,0,0,1062
ASBPW,83,0,0,0,0,0,83
ASC,3251,0,0,0,0,0,3251
ASCE,251,0,0,0,0,0,251
ASCI,178,0,0,0,0,0,178
ASD,24,0,0,0,0,0,24
ASEA,3867,0,0,0,0,0,3867
ASEC,27,0,0,0,0,0,27
ASG,10161,0,0,0,0,0,10161
ASGI,1491,0,0,0,0,0,1491
ASGM,231,0,0,0,0,0,231
ASH,11670,0,0,0,0,0,11670
ASHR,3183,0,0,0,0,0,3183
ASHS,3049,0,0,0,0,0,3049
ASIA,697,0,0,0,0,0,697
ASIC,268,0,0,0,0,0,268
ASIX,2464,0,0,0,0,0,2464
ASLE,1848,0,0,0,0,0,1848
ASLV,320,0,0,0,0,0,320
ASM,5186,0,0,0,0,0,5186
ASMB,3909,0,0,0,0,0,3909
ASMF,535,0,0,0,0,0,535
ASMG,370,0,0,0,0,0,370
ASMH,326,0,0,0,0,0,326
ASML,7879,0,0,0,0,0,7879
ASMU,100,0,0,0,0,0,100
ASMZ,5,0,0,0,0,0,5
ASND,2876,0,0,0,0,0,2876
ASO,1445,0,0,0,0,0,1445
ASPC,376,0,0,0,0,0,376
ASPCU,412,0,0,0,0,0,412
ASPI,914,0,0,0,0,0,914
ASPN,3033,0,0,0,0,0,3033
ASPS,4254,0,0,0,0,0,4254
ASPSW,83,0,0,0,0,0,83
ASPSZ,83,0,0,0,0,0,83
ASR,6479,0,0,0,0,0,6479
ASRV,10437,0,0,0,0,0,10437
ASST,857,0,0,0,0,0,857
ASTC,7683,0,0,0,0,0,7683
ASTE,10089,0,0,0,0,0,10089
ASTG,10,0,0,0,0,0,10
ASTH,4357,0,0,0,0,0,4357
ASTI,969,0,0,0,0,0,969
ASTL,1341,0,0,0,0,0,1341
ASTLW,82,0,0,0,0,0,82
ASTN,103,0,0,0,0,0,103
ASTS,1676,0,0,0,0,0,1676
ASTT,7,0,0,0,0,0,7
ASTX,248,0,0,0,0,0,248
ASTY,31,0,0,0,0,0,31
ASUP,31,0,0,0,0,0,31
ASUR,8621,0,0,0,0,0,8621
ASX,6477,0,0,0,0,0,6477
ASYS,10811,0,0,0,0,0,10811
ATAI,1267,0,0,0,0,0,1267
ATAT,913,0,0,0,0,0,913
ATC,37,0,0,0,0,0,37
ATCH,1337,0,0,0,0,0,1337
ATCL,96,0,0,0,0,0,96
ATCX,122,0,0,0,0,0,122
ATEC,5048,0,0,0,0,0,5048
ATEN,3091,0,0,0,0,0,3091
ATER,1776,0,0,0,0,0,1776
ATEX,2872,0,0,0,0,0,2872
ATFV,1299,0,0,0,0,0,1299
ATGL,671,0,0,0,0,0,671
ATHE,5728,0,0,0,0,0,5728
ATHM,3159,0,0,0,0,0,3159
ATHR,310,0,0,0,0,0,310
ATHS,578,0,0,0,0,0,578
ATI,6690,0,0,0,0,0,6690
ATII,315,0,0,0,0,0,315
ATIIU,351,0,0,0,0,0,351
ATIIW,83,0,0,0,0,0,83
ATKR,2531,0,0,0,0,0,2531
ATLC,6842,0,0,0,0,0,6842
ATLCL,1157,0,0,0,0,0,1157
ATLCP,1271,0,0,0,0,0,1271
ATLCZ,609,0,0,0,0,0,609
ATLO,6636,0,0,0,0,0,6636
ATLX,3358,0,15,0,0,15,3343
ATMP,3349,0,0,0,0,0,3349
ATMU,779,0,0,0,0,0,779
ATNI,8720,0,0,0,0,0,8720
ATNM,3400,0,0,0,0,0,3400
ATO,10713,0,0,0,0,0,10713
ATOM,2491,0,0,0,0,0,2491
ATOS,3433,0,0,0,0,0,3433
ATPC,707,0,0,0,0,0,707
ATR,8357,0,0,0,0,0,8357
ATRA,2946,0,0,0,0,0,2946
ATRC,5261,0,0,0,0,0,5261
ATRO,11670,0,0,0,0,0,11670
ATS,4154,0,0,0,0,0,4154
ATTR,172,0,0,0,0,0,172
ATXG,2095,0,0,0,0,0,2095
ATYR,2807,0,0,0,0,0,2807
AU,7022,0,0,0,0,0,7022
AUAU,141,0,0,0,0,0,141
AUB,8242,0,0,0,0,0,8242
AUBN,7781,0,0,0,0,0,7781
AUC,1803,0,0,0,0,0,1803
AUDC,6817,0,0,0,0,0,6817
AUGM,471,0,0,0,0,0,471
AUGO,245,0,0,0,0,0,245
AUGP,539,0,0,0,0,0,539
AUGT,735,0,0,0,0,0,735
AUGU,483,0,0,0,0,0,483
AUGW,735,0,0,0,0,0,735
AUGZ,1488,0,0,0,0,0,1488
AUID,1271,0,0,0,0,0,1271
AUMI,641,0,0,0,0,0,641
AUNA,573,0,0,0,0,0,573
AUPH,2977,0,0,0,0,0,2977
AUR,1295,0,0,0,0,0,1295
AURA,1174,0,0,0,0,0,1174
AURE,752,0,0,0,0,0,752
AUROW,83,0,0,0,0,0,83
AUSF,1973,0,0,0,0,0,1973
AUSM,251,0,0,0,0,0,251
AUST,1046,0,0,0,0,0,1046
AUTL,2019,0,0,0,0,0,2019
AUUD,1352,0,0,0,0,0,1352
AV,42,0,0,0,0,0,42
AVA,13456,0,0,0,0,0,13456
AVAH,1303,0,0,0,0,0,1303
AVAL,2963,0,0,0,0,0,2963
AVAT,357,0,0,0,0,0,357
AVAV,4894,0,0,0,0,0,4894
AVAZ,35,0,0,0,0,0,35
AVB,8133,0,0,0,0,0,8133
AVBC,233,0,0,0,0,0,233
AVBH,5532,0,0,0,0,0,5532
AVBP,612,0,0,0,0,0,612
AVD,9911,0,0,0,0,0,9911
AVDE,1702,0,0,0,0,0,1702
AVDS,743,0,0,0,0,0,743
AVDV,1702,0,0,0,0,0,1702
AVEE,664,0,0,0,0,0,664
AVEM,1707,0,0,0,0,0,1707
AVES,1195,0,0,0,0,0,1195
AVEX,55,0,0,0,0,0,55
AVGB,305,0,0,0,0,0,305
AVGC,5,0,0,0,0,0,5
AVGE,944,0,0,0,0,0,944
AVGG,285,0,0,0,0,0,285
AVGO,4254,0,0,0,0,0,4254
AVGU,246,0,0,0,0,0,246
AVGV,757,0,0,0,0,0,757
AVGW,239,0,0,0,0,0,239
AVGX,468,0,0,0,0,0,468
AVIE,944,0,0,0,0,0,944
AVIG,1436,0,0,0,0,0,1436
AVIR,1425,0,0,0,0,0,1425
AVIV,1195,0,0,0,0,0,1195
AVK,5833,0,0,0,0,0,5833
AVL,434,0,0,0,0,0,434
AVLC,694,0,0,0,0,0,694
AVLN,46,0,0,0,0,0,46
AVLV,1200,0,0,0,0,0,1200
AVMA,757,0,0,0,0,0,757
AVMC,664,0,0,0,0,0,664
AVMU,1397,0,0,0,0,0,1397
AVMV,664,0,0,0,0,0,664
AVNM,757,0,0,0,0,0,757
AVNS,2943,0,0,0,0,0,2943
AVNT,6744,0,0,0,0,0,6744
AVNV,757,0,0,0,0,0,757
AVNW,9857,0,0,0,0,0,9857
AVO,1445,0,0,0,0,0,1445
AVOS,84,0,0,0,0,0,84
AVPT,1674,0,0,0,0,0,1674
AVR,389,0,0,0,0,0,389
AVRE,1195,0,0,0,0,0,1195
AVRY,114,0,0,0,0,0,114
AVS,434,0,0,0,0,0,434
AVSC,1122,0,0,0,0,0,1122
AVSD,1079,0,0,0,0,0,1079
AVSE,1070,0,0,0,0,0,1070
AVSF,1436,0,0,0,0,0,1436
AVSU,1079,0,0,0,0,0,1079
AVT,13406,0,0,0,0,0,13406
AVTM,107,0,0,0,0,0,107
AVTR,1793,0,0,0,0,0,1793
AVTX,2696,0,0,0,0,0,2696
AVUQ,315,0,0,0,0,0,315
AVUS,1702,0,0,0,0,0,1702
AVUV,1702,0,0,0,0,0,1702
AVX,1254,0,0,0,0,0,1254
AVXC,574,0,0,0,0,0,574
AVXL,5012,0,0,0,0,0,5012
AVXX,174,0,0,0,0,0,174
AVY,13456,0,0,0,0,0,13456
AWAY,1606,0,0,0,0,0,1606
AWF,8292,0,0,0,0,0,8292
AWI,4958,0,0,0,0,0,4958
AWK,4579,0,0,0,0,0,4579
AWP,4829,0,0,0,0,0,4829
AWR,13456,0,0,0,0,0,13456
AWRE,7523,0,0,0,0,0,7523
AWX,7052,0,0,0,0,0,7052
AX,5360,0,0,0,0,0,5360
AXG,709,0,0,0,0,0,709
AXGN,9962,0,0,0,0,0,9962
AXIA,4432,0,0,0,0,0,4432
AXIL,599,0,0,0,0,0,599
AXIN,233,0,0,0,0,0,233
AXINU,263,0,0,0,0,0,263
AXON,6298,0,0,0,0,0,6298
AXP,13636,0,0,0,0,0,13636
AXPG,95,0,0,0,0,0,95
AXR,13406,0,0,0,0,0,13406
AXS,5790,0,0,0,0,0,5790
AXSM,2670,0,0,0,0,0,2670
AXTA,2927,0,0,0,0,0,2927
AXTI,7074,0,0,0,0,0,7074
AXTL,14,0,0,0,0,0,14
AXTU,43,0,0,0,0,0,43
AXTX,50,0,0,0,0,0,50
AYA,4074,0,0,0,0,0,4074
AYI,6186,0,0,0,0,0,6186
AYTU,4471,0,0,0,0,0,4471
AZ,1378,0,0,0,0,0,1378
AZI,464,0,0,0,0,0,464
AZN,8344,0,0,0,0,0,8344
AZO,8879,0,0,0,0,0,8879
AZTA,7907,0,0,0,0,0,7907
AZTD,971,0,0,0,0,0,971
AZTR,765,0,0,0,0,0,765
AZUL,27,0,0,0,0,0,27
AZYY,202,0,0,0,0,0,202
AZZ,11670,0,0,0,0,0,11670
B,10427,0,0,0,0,0,10427
BA,16235,0,0,0,0,0,16235
BAB,4182,0,0,0,0,0,4182
BABA,2965,0,0,0,0,0,2965
BABO,478,0,0,0,0,0,478
BABU,99,0,0,0,0,0,99
BABW,175,0,0,0,0,0,175
BABX,892,0,0,0,0,0,892
BAC,13456,0,0,0,0,0,13456
BACC,232,0,0,0,0,0,232
BACCU,266,0,0,0,0,0,266
BAER,1332,0,0,0,0,0,1332
BAERW,83,0,0,0,0,0,83
BAFE,406,0,0,0,0,0,406
BAFN,1378,0,0,0,0,0,1378
BAGY,296,0,0,0,0,0,296
BAH,3929,0,0,0,0,0,3929
BAI,426,0,0,0,0,0,426
BAIG,219,0,0,0,0,0,219
BAIV,90,0,0,0,0,0,90
BAK,6911,0,0,0,0,0,6911
BALI,694,0,0,0,0,0,694
BALL,13456,0,0,0,0,0,13456
BALQ,147,0,0,0,0,0,147
BALT,1258,0,0,0,0,0,1258
BALY,394,0,0,0,0,0,394
BAM,900,0,0,0,0,0,900
BAMA,691,0,0,0,0,0,691
BAMB,694,0,0,0,0,0,694
BAMD,693,0,0,0,0,0,693
BAMG,694,0,0,0,0,0,694
BAMO,691,0,0,0,0,0,691
BAMU,694,0,0,0,0,0,694
BAMV,692,0,0,0,0,0,692
BAMY,691,0,0,0,0,0,691
BANC,6004,0,0,0,0,0,6004
BAND,2173,0,0,0,0,0,2173
BANF,9136,0,0,0,0,0,9136
BANFP,5612,0,0,0,0,0,5612
BANL,824,0,0,0,0,0,824
BANR,7718,0,0,0,0,0,7718
BANX,3182,0,0,0,0,0,3182
BAOS,1358,0,0,0,0,0,1358
BAP,7723,0,0,0,0,0,7723
BAPR,1826,0,0,0,0,0,1826
BAR,2221,0,0,0,0,0,2221
BARK,1391,0,0,0,0,0,1391
BASG,265,0,0,0,0,0,265
BASV,265,0,0,0,0,0,265
BATL,1640,0,0,0,0,0,1640
BATRA,2569,0,0,0,0,0,2569
BATRK,2569,0,0,0,0,0,2569
BATT,2031,0,0,0,0,0,2031
BAUG,1738,0,0,0,0,0,1738
BAVA,57,0,0,0,0,0,57
BAX,11262,0,0,0,0,0,11262
BAY,42,0,0,0,0,0,42
BB,6896,0,0,0,0,0,6896
BBAG,1898,0,0,0,0,0,1898
BBAI,1320,0,0,0,0,0,1320
BBAR,8207,0,0,0,0,0,8207
BBAX,1986,0,0,0,0,0,1986
BBB,386,0,0,0,0,0,386
BBBI,613,0,0,0,0,0,613
BBBL,613,0,0,0,0,0,613
BBBS,613,0,0,0,0,0,613
BBBY,6064,0,0,0,0,0,6064
BBC,2903,0,0,0,0,0,2903
BBCA,1986,0,0,0,0,0,1986
BBCB,1897,0,0,0,0,0,1897
BBCP,2230,0,0,0,0,0,2230
BBCQ,110,0,0,0,0,0,110
BBCQU,123,0,0,0,0,0,123
BBCQW,110,0,0,0,0,0,110
BBD,6019,0,0,0,0,0,6019
BBDC,4873,0,0,0,0,0,4873
BBDO,3599,0,0,0,0,0,3599
BBEM,790,0,0,0,0,0,790
BBEU,2023,0,0,0,0,0,2023
BBGI,6638,0,0,0,0,0,6638
BBH,6693,0,0,0,0,0,6693
BBHL,158,0,0,0,0,0,158
BBHM,158,0,0,0,0,0,158
BBHY,2464,0,0,0,0,0,2464
BBIB,805,0,0,0,0,0,805
BBIN,1651,0,0,0,0,0,1651
BBIO,1765,0,0,0,0,0,1765
BBJP,2023,0,0,0,0,0,2023
BBLB,805,0,0,0,0,0,805
BBLG,1186,0,0,0,0,0,1186
BBLGW,1186,0,0,0,0,0,1186
BBLU,932,0,0,0,0,0,932
BBMC,1564,0,0,0,0,0,1564
BBN,3986,0,0,0,0,0,3986
BBNX,359,0,0,0,0,0,359
BBOT,602,0,0,0,0,0,602
BBP,2903,0,0,0,0,0,2903
BBRE,2023,0,0,0,0,0,2023
BBSB,805,0,0,0,0,0,805
BBSC,1403,0,0,0,0,0,1403
BBSI,8323,0,0,0,0,0,8323
BBT,6543,0,0,0,0,0,6543
BBUC,1087,0,0,0,0,0,1087
BBUS,1839,0,0,0,0,0,1839
BBVA,9457,0,0,0,0,0,9457
BBW,5455,0,0,0,0,0,5455
BBWI,11154,0,0,0,0,0,11154
BBY,10383,0,0,0,0,0,10383
BBYY,176,0,0,0,0,0,176
BC,11217,0,0,0,0,0,11217
BCAB,1393,0,0,0,0,0,1393
BCAL,5193,0,0,0,0,0,5193
BCAR,220,0,0,0,0,0,220
BCARU,234,0,0,0,0,0,234
BCARW,83,0,0,0,0,0,83
BCAT,1450,0,0,0,0,0,1450
BCAX,453,0,0,0,0,0,453
BCBP,5716,0,0,0,0,0,5716
BCC,3373,0,0,0,0,0,3373
BCCC,273,0,0,0,0,0,273
BCD,2328,0,0,0,0,0,2328
BCDA,7456,0,0,0,0,0,7456
BCDF,985,0,0,0,0,0,985
BCE,10996,0,0,0,0,0,10996
BCEM,61,0,0,0,0,0,61
BCFN,139,0,0,0,0,0,139
BCG,570,0,0,0,0,0,570
BCGD,139,0,0,0,0,0,139
BCGS,81,0,0,0,0,0,81
BCGWW,82,0,0,0,0,0,82
BCH,6019,0,0,0,0,0,6019
BCHI,349,0,0,0,0,0,349
BCHP,748,0,0,0,0,0,748
BCHT,3580,0,0,0,0,0,3580
BCI,2328,0,0,0,0,0,2328
BCIC,4920,0,0,0,0,0,4920
BCIL,574,0,0,0,0,0,574
BCKT,196,0,0,0,0,0,196
BCLO,359,0,0,0,0,0,359
BCML,5193,0,0,0,0,0,5193
BCO,7676,0,0,0,0,0,7676
BCOR,297,0,0,0,0,0,297
BCPC,10100,0,0,0,0,0,10100
BCPL,121,0,0,0,0,0,121
BCRX,8138,0,0,0,0,0,8138
BCS,10032,0,0,0,0,0,10032
BCSF,1917,0,0,0,0,0,1917
BCSM,139,0,0,0,0,0,139
BCSS,155,0,0,0,0,0,155
BCTK,139,0,0,0,0,0,139
BCTX,3598,0,0,0,0,0,3598
BCTXZ,83,0,0,0,0,0,83
BCUS,635,0,0,0,0,0,635
BCV,11670,0,0,0,0,0,11670
BCX,3840,0,0,0,0,0,3840
BCYC,1789,0,0,0,0,0,1789
BD,10,0,0,0,0,0,10
BDBT,261,0,0,0,0,0,261
BDC,8207,0,0,0,0,0,8207
BDCI,180,0,0,0,0,0,180
BDCIU,192,0,0,0,0,0,192
BDCIW,82,0,0,0,0,0,82
BDCX,1524,0,0,0,0,0,1524
BDCZ,2698,0,0,0,0,0,2698
BDEC,1656,0,0,0,0,0,1656
BDGS,790,0,0,0,0,0,790
BDIV,483,0,0,0,0,0,483
BDJ,5244,0,0,0,0,0,5244
BDL,13456,0,0,0,0,0,13456
BDMD,1141,0,0,0,0,0,1141
BDMDW,82,0,0,0,0,0,82
BDN,10064,0,0,0,0,0,10064
BDRX,2659,0,0,0,0,0,2659
BDRY,2083,0,0,0,0,0,2083
BDSX,1427,0,0,0,0,0,1427
BDTX,1615,0,0,0,0,0,1615
BDVG,756,0,0,0,0,0,756
BDVL,203,0,0,0,0,0,203
BDX,13456,0,0,0,0,0,13456
BDYN,203,0,0,0,0,0,203
BE,1997,0,0,0,0,0,1997
BEAG,388,0,0,0,0,0,388
BEAGU,424,0,0,0,0,0,424
BEAM,1611,0,0,0,0,0,1611
BEAT,1165,0,0,0,0,0,1165
BEATW,83,0,0,0,0,0,83
BEBE,103,0,0,0,0,0,103
BEC,5,0,0,0,0,0,5
BEDY,143,0,0,0,0,0,143
BEDZ,1308,0,0,0,0,0,1308
BEEM,4069,0,0,0,0,0,4069
BEEP,716,0,0,0,0,0,716
BEEX,388,0,0,0,0,0,388
BEEZ,665,0,0,0,0,0,665
BEG,138,0,0,0,0,0,138
BEGS,353,0,0,0,0,0,353
BEKE,1480,0,0,0,0,0,1480
BELFA,10728,0,0,0,0,0,10728
BELFB,7040,0,0,0,0,0,7040
BELT,513,0,0,0,0,0,513
BEMB,843,0,0,0,0,0,843
BEN,10779,0,0,0,0,0,10779
BENF,1150,0,0,0,0,0,1150
BENFW,83,0,0,0,0,0,83
BENJ,364,0,0,0,0,0,364
BEP,5190,0,0,0,0,0,5190
BEPC,1494,0,0,0,0,0,1494
BEPH,1311,0,0,0,0,0,1311
BEPI,1143,0,0,0,0,0,1143
BEPJ,570,0,0,0,0,0,570
BERZ,1225,0,0,0,0,0,1225
BESF,273,0,0,0,0,0,273
BESO,52,0,0,0,0,0,52
BESS,5621,0,0,0,0,0,5621
BETA,167,0,0,0,0,0,167
BETE,692,0,0,0,0,0,692
BETH,692,0,0,0,0,0,692
BETR,1301,0,0,0,0,0,1301
BETRW,83,0,0,0,0,0,83
BETZ,1529,0,0,0,0,0,1529
BEX,160,0,0,0,0,0,160
BEZ,100,0,0,0,0,0,100
BFAM,3381,0,0,0,0,0,3381
BFAP,314,0,0,0,0,0,314
BFC,5716,0,0,0,0,0,5716
BFEB,1614,0,0,0,0,0,1614
BFEW,62,0,0,0,0,0,62
BFH,6300,0,0,0,0,0,6300
BFIX,1103,0,0,0,0,0,1103
BFJA,120,0,0,0,0,0,120
BFJL,255,0,0,0,0,0,255
BFLB,186,0,0,0,0,0,186
BFLX,32,0,0,0,0,0,32
BFLY,1503,0,0,0,0,0,1503
BFOC,190,0,0,0,0,0,190
BFOR,3292,0,0,0,0,0,3292
BFRG,851,0,0,0,0,0,851
BFRGW,83,0,0,0,0,0,83
BFRI,1174,0,0,0,0,0,1174
BFRIW,83,0,0,0,0,0,83
BFRZ,288,0,0,0,0,0,288
BFS,8275,0,0,0,0,0,8275
BFST,2062,0,0,0,0,0,2062
BFXU,62,0,0,0,0,0,62
BG,6267,0,0,0,0,0,6267
BGB,3462,0,0,0,0,0,3462
BGC,6681,0,0,0,0,0,6681
BGCG,25,0,0,0,0,0,25
BGDE,3613,0,0,0,0,0,3613
BGDV,390,0,0,0,0,0,390
BGEG,23,0,0,0,0,0,23
BGGG,25,0,0,0,0,0,25
BGH,3440,0,0,0,0,0,3440
BGI,5190,0,0,0,0,0,5190
BGIA,23,0,0,0,0,0,23
BGIG,703,0,0,0,0,0,703
BGIN,177,0,0,0,0,0,177
BGL,258,0,0,0,0,0,258
BGLC,1378,0,0,0,0,0,1378
BGLD,1370,0,0,0,0,0,1370
BGLWW,83,0,0,0,0,0,83
BGM,1376,0,0,0,0,0,1376
BGMS,5612,0,0,0,0,0,5612
BGR,5416,0,0,0,0,0,5416
BGRN,1910,0,0,0,0,0,1910
BGRO,522,0,0,0,0,0,522
BGS,4810,0,0,0,0,0,4810
BGSF,3065,0,0,0,0,0,3065
BGSI,168,0,0,0,0,0,168
BGT,5497,0,0,0,0,0,5497
BGX,3882,0,0,0,0,0,3882
BGY,4808,0,0,0,0,0,4808
BH,11670,0,0,0,0,0,11670
BHAV,56,0,0,0,0,0,56
BHAVU,75,0,0,0,0,0,75
BHB,7240,0,0,0,0,0,7240
BHC,8121,0,0,0,0,0,8121
BHDG,75,0,0,0,0,0,75
BHE,9071,0,0,0,0,0,9071
BHF,2255,0,0,0,0,0,2255
BHFAL,1961,0,0,0,0,0,1961
BHFAM,1165,0,0,0,0,0,1165
BHFAN,1417,0,0,0,0,0,1417
BHFAO,1540,0,0,0,0,0,1540
BHFAP,1836,0,0,0,0,0,1836
BHK,6189,0,0,0,0,0,6189
BHM,945,0,0,0,0,0,945
BHP,11670,0,0,0,0,0,11670
BHR,3183,0,0,0,0,0,3183
BHRB,5722,0,0,0,0,0,5722
BHST,1378,0,0,0,0,0,1378
BHV,6087,0,0,0,0,0,6087
BHVN,948,0,0,0,0,0,948
BHYB,672,0,0,0,0,0,672
BHYP,35,0,0,0,0,0,35
BIAF,963,0,0,0,0,0,963
BIAFW,82,0,0,0,0,0,82
BIB,4085,0,0,0,0,0,4085
BIBL,2180,0,0,0,0,0,2180
BIDD,407,0,0,0,0,0,407
BIDG,136,0,0,0,0,0,136
BIDU,5261,0,0,0,0,0,5261
BIDWU,26,0,0,0,0,0,26
BIGY,404,0,0,0,0,0,404
BIIB,8762,0,0,0,0,0,8762
BIII,109,0,0,0,0,0,109
BIL,4806,0,0,0,0,0,4806
BILD,651,0,0,0,0,0,651
BILI,2079,0,0,0,0,0,2079
BILL,1648,0,0,0,0,0,1648
BILS,1442,0,0,0,0,0,1442
BILT,234,0,0,0,0,0,234
BILZ,762,0,0,0,0,0,762
BINC,782,0,0,0,0,0,782
BINT,261,0,0,0,0,0,261
BINV,689,0,0,0,0,0,689
BIO,11683,0,0,0,0,0,11683
BIOA,444,0,0,0,0,0,444
BIOX,2083,0,0,0,0,0,2083
BIOY,43,0,0,0,0,0,43
BIP,4650,0,0,0,0,0,4650
BIPC,1574,0,0,0,0,0,1574
BIPH,1283,0,0,0,0,0,1283
BIPI,1114,0,0,0,0,0,1114
BIPJ,526,0,0,0,0,0,526
BIRD,1171,0,0,0,0,0,1171
BIRK,685,0,0,0,0,0,685
BIS,4085,0,0,0,0,0,4085
BIT,3360,0,0,0,0,0,3360
BITA,14,0,0,0,0,0,14
BITB,622,0,0,0,0,0,622
BITC,826,0,0,0,0,0,826
BITI,1014,0,0,0,0,0,1014
BITK,196,0,0,0,0,0,196
BITO,1181,0,0,0,0,0,1181
BITQ,1293,0,0,0,0,0,1293
BITS,1162,0,0,0,0,0,1162
BITU,567,0,0,0,0,0,567
BITW,1397,0,0,0,0,0,1397
BITX,759,0,0,0,0,0,759
BITY,296,0,0,0,0,0,296
BIV,4841,0,0,0,0,0,4841
BIVI,1455,0,0,0,0,0,1455
BIVIW,83,0,0,0,0,0,83
BIXI,135,0,0,0,0,0,135
BIXIU,148,0,0,0,0,0,148
BIXIW,133,0,0,0,0,0,133
BIYA,324,0,0,0,0,0,324
BIZD,3369,0,0,0,0,0,3369
BJ,2015,0,0,0,0,0,2015
BJAN,1886,0,0,0,0,0,1886
BJDX,1166,0,0,0,0,0,1166
BJRI,7481,0,0,0,0,0,7481
BJUL,1972,0,0,0,0,0,1972
BJUN,1782,0,0,0,0,0,1782
BKAG,1557,0,0,0,0,0,1557
BKCG,318,0,0,0,0,0,318
BKCH,1250,0,0,0,0,0,1250
BKCI,1146,0,0,0,0,0,1146
BKD,5185,0,0,0,0,0,5185
BKDV,414,0,0,0,0,0,414
BKE,8599,0,0,0,0,0,8599
BKEM,1557,0,0,0,0,0,1557
BKF,4684,0,0,0,0,0,4684
BKFI,121,0,0,0,0,0,121
BKGI,918,0,0,0,0,0,918
BKH,13455,0,0,0,0,0,13455
BKHA,538,0,0,0,0,0,538
BKHAU,573,0,0,0,0,0,573
BKHY,1557,0,0,0,0,0,1557
BKIE,1557,0,0,0,0,0,1557
BKKT,1411,0,0,0,0,0,1411
BKLC,1565,0,0,0,0,0,1565
BKLG,10,0,0,0,0,0,10
BKLN,3858,0,0,0,0,0,3858
BKMC,1565,0,0,0,0,0,1565
BKMI,121,0,0,0,0,0,121
BKMS,121,0,0,0,0,0,121
BKNG,6858,0,0,0,0,0,6858
BKR,9887,0,0,0,0,0,9887
BKSE,1566,0,0,0,0,0,1566
BKSY,1642,0,0,0,0,0,1642
BKT,9559,0,0,0,0,0,9559
BKTI,11669,0,0,0,0,0,11669
BKU,3881,0,0,0,0,0,3881
BKUI,1230,0,0,0,0,0,1230
BKV,444,0,0,0,0,0,444
BL,2433,0,0,0,0,0,2433
BLBD,3092,0,0,0,0,0,3092
BLCK,42,0,0,0,0,0,42
BLCN,2128,0,0,0,0,0,2128
BLCO,1044,0,0,0,0,0,1044
BLCR,674,0,0,0,0,0,674
BLCV,782,0,0,0,0,0,782
BLDG,1451,0,0,0,0,0,1451
BLDP,7713,0,0,0,0,0,7713
BLDR,5288,0,0,0,0,0,5288
BLDX,106,0,0,0,0,0,106
BLES,2351,0,0,0,0,0,2351
BLFS,9220,0,0,0,0,0,9220
BLGR,261,0,0,0,0,0,261
BLIN,4784,0,0,0,0,0,4784
BLIV,314,0,0,0,0,0,314
BLK,6730,0,0,0,0,0,6730
BLKB,5522,0,0,0,0,0,5522
BLLN,165,0,0,0,0,0,165
BLMN,3496,0,0,0,0,0,3496
BLND,1248,0,0,0,0,0,1248
BLNE,2389,0,0,0,0,0,2389
BLNK,4159,0,0,0,0,0,4159
BLOK,2122,0,0,0,0,0,2122
BLOX,264,0,0,0,0,0,264
BLRK,107,0,0,0,0,0,107
BLRKU,141,0,0,0,0,0,141
BLRX,3757,0,0,0,0,0,3757
BLSG,173,0,0,0,0,0,173
BLSH,225,0,0,0,0,0,225
BLST,261,0,0,0,0,0,261
BLTD,261,0,0,0,0,0,261
BLTE,1049,0,0,0,0,0,1049
BLUC,261,0,0,0,0,0,261
BLUI,260,0,0,0,0,0,260
BLUW,234,0,0,0,0,0,234
BLUWU,269,0,0,0,0,0,269
BLUWW,82,0,0,0,0,0,82
BLUX,260,0,0,0,0,0,260
BLV,4841,0,0,0,0,0,4841
BLW,5771,0,0,0,0,0,5771
BLX,8503,0,0,0,0,0,8503
BLZE,1165,0,0,0,0,0,1165
BLZR,168,0,0,0,0,0,168
BLZRU,207,0,0,0,0,0,207
BLZRW,82,0,0,0,0,0,82
BMA,5101,0,0,0,0,0,5101
BMAR,1595,0,0,0,0,0,1595
BMAY,1552,0,0,0,0,0,1552
BMBL,1355,0,0,0,0,0,1355
BME,5352,0,0,0,0,0,5352
BMEA,1311,0,0,0,0,0,1311
BMED,1445,0,0,0,0,0,1445
BMEZ,1617,0,0,0,0,0,1617
BMGL,342,0,0,0,0,0,342
BMHL,248,0,0,0,0,0,248
BMI,13456,0,0,0,0,0,13456
BMM,112,0,0,0,0,0,112
BMN,924,0,0,0,0,0,924
BMNG,173,0,0,0,0,0,173
BMNP,14,0,0,0,0,0,14
BMNR,272,0,0,0,0,0,272
BMNU,194,0,0,0,0,0,194
BMNZ,160,0,0,0,0,0,160
BMO,7974,0,0,0,0,0,7974
BMOP,121,0,0,0,0,0,121
BMR,841,0,0,0,0,0,841
BMRA,10537,0,0,0,0,0,10537
BMRC,6672,0,0,0,0,0,6672
BMRN,6778,0,0,0,0,0,6778
BMVP,5832,0,0,0,0,0,5832
BMY,13636,0,0,0,0,0,13636
BN,10711,0,0,0,0,0,10711
BNAI,1303,0,0,0,0,0,1303
BNAIW,82,0,0,0,0,0,82
BNBX,5781,0,0,0,0,0,5781
BNC,3095,0,0,0,0,0,3095
BNCWW,82,0,0,0,0,0,82
BND,4841,0,0,0,0,0,4841
BNDC,2402,0,0,0,0,0,2402
BNDD,1202,0,0,0,0,0,1202
BNDI,965,0,0,0,0,0,965
BNDP,146,0,0,0,0,0,146
BNDS,369,0,0,0,0,0,369
BNDW,1967,0,0,0,0,0,1967
BNDX,3292,0,0,0,0,0,3292
BNDY,253,0,0,0,0,0,253
BNED,2754,0,0,0,0,0,2754
BNGE,1107,0,0,0,0,0,1107
BNGO,1978,0,0,0,0,0,1978
BNH,1432,0,0,0,0,0,1432
BNJ,1406,0,0,0,0,0,1406
BNKD,345,0,0,0,0,0,345
BNKK,1425,0,0,0,0,0,1425
BNKU,345,0,0,0,0,0,345
BNL,1456,0,0,0,0,0,1456
BNO,4048,0,0,0,0,0,4048
BNOV,1676,0,0,0,0,0,1676
BNR,1523,0,0,0,0,0,1523
BNRG,1031,0,0,0,0,0,1031
BNS,6058,0,0,0,0,0,6058
BNT,1261,0,0,0,0,0,1261
BNTC,3026,0,0,0,0,0,3026
BNTX,1692,0,0,0,0,0,1692
BNY,13406,0,0,0,0,0,13406
BNZI,1354,0,0,0,0,0,1354
BNZIW,83,0,0,0,0,0,83
BOAT,1235,0,0,0,0,0,1235
BOBP,282,0,0,0,0,0,282
BOBS,104,0,0,0,0,0,104
BOC,2278,0,0,0,0,0,2278
BOCT,1950,0,0,0,0,0,1950
BODI,1373,0,0,0,0,0,1373
BOE,5310,0,0,0,0,0,5310
BOEG,266,0,0,0,0,0,266
BOEU,302,0,0,0,0,0,302
BOF,765,0,0,0,0,0,765
BOH,11670,0,0,0,0,0,11670
BOIL,3707,0,0,0,0,0,3707
BOKF,8770,0,0,0,0,0,8770
BOLD,569,0,0,0,0,0,569
BOLT,1359,0,0,0,0,0,1359
BON,1263,0,0,0,0,0,1263
BOND,3607,0,0,0,0,0,3607
BOOM,9444,0,0,0,0,0,9444
BOOT,2936,0,0,0,0,0,2936
BORR,1743,0,0,0,0,0,1743
BOSC,7613,0,0,0,0,0,7613
BOT,39,0,0,0,0,0,39
BOTJ,6513,0,0,0,0,0,6513
BOTT,553,0,0,0,0,0,553
BOTZ,2466,0,0,0,0,0,2466
BOUT,1962,0,0,0,0,0,1962
BOW,530,0,0,0,0,0,530
BOX,2879,0,0,0,0,0,2879
BOXA,386,0,0,0,0,0,386
BOXL,2159,0,0,0,0,0,2159
BOXX,882,0,0,0,0,0,882
BP,16235,0,0,0,0,0,16235
BPAC,125,0,0,0,0,0,125
BPACU,161,0,0,0,0,0,161
BPAY,970,0,0,0,0,0,970
BPH,374,0,0,0,0,0,374
BPI,316,0,0,0,0,0,316
BPOP,11670,0,0,0,0,0,11670
BPOPM,4432,0,0,0,0,0,4432
BPRE,138,0,0,0,0,0,138
BPRN,2287,0,0,0,0,0,2287
BPRO,114,0,0,0,0,0,114
BPYPM,1241,0,0,0,0,0,1241
BPYPN,1608,0,0,0,0,0,1608
BPYPO,1727,0,0,0,0,0,1727
BPYPP,1838,0,0,0,0,0,1838
BQ,1447,0,0,0,0,0,1447
BR,4853,0,0,0,0,0,4853
BRAG,2080,0,0,0,0,0,2080
BRAI,99,0,0,0,0,0,99
BRAZ,722,0,0,0,0,0,722
BRBI,199,0,0,0,0,0,199
BRBR,1686,0,0,0,0,0,1686
BRBS,3463,0,0,0,0,0,3463
BRC,9994,0,0,0,0,0,9994
BRCB,204,0,0,0,0,0,204
BRCC,1103,0,0,0,0,0,1103
BRCE,176,0,0,0,0,0,176
BREE,85,0,0,0,0,0,85
BREM,180,0,0,0,0,0,180
BRES,104,0,0,0,0,0,104
BREW,42,0,0,0,0,0,42
BREZ,17,0,0,0,0,0,17
BRF,4312,0,0,0,0,0,4312
BRFH,3556,0,0,0,0,0,3556
BRHY,513,0,0,0,0,0,513
BRIA,400,0,0,0,0,0,400
BRIB,75,0,0,0,0,0,75
BRID,11670,0,0,0,0,0,11670
BRIE,176,0,0,0,0,0,176
BRIF,381,0,0,0,0,0,381
BRKC,272,0,0,0,0,0,272
BRKHU,30,0,0,0,0,0,30
BRKR,6517,0,0,0,0,0,6517
BRKRP,210,0,0,0,0,0,210
BRKU,391,0,0,0,0,0,391
BRKW,263,0,0,0,0,0,263
BRLN,939,0,0,0,0,0,939
BRLS,1191,0,0,0,0,0,1191
BRLSW,83,0,0,0,0,0,83
BRLT,1200,0,0,0,0,0,1200
BRN,13456,0,0,0,0,0,13456
BRNS,1301,0,0,0,0,0,1301
BRNY,933,0,0,0,0,0,933
BRO,11441,0,0,0,0,0,11441
BROL,28,0,0,0,0,0,28
BROS,1206,0,0,0,0,0,1206
BRR,270,0,0,0,0,0,270
BRRR,622,0,0,0,0,0,622
BRRWW,270,0,0,0,0,0,270
BRSL,9136,0,0,0,0,0,9136
BRSM,22,0,0,0,0,0,22
BRSP,2117,0,0,0,0,0,2117
BRT,13406,0,0,0,0,0,13406
BRTR,640,0,0,0,0,0,640
BRTX,3415,0,0,0,0,0,3415
BRUN,379,0,0,0,0,0,379
BRW,8642,0,0,0,0,0,8642
BRX,3188,0,0,0,0,0,3188
BRZE,1161,0,0,0,0,0,1161
BRZU,3330,0,0,0,0,0,3330
BRZX,22,0,0,0,0,0,22
BSAA,229,0,0,0,0,0,229
BSAAU,266,0,0,0,0,0,266
BSAC,7972,0,0,0,0,0,7972
BSBK,1625,0,0,0,0,0,1625
BSBR,4211,0,0,0,0,0,4211
BSCA,18,0,0,0,0,0,18
BSCQ,2459,0,0,0,0,0,2459
BSCR,2204,0,0,0,0,0,2204
BSCS,1986,0,0,0,0,0,1986
BSCT,1711,0,0,0,0,0,1711
BSCU,1455,0,0,0,0,0,1455
BSCV,1205,0,0,0,0,0,1205
BSCW,958,0,0,0,0,0,958
BSCX,699,0,0,0,0,0,699
BSCY,516,0,0,0,0,0,516
BSCZ,268,0,0,0,0,0,268
BSEP,1719,0,0,0,0,0,1719
BSET,11670,0,0,0,0,0,11670
BSGR,18,0,0,0,0,0,18
BSGT,18,0,0,0,0,0,18
BSIN,11670,0,0,0,0,0,11670
BSJQ,1986,0,0,0,0,0,1986
BSJR,1711,0,0,0,0,0,1711
BSJS,1457,0,0,0,0,0,1457
BSJT,1206,0,0,0,0,0,1206
BSJU,951,0,0,0,0,0,951
BSJV,700,0,0,0,0,0,700
BSJW,515,0,0,0,0,0,515
BSJX,268,0,0,0,0,0,268
BSJY,18,0,0,0,0,0,18
BSL,4052,0,0,0,0,0,4052
BSM,2812,0,0,0,0,0,2812
BSMC,688,0,0,0,0,0,688
BSMQ,1702,0,0,0,0,0,1702
BSMR,1702,0,0,0,0,0,1702
BSMS,1702,0,0,0,0,0,1702
BSMT,1703,0,0,0,0,0,1703
BSMU,1439,0,0,0,0,0,1439
BSMV,1180,0,0,0,0,0,1180
BSMW,839,0,0,0,0,0,839
BSMY,455,0,0,0,0,0,455
BSMZ,201,0,0,0,0,0,201
BSOL,172,0,0,0,0,0,172
BSP,4,0,0,0,0,0,4
BSR,807,0,0,0,0,0,807
BSRR,8108,0,0,0,0,0,8108
BSSX,699,0,0,0,0,0,699
BST,2937,0,0,0,0,0,2937
BSTP,1085,0,0,0,0,0,1085
BSTS,18,0,0,0,0,0,18
BSTU,18,0,0,0,0,0,18
BSTV,18,0,0,0,0,0,18
BSTZ,1766,0,0,0,0,0,1766
BSV,4841,0,0,0,0,0,4841
BSVN,1957,0,0,0,0,0,1957
BSVO,832,0,0,0,0,0,832
BSX,8592,0,0,0,0,0,8592
BSY,1452,0,0,0,0,0,1452
BTAI,2093,0,0,0,0,0,2093
BTAL,3724,0,0,0,0,0,3724
BTBD,1164,0,0,0,0,0,1164
BTBDW,82,0,0,0,0,0,82
BTBT,2085,0,0,0,0,0,2085
BTC,484,0,0,0,0,0,484
BTCC,316,0,0,0,0,0,316
BTCI,429,0,0,0,0,0,429
BTCK,22,0,0,0,0,0,22
BTCL,499,0,0,0,0,0,499
BTCO,622,0,0,0,0,0,622
BTCS,3932,0,0,0,0,0,3932
BTCT,1938,0,0,0,0,0,1938
BTCU,28,0,0,0,0,0,28
BTCW,622,0,0,0,0,0,622
BTCZ,499,0,0,0,0,0,499
BTDR,1240,0,0,0,0,0,1240
BTE,5096,0,0,0,0,0,5096
BTF,1179,0,0,0,0,0,1179
BTG,4536,0,0,0,0,0,4536
BTGD,430,0,0,0,0,0,430
BTGO,115,0,0,0,0,0,115
BTI,11651,0,0,0,0,0,11651
BTMD,1303,0,0,0,0,0,1303
BTO,8025,0,0,0,0,0,8025
BTOC,537,0,0,0,0,0,537
BTOG,1731,0,0,0,0,0,1731
BTOT,140,0,0,0,0,0,140
BTQ,194,0,0,0,0,0,194
BTR,807,0,0,0,0,0,807
BTRN,574,0,0,0,0,0,574
BTSG,612,0,0,0,0,0,612
BTSGU,612,0,0,0,0,0,612
BTT,3480,0,0,0,0,0,3480
BTTC,190,0,0,0,0,0,190
BTU,2327,0,0,0,0,0,2327
BTX,1325,0,0,0,0,0,1325
BTZ,4912,0,0,0,0,0,4912
BUCK,923,0,0,0,0,0,923
BUD,4279,0,0,0,0,0,4279
BUDA,123,0,0,0,0,0,123
BUFB,1104,0,0,0,0,0,1104
BUFC,641,0,0,0,0,0,641
BUFD,1368,0,0,0,0,0,1368
BUFE,62,0,0,0,0,0,62
BUFF,2438,0,0,0,0,0,2438
BUFG,1176,0,0,0,0,0,1176
BUFH,259,0,0,0,0,0,259
BUFI,392,0,0,0,0,0,392
BUFM,391,0,0,0,0,0,391
BUFP,516,0,0,0,0,0,516
BUFQ,1016,0,0,0,0,0,1016
BUFR,1482,0,0,0,0,0,1482
BUFS,526,0,0,0,0,0,526
BUFT,1175,0,0,0,0,0,1175
BUFX,259,0,0,0,0,0,259
BUFY,444,0,0,0,0,0,444
BUFZ,673,0,0,0,0,0,673
BUG,1676,0,0,0,0,0,1676
BUI,3673,0,0,0,0,0,3673
BUL,1802,0,0,0,0,0,1802
BULD,1044,0,0,0,0,0,1044
BULG,227,0,0,0,0,0,227
BULL,971,0,0,0,0,0,971
BULLW,976,0,0,0,0,0,976
BULZ,1225,0,0,0,0,0,1225
BUR,1434,0,0,0,0,0,1434
BURL,3208,0,0,0,0,0,3208
BURU,1430,0,0,0,0,0,1430
BUSA,689,0,0,0,0,0,689
BUSE,6979,0,0,0,0,0,6979
BUSEP,287,0,0,0,0,0,287
BUUU,224,0,0,0,0,0,224
BUXX,728,0,0,0,0,0,728
BUYB,41,0,0,0,0,0,41
BUYO,436,0,0,0,0,0,436
BUYW,957,0,0,0,0,0,957
BUYZ,1597,0,0,0,0,0,1597
BUZZ,1341,0,0,0,0,0,1341
BV,2015,0,0,0,0,0,2015
BVAL,260,0,0,0,0,0,260
BVC,1325,0,0,0,0,0,1325
BVFL,5378,0,0,0,0,0,5378
BVN,7583,0,0,0,0,0,7583
BVS,1355,0,0,0,0,0,1355
BW,2780,0,0,0,0,0,2780
BWA,8279,0,0,0,0,0,8279
BWAY,1814,0,0,0,0,0,1814
BWB,2089,0,0,0,0,0,2089
BWBBP,1225,0,0,0,0,0,1225
BWEN,5193,0,0,0,0,0,5193
BWET,796,0,0,0,0,0,796
BWFG,4089,0,0,0,0,0,4089
BWG,3588,0,0,0,0,0,3588
BWIN,1682,0,0,0,0,0,1682
BWIV,39,0,0,0,0,0,39
BWLP,3128,0,0,0,0,0,3128
BWMN,1296,0,0,0,0,0,1296
BWMX,1886,0,0,0,0,0,1886
BWNB,1140,0,0,0,0,0,1140
BWOW,151,0,0,0,0,0,151
BWTG,664,0,0,0,0,0,664
BWX,4712,0,0,0,0,0,4712
BWXT,4006,0,0,0,0,0,4006
BWZ,4384,0,0,0,0,0,4384
BX,4789,0,0,0,0,0,4789
BXC,5423,0,0,0,0,0,5423
BXDC,36,0,0,0,0,0,36
BXMT,11472,0,0,0,0,0,11472
BXP,7307,0,0,0,0,0,7307
BXSL,1175,0,0,0,0,0,1175
BY,2265,0,0,0,0,0,2265
BYAH,380,0,0,0,0,0,380
BYD,8235,0,0,0,0,0,8235
BYFC,7672,0,0,0,0,0,7672
BYLD,3068,0,0,0,0,0,3068
BYND,1804,0,0,0,0,0,1804
BYRE,1035,0,0,0,0,0,1035
BYRN,4984,0,0,0,0,0,4984
BYSI,2344,0,0,0,0,0,2344
BZ,1272,0,0,0,0,0,1272
BZAI,1111,0,0,0,0,0,1111
BZAIW,83,0,0,0,0,0,83
BZFD,1340,0,0,0,0,0,1340
BZFDW,83,0,0,0,0,0,83
BZH,8145,0,0,0,0,0,8145
BZQ,4287,0,0,0,0,0,4287
BZUN,2798,0,0,0,0,0,2798
BZZ,42,0,0,0,0,0,42
C,12479,0,0,0,0,0,12479
CAAA,589,0,0,0,0,0,589
CAAP,2117,0,0,0,0,0,2117
CAAS,5859,0,0,0,0,0,5859
CABA,1681,0,0,0,0,0,1681
CABO,2783,0,0,0,0,0,2783
CABR,158,0,0,0,0,0,158
CABZ,119,0,0,0,0,0,119
CAC,7229,0,0,0,0,0,7229
CACC,8580,0,0,0,0,0,8580
CACI,11670,0,0,0,0,0,11670
CADL,1241,0,0,0,0,0,1241
CAE,6023,0,0,0,0,0,6023
CAES,13,0,0,0,0,0,13
CAF,4972,0,0,0,0,0,4972
CAFG,797,0,0,0,0,0,797
CAFX,453,0,0,0,0,0,453
CAG,11670,0,0,0,0,0,11670
CAGE,56,0,0,0,0,0,56
CAH,10814,0,0,0,0,0,10814
CAI,263,0,0,0,0,0,263
CAIE,259,0,0,0,0,0,259
CAII,11,0,0,0,0,0,11
CAIIU,47,0,0,0,0,0,47
CAIQ,155,0,0,0,0,0,155
CAKE,8507,0,0,0,0,0,8507
CAL,11670,0,0,0,0,0,11670
CALC,767,0,0,0,0,0,767
CALF,2274,0,0,0,0,0,2274
CALI,747,0,0,0,0,0,747
CALM,7436,0,0,0,0,0,7436
CALX,4096,0,0,0,0,0,4096
CALY,8648,0,0,0,0,0,8648
CAM,188,0,0,0,0,0,188
CAMC,9,0,0,0,0,0,9
CAML,720,0,0,0,0,0,720
CAMP,433,0,0,0,0,0,433
CAMT,6522,0,0,0,0,0,6522
CAMX,851,0,0,0,0,0,851
CAN,1663,0,0,0,0,0,1663
CANC,726,0,0,0,0,0,726
CANE,3720,0,0,0,0,0,3720
CANF,3435,0,0,0,0,0,3435
CANG,1996,0,0,0,0,0,1996
CANQ,600,0,0,0,0,0,600
CAOS,837,0,0,0,0,0,837
CAPE,1067,0,0,0,0,0,1067
CAPL,3441,0,0,0,0,0,3441
CAPN,424,0,0,0,0,0,424
CAPNR,2776,0,0,0,0,0,2776
CAPNU,448,0,0,0,0,0,448
CAPR,4879,0,0,0,0,0,4879
CAPS,8416,0,0,0,0,0,8416
CAQ,68,0,0,0,0,0,68
CAQUU,103,0,0,0,0,0,103
CAR,10786,0,0,0,0,0,10786
CARD,498,0,0,0,0,0,498
CARE,4858,0,0,0,0,0,4858
CARG,2193,0,0,0,0,0,2193
CARK,645,0,0,0,0,0,645
CARL,240,0,0,0,0,0,240
CARR,1582,0,0,0,0,0,1582
CARS,2286,0,0,0,0,0,2286
CART,701,0,0,0,0,0,701
CARU,497,0,0,0,0,0,497
CARX,9,0,0,0,0,0,9
CARY,916,0,0,0,0,0,916
CARZ,3811,0,0,0,0,0,3811
CAS,370,0,0,0,0,0,370
CASH,8254,0,0,0,0,0,8254
CASS,7550,0,0,0,0,0,7550
CAST,82,0,0,0,0,0,82
CASY,10760,0,0,0,0,0,10760
CAT,16235,0,0,0,0,0,16235
CATF,493,0,0,0,0,0,493
CATG,38,0,0,0,0,0,38
CATH,2563,0,0,0,0,0,2563
CATO,9876,0,0,0,0,0,9876
CATX,5193,0,0,0,0,0,5193
CATY,8952,0,0,0,0,0,8952
CAVA,766,0,0,0,0,0,766
CB,8377,0,0,0,0,0,8377
CBAN,7108,0,0,0,0,0,7108
CBAT,5381,0,0,0,0,0,5381
CBC,154,0,0,0,0,0,154
CBFV,5722,0,0,0,0,0,5722
CBIL,22,0,0,0,0,0,22
CBIO,3139,0,2189,0,0,2189,950
CBK,190,0,0,0,0,0,190
CBL,1172,0,0,0,0,0,1172
CBLL,433,0,0,0,0,0,433
CBLS,1415,0,0,0,0,0,1415
CBNA,438,0,0,0,0,0,438
CBNK,1953,0,0,0,0,0,1953
CBOA,313,0,0,0,0,0,313
CBOE,4039,0,0,0,0,0,4039
CBOJ,365,0,0,0,0,0,365
CBOL,182,0,0,0,0,0,182
CBON,2928,0,0,0,0,0,2928
CBOO,187,0,0,0,0,0,187
CBOT,42,0,0,0,0,0,42
CBOX,55,0,0,0,0,0,55
CBOY,251,0,0,0,0,0,251
CBRE,5552,0,0,0,0,0,5552
CBRG,35,0,0,0,0,0,35
CBRL,11255,0,0,0,0,0,11255
CBRS,36,0,0,0,0,0,36
CBRX,26,0,0,0,0,0,26
CBRZ,26,0,0,0,0,0,26
CBSE,1415,0,0,0,0,0,1415
CBSH,11670,0,0,0,0,0,11670
CBT,11508,0,0,0,0,0,11508
CBTA,313,0,0,0,0,0,313
CBTJ,356,0,0,0,0,0,356
CBTL,182,0,0,0,0,0,182
CBTO,187,0,0,0,0,0,187
CBTY,251,0,0,0,0,0,251
CBU,10229,0,0,0,0,0,10229
CBUS,2252,0,0,0,0,0,2252
CBXA,313,0,0,0,0,0,313
CBXJ,356,0,0,0,0,0,356
CBXL,182,0,0,0,0,0,182
CBXO,187,0,0,0,0,0,187
CBXY,251,0,0,0,0,0,251
CBZ,7849,0,0,0,0,0,7849
CC,2777,0,0,0,0,0,2777
CCAP,1614,0,0,0,0,0,1614
CCAQ,267,0,0,0,0,0,267
CCAQU,292,0,0,0,0,0,292
CCB,2001,0,0,0,0,0,2001
CCBG,8075,0,0,0,0,0,8075
CCC,1444,0,0,0,0,0,1444
CCCC,1445,0,0,0,0,0,1445
CCD,2835,0,0,0,0,0,2835
CCEC,4847,0,0,0,0,0,4847
CCEF,620,0,0,0,0,0,620
CCEL,8118,0,0,0,0,0,8118
CCEP,9978,0,0,0,0,0,9978
CCFE,267,0,0,0,0,0,267
CCG,702,0,0,0,0,0,702
CCGWW,702,0,0,0,0,0,702
CCHH,189,0,0,0,0,0,189
CCI,7013,0,0,0,0,0,7013
CCID,174,0,0,0,0,0,174
CCIF,1782,0,0,0,0,0,1782
CCII,218,0,0,0,0,0,218
CCIIU,255,0,0,0,0,0,255
CCIIW,218,0,0,0,0,0,218
CCIX,511,0,0,0,0,0,511
CCIXU,545,0,0,0,0,0,545
CCIXW,119,0,0,0,0,0,119
CCJ,7626,0,0,0,0,0,7626
CCK,11670,0,0,0,0,0,11670
CCL,9811,0,0,0,0,0,9811
CCLD,3006,0,0,0,0,0,3006
CCM,4165,0,0,0,0,0,4165
CCNE,8118,0,0,0,0,0,8118
CCNEP,1474,0,0,0,0,0,1474
CCNR,498,0,0,0,0,0,498
CCO,5191,0,0,0,0,0,5191
CCOI,6143,0,0,0,0,0,6143
CCOM,110,0,0,0,0,0,110
CCOR,2290,0,0,0,0,0,2290
CCPX,23,0,0,0,0,0,23
CCRN,6212,0,0,0,0,0,6212
CCRP,141,0,0,0,0,0,141
CCS,3030,0,0,0,0,0,3030
CCSB,557,0,0,0,0,0,557
CCSI,1195,0,0,0,0,0,1195
CCSO,950,0,0,0,0,0,950
CCTG,618,0,0,0,0,0,618
CCU,8503,0,0,0,0,0,8503
CCUP,227,0,0,0,0,0,227
CCXI,102,0,0,0,0,0,102
CCXIU,137,0,0,0,0,0,137
CCZ,1623,0,0,0,0,0,1623
CD,2828,0,0,0,0,0,2828
CDC,3020,0,0,0,0,0,3020
CDE,11670,0,0,0,0,0,11670
CDEI,859,0,0,0,0,0,859
CDIG,201,0,0,0,0,0,201
CDIO,1121,0,0,0,0,0,1121
CDIOW,83,0,0,0,0,0,83
CDL,2765,0,0,0,0,0,2765
CDLR,637,0,0,0,0,0,637
CDLX,2111,0,0,0,0,0,2111
CDNA,3010,0,0,0,0,0,3010
CDNG,10,0,0,0,0,0,10
CDNL,142,0,0,0,0,0,142
CDNS,9842,0,0,0,0,0,9842
CDP,8689,0,0,0,0,0,8689
CDRE,1170,0,0,0,0,0,1170
CDRO,1366,0,0,0,0,0,1366
CDROW,82,0,0,0,0,0,82
CDT,1072,0,0,0,0,0,1072
CDTG,554,0,0,0,0,0,554
CDTTW,82,0,0,0,0,0,82
CDW,3275,0,0,0,0,0,3275
CDX,1098,0,0,0,0,0,1098
CDXS,4076,0,0,0,0,0,4076
CDZI,9446,0,0,0,0,0,9446
CDZIP,1259,0,0,0,0,0,1259
CE,5397,0,0,0,0,0,5397
CECO,11490,0,0,0,0,0,11490
CEE,9154,0,0,0,0,0,9154
CEF,10142,0,0,0,0,0,10142
CEFA,1515,0,0,0,0,0,1515
CEFD,1530,0,0,0,0,0,1530
CEFS,2336,0,0,0,0,0,2336
CEFZ,232,0,0,0,0,0,232
CEG,1119,0,0,0,0,0,1119
CEGX,248,0,0,0,0,0,248
CELC,2209,0,0,0,0,0,2209
CELH,4895,0,0,0,0,0,4895
CELU,1736,0,0,0,0,0,1736
CELUW,82,0,0,0,0,0,82
CELZ,2679,0,0,0,0,0,2679
CEMB,3573,0,0,0,0,0,3573
CENN,3463,0,0,0,0,0,3463
CENT,8553,0,0,0,0,0,8553
CENTA,4884,0,0,0,0,0,4884
CENX,7615,0,0,0,0,0,7615
CEPF,219,0,0,0,0,0,219
CEPI,396,0,0,0,0,0,396
CEPO,374,0,0,0,0,0,374
CEPS,104,0,0,0,0,0,104
CEPU,2116,0,0,0,0,0,2116
CEPV,167,0,0,0,0,0,167
CERS,7402,0,0,0,0,0,7402
CERT,1396,0,0,0,0,0,1396
CERY,459,0,0,0,0,0,459
CET,11670,0,0,0,0,0,11670
CETX,2773,0,0,0,0,0,2773
CETY,868,0,0,0,0,0,868
CEV,6902,0,0,0,0,0,6902
CEVA,5955,0,0,0,0,0,5955
CEW,4300,0,0,0,0,0,4300
CF,5257,0,0,0,0,0,5257
CFA,3020,0,0,0,0,0,3020
CFBK,6920,0,0,0,0,0,6920
CFFI,7084,0,0,0,0,0,7084
CFFN,6857,0,0,0,0,0,6857
CFG,2962,0,0,0,0,0,2962
CFIT,319,0,0,0,0,0,319
CFND,229,0,0,0,0,0,229
CFO,3020,0,0,0,0,0,3020
CFR,11670,0,0,0,0,0,11670
CG,3563,0,0,0,0,0,3563
CGABL,1288,0,0,0,0,0,1288
CGAU,4536,0,0,0,0,0,4536
CGBD,2277,0,0,0,0,0,2277
CGBL,694,0,0,0,0,0,694
CGC,3080,0,0,0,0,0,3080
CGCB,694,0,0,0,0,0,694
CGCFU,8,0,0,0,0,0,8
CGCP,1094,0,0,0,0,0,1094
CGCV,507,0,0,0,0,0,507
CGDG,694,0,0,0,0,0,694
CGDV,1094,0,0,0,0,0,1094
CGEM,1378,0,0,0,0,0,1378
CGEN,6512,0,0,0,0,0,6512
CGGE,507,0,0,0,0,0,507
CGGG,258,0,0,0,0,0,258
CGGO,1094,0,0,0,0,0,1094
CGGR,1094,0,0,0,0,0,1094
CGHM,507,0,0,0,0,0,507
CGHY,258,0,0,0,0,0,258
CGIB,507,0,0,0,0,0,507
CGIC,507,0,0,0,0,0,507
CGIE,694,0,0,0,0,0,694
CGMM,368,0,0,0,0,0,368
CGMS,924,0,0,0,0,0,924
CGMU,924,0,0,0,0,0,924
CGNG,507,0,0,0,0,0,507
CGNT,1358,0,0,0,0,0,1358
CGNX,9308,0,0,0,0,0,9308
CGO,5203,0,0,0,0,0,5203
CGON,613,0,0,0,0,0,613
CGOV,22,0,0,0,0,0,22
CGRO,681,0,0,0,0,0,681
CGSD,924,0,0,0,0,0,924
CGSM,694,0,0,0,0,0,694
CGTL,401,0,0,0,0,0,401
CGTX,1189,0,0,0,0,0,1189
CGUI,507,0,0,0,0,0,507
CGUS,1094,0,0,0,0,0,1094
CGV,986,0,0,0,0,0,986
CGVV,258,0,0,0,0,0,258
CGW,4817,0,0,0,0,0,4817
CGXU,1094,0,0,0,0,0,1094
CHA,305,0,0,0,0,0,305
CHAI,1450,0,0,0,0,0,1450
CHAR,401,0,0,0,0,0,401
CHARU,424,0,0,0,0,0,424
CHAT,785,0,0,0,0,0,785
CHAU,2822,0,0,0,0,0,2822
CHCI,5423,0,0,0,0,0,5423
CHCO,9830,0,0,0,0,0,9830
CHCT,2798,0,0,0,0,0,2798
CHD,11670,0,0,0,0,0,11670
CHDN,8375,0,0,0,0,0,8375
CHE,13406,0,0,0,0,0,13406
CHEC,162,0,0,0,0,0,162
CHECU,202,0,0,0,0,0,202
CHECW,82,0,0,0,0,0,82
CHEF,3756,0,0,0,0,0,3756
CHGG,3178,0,0,0,0,0,3178
CHGX,2195,0,0,0,0,0,2195
CHH,7476,0,0,0,0,0,7476
CHI,6044,0,0,0,0,0,6044
CHIQ,4173,0,0,0,0,0,4173
CHKP,7552,0,0,0,0,0,7552
CHMG,6918,0,0,0,0,0,6918
CHMI,3206,0,0,0,0,0,3206
CHNL,66,0,0,0,0,0,66
CHNR,7779,0,0,0,0,0,7779
CHNU,66,0,0,0,0,0,66
CHOW,202,0,0,0,0,0,202
CHPG,262,0,0,0,0,0,262
CHPGU,278,0,0,0,0,0,278
CHPS,746,0,0,0,0,0,746
CHPT,1710,0,0,0,0,0,1710
CHPX,191,0,0,0,0,0,191
CHPY,312,0,0,0,0,0,312
CHR,1963,0,0,0,0,0,1963
CHRD,4037,0,0,0,0,0,4037
CHRI,196,0,0,0,0,0,196
CHRN,3134,0,0,0,0,0,3134
CHRS,2931,0,0,0,0,0,2931
CHRW,7223,0,0,0,0,0,7223
CHSCL,2884,0,0,0,0,0,2884
CHSCM,2972,0,0,0,0,0,2972
CHSCN,3102,0,0,0,0,0,3102
CHSCO,3215,0,0,0,0,0,3215
CHSCP,5859,0,0,0,0,0,5859
CHSN,819,0,0,0,0,0,819
CHT,5778,0,0,0,0,0,5778
CHTR,4150,0,0,0,0,0,4150
CHW,4766,0,0,0,0,0,4766
CHWY,1774,0,0,0,0,0,1774
CHY,5813,0,0,0,0,0,5813
CHYG,22,0,0,0,0,0,22
CHYM,267,0,0,0,0,0,267
CI,11155,0,0,0,0,0,11155
CIA,11488,0,0,0,0,0,11488
CIB,7787,0,0,0,0,0,7787
CIBR,2766,0,0,0,0,0,2766
CICB,435,0,0,0,0,0,435
CICC,99,0,0,0,0,0,99
CIEG,38,0,0,0,0,0,38
CIEI,22,0,0,0,0,0,22
CIEN,7397,0,0,0,0,0,7397
CIEX,4,0,0,0,0,0,4
CIFC,5,0,0,0,0,0,5
CIFG,141,0,0,0,0,0,141
CIFR,1433,0,0,0,0,0,1433
CIFU,154,0,0,0,0,0,154
CIG,7453,0,0,0,0,0,7453
CIGI,7916,0,0,0,0,0,7916
CII,5562,0,0,0,0,0,5562
CIIT,3202,0,0,0,0,0,3202
CIK,9885,0,0,0,0,0,9885
CIM,4678,0,0,0,0,0,4678
CIMN,528,0,0,0,0,0,528
CIMO,468,0,0,0,0,0,468
CIMP,200,0,0,0,0,0,200
CINF,11670,0,0,0,0,0,11670
CING,1147,0,0,0,0,0,1147
CINGW,83,0,0,0,1,1,82
CINT,1166,0,0,0,0,0,1166
CION,1192,0,0,0,0,0,1192
CIRC,1218,0,0,0,0,0,1218
CISO,1121,0,0,0,0,0,1121
CISS,767,0,0,0,0,0,767
CITR,146,0,0,0,0,0,146
CIVB,8116,0,0,0,0,0,8116
CIVG,22,0,0,0,0,0,22
CIX,7127,0,0,0,0,0,7127
CJMB,355,0,0,0,0,0,355
CJUL,3,0,0,0,0,0,3
CJUN,24,0,0,0,0,0,24
CKX,6787,0,0,0,0,0,6787
CL,13407,0,0,0,0,0,13407
CLAR,7071,0,0,0,0,0,7071
CLB,7747,0,0,0,0,0,7747
CLBK,2062,0,0,0,0,0,2062
CLBR,69,0,0,0,0,0,69
CLBT,1420,0,0,0,0,0,1420
CLCG,240,0,0,0,0,0,240
CLCV,240,0,0,0,0,0,240
CLDI,1173,0,0,0,0,0,1173
CLDT,4080,0,0,0,0,0,4080
CLDX,10112,0,0,0,0,0,10112
CLF,13456,0,0,0,0,0,13456
CLFD,10055,0,0,0,0,0,10055
CLGN,2118,0,0,0,0,0,2118
CLH,9725,0,0,0,0,0,9725
CLIK,435,0,0,0,0,0,435
CLIM,80,0,0,0,0,0,80
CLIP,762,0,0,0,0,0,762
CLIR,3569,0,0,0,0,0,3569
CLIX,2168,0,0,0,0,0,2168
CLLS,2838,0,0,0,0,0,2838
CLM,6019,0,0,0,0,0,6019
CLMB,7793,0,0,0,0,0,7793
CLMT,5142,0,0,0,0,0,5142
CLNE,4808,0,0,0,0,0,4808
CLNK,119,0,0,0,0,0,119
CLNN,1937,0,0,0,0,0,1937
CLOA,872,0,0,0,0,0,872
CLOB,445,0,0,0,0,0,445
CLOC,175,0,0,0,0,0,175
CLOD,639,0,0,0,0,0,639
CLOI,1012,0,0,0,0,0,1012
CLOO,42,0,0,0,0,0,42
CLOU,1815,0,0,0,0,0,1815
CLOV,1523,0,0,0,0,0,1523
CLOX,744,0,0,0,0,0,744
CLOZ,865,0,0,0,0,0,865
CLPR,2362,0,0,0,0,0,2362
CLPS,2038,0,0,0,0,0,2038
CLPT,3550,0,0,0,0,0,3550
CLRB,5193,0,0,0,0,0,5193
CLRO,9404,0,0,0,0,0,9404
CLS,7047,0,0,0,0,0,7047
CLSE,1096,0,0,0,0,0,1096
CLSK,2420,0,0,0,0,0,2420
CLSKW,83,0,0,0,1,1,82
CLSM,1251,0,0,0,0,0,1251
CLST,1186,0,0,0,0,0,1186
CLSX,202,0,0,0,0,0,202
CLUB,42,0,0,0,0,0,42
CLVT,1930,0,0,0,0,0,1930
CLW,4421,0,0,0,0,0,4421
CLWT,7373,0,0,0,0,0,7373
CLX,13456,0,0,0,0,0,13456
CLYM,1231,0,0,0,0,0,1231
CM,7203,0,0,0,0,0,7203
CMAG,42,0,0,0,0,0,42
CMAY,45,0,0,0,0,0,45
CMBO,167,0,0,0,0,0,167
CMBS,3616,0,0,0,0,0,3616
CMBT,2878,0,0,0,0,0,2878
CMC,11670,0,0,0,0,0,11670
CMCI,719,0,0,0,0,0,719
CMCL,10486,0,0,0,0,0,10486
CMCM,3058,0,0,0,0,0,3058
CMCO,7640,0,0,0,0,0,7640
CMCSA,11670,0,0,0,0,0,11670
CMCT,8191,0,0,0,0,0,8191
CMDB,296,0,0,0,0,0,296
CMDT,790,0,0,0,0,0,790
CMDY,2074,0,0,0,0,0,2074
CME,5931,0,0,0,0,0,5931
CMF,4712,0,0,0,0,0,4712
CMG,5142,0,0,0,0,0,5142
CMGG,158,0,0,0,0,0,158
CMI,13456,0,0,0,0,0,13456
CMII,89,0,0,0,0,0,89
CMIIU,100,0,0,0,0,0,100
CMMB,1859,0,0,0,0,0,1859
CMND,911,0,0,0,0,0,911
CMP,5675,0,0,0,0,0,5675
CMPR,5222,0,0,0,0,0,5222
CMPS,1455,0,0,0,0,0,1455
CMPX,1320,0,0,0,0,0,1320
CMRC,1486,0,0,0,0,0,1486
CMRE,3939,0,0,0,0,0,3939
CMS,13456,0,0,0,0,0,13456
CMSA,2090,0,0,0,0,0,2090
CMSC,1950,0,0,0,0,0,1950
CMSD,1853,0,0,0,0,0,1853
CMT,9520,0,0,0,0,0,9520
CMTG,1171,0,0,0,0,0,1171
CMTL,11670,0,0,0,0,0,11670
CMTV,6898,0,0,0,0,0,6898
CNA,13456,0,0,0,0,0,13456
CNAV,441,0,0,0,0,0,441
CNBS,1748,0,0,0,0,0,1748
CNC,6178,0,0,0,0,0,6178
CNCG,136,0,0,0,0,0,136
CNCK,1209,0,0,0,0,0,1209
CNCKW,82,0,0,0,0,0,82
CNDT,2402,0,0,0,0,0,2402
CNEQ,564,0,0,0,0,0,564
CNET,4248,0,0,0,0,0,4248
CNEY,1359,0,0,0,0,0,1359
CNF,1923,0,0,0,0,0,1923
CNH,3210,0,0,0,0,0,3210
CNI,7447,0,0,0,0,0,7447
CNK,4831,0,0,0,0,0,4831
CNL,1250,0,1,0,0,1,1249
CNM,1244,0,0,0,0,0,1244
CNMD,9812,0,0,0,0,0,9812
CNNE,2166,0,0,0,0,0,2166
CNO,5741,0,0,0,0,0,5741
CNOB,8118,0,0,0,0,0,8118
CNOBP,1228,0,0,0,0,0,1228
CNP,16235,0,0,0,0,0,16235
CNQ,6521,0,0,0,0,0,6521
CNQQ,194,0,0,0,0,0,194
CNR,2170,0,0,0,0,0,2170
CNRG,1934,0,0,0,0,0,1934
CNS,5507,0,0,0,0,0,5507
CNSP,1671,0,0,0,0,0,1671
CNTB,1330,0,0,0,0,0,1330
CNTN,1123,0,0,0,0,0,1123
CNTX,1181,0,0,0,0,0,1181
CNTY,8217,0,0,0,0,0,8217
CNVS,5698,0,0,0,0,0,5698
CNX,6837,0,0,0,0,0,6837
CNXC,1408,0,0,0,0,0,1408
CNXN,7130,0,0,0,0,0,7130
CNXT,3005,0,0,0,0,0,3005
CNXU,31,0,0,0,0,0,31
CNYA,2527,0,0,0,0,0,2527
COAG,45,0,0,0,0,0,45
COAL,614,0,0,0,0,0,614
COCH,1302,0,0,0,0,0,1302
COCHW,83,0,0,0,1,1,82
COCO,1180,0,0,0,0,0,1180
COCP,3613,0,0,0,0,0,3613
CODA,6282,0,0,0,0,0,6282
CODI,5064,0,0,0,0,0,5064
CODX,2258,0,0,0,0,0,2258
COE,2531,0,0,0,0,0,2531
COF,7960,0,0,0,0,0,7960
COFS,6296,0,0,0,0,0,6296
COGT,2078,0,0,0,0,0,2078
COHC,1,0,0,0,0,0,1
COHH,38,0,0,0,0,0,38
COHN,5611,0,0,0,0,0,5611
COHR,9762,0,0,0,0,0,9762
COHU,11670,0,0,0,0,0,11670
COHX,95,0,0,0,0,0,95
COIA,206,0,0,0,0,0,206
COIG,328,0,0,0,0,0,328
COIN,1313,0,0,0,0,0,1313
COIW,346,0,0,0,0,0,346
COIX,7,0,0,0,0,0,7
COKE,13456,0,0,0,0,0,13456
COLA,328,0,0,0,0,0,328
COLAU,364,0,0,0,0,0,364
COLB,8573,0,0,0,0,0,8573
COLD,2126,0,0,0,0,0,2126
COLL,2807,0,0,0,0,0,2807
COLM,7112,0,0,0,0,0,7112
COLO,4378,0,0,0,0,0,4378
COM,2329,0,0,0,0,0,2329
COMB,2256,0,0,0,0,0,2256
COMD,100,0,0,0,0,0,100
COMP,1321,0,0,0,0,0,1321
COMT,2946,0,0,0,0,0,2946
CON,488,0,0,0,0,0,488
CONI,460,0,0,0,0,0,460
CONL,979,0,0,0,0,0,979
CONX,156,0,0,0,0,0,156
CONY,725,0,0,0,0,0,725
COO,10949,0,0,0,0,0,10949
COOK,1239,0,0,0,0,0,1239
COOT,1397,0,0,0,0,0,1397
COOTW,82,0,0,0,0,0,82
COP,11217,0,0,0,0,0,11217
COPA,446,0,0,0,0,0,446
COPJ,858,0,0,0,0,0,858
COPL,275,0,0,0,0,0,275
COPP,585,0,0,0,0,0,585
COPR,3,0,0,0,0,0,3
COPX,4078,0,0,0,0,0,4078
COPY,380,0,0,0,0,0,380
COPZ,96,0,0,0,0,0,96
COR,7865,0,0,0,0,0,7865
CORB,163,0,0,0,0,0,163
CORD,194,0,0,0,0,0,194
CORN,4043,0,0,0,0,0,4043
CORO,394,0,0,0,0,0,394
CORP,3971,0,0,0,0,0,3971
CORT,5592,0,0,0,0,0,5592
CORZ,614,0,0,0,0,0,614
CORZW,83,0,0,0,1,1,82
CORZZ,83,0,0,0,1,1,82
COSM,4012,0,0,0,0,0,4012
COSO,291,0,0,0,0,0,291
COST,10075,0,0,0,0,0,10075
COSW,175,0,0,0,0,0,175
COTG,200,0,0,0,0,0,200
COTY,3285,0,0,0,0,0,3285
COUR,1322,0,0,0,0,0,1322
COWG,880,0,0,0,0,0,880
COWS,705,0,0,0,0,0,705
COWZ,2395,0,0,0,0,0,2395
COYA,881,0,0,0,0,0,881
COYY,236,0,0,0,0,0,236
COZX,166,0,0,0,0,0,166
CP,10711,0,0,0,0,0,10711
CPA,5169,0,0,0,0,0,5169
CPAC,3613,0,0,0,0,0,3613
CPAG,226,0,0,0,0,0,226
CPAI,651,0,0,0,0,0,651
CPAY,3911,0,0,0,0,0,3911
CPB,13456,0,0,0,0,0,13456
CPBI,678,0,0,0,0,0,678
CPER,3679,0,0,0,0,0,3679
CPF,9786,0,0,0,0,0,9786
CPHC,4484,0,0,0,0,0,4484
CPHI,6094,0,0,0,0,0,6094
CPHY,226,0,0,0,0,0,226
CPII,1008,0,0,0,0,0,1008
CPIX,4251,0,0,0,0,0,4251
CPK,11670,0,0,0,0,0,11670
CPLB,1260,0,0,0,0,0,1260
CPLS,629,0,0,0,0,0,629
CPNG,1336,0,0,0,0,0,1336
CPNJ,524,0,0,0,0,0,524
CPNM,338,0,0,0,0,0,338
CPNQ,398,0,0,0,0,0,398
CPNS,461,0,0,0,0,0,461
CPNX,50,0,0,0,0,0,50
CPOP,1259,0,0,0,0,0,1259
CPRA,317,0,0,0,0,0,317
CPRI,3658,0,0,0,0,0,3658
CPRJ,505,0,0,0,0,0,505
CPRO,441,0,0,0,0,0,441
CPRT,8129,0,0,0,0,0,8129
CPRX,4943,0,0,0,0,0,4943
CPRY,377,0,0,0,0,0,377
CPS,4053,0,0,0,0,0,4053
CPSA,483,0,0,0,0,0,483
CPSD,398,0,0,0,0,0,398
CPSF,357,0,0,0,0,0,357
CPSH,8117,0,0,0,0,0,8117
CPSJ,505,0,0,0,0,0,505
CPSL,457,0,0,0,0,0,457
CPSM,546,0,0,0,0,0,546
CPSN,418,0,0,0,0,0,418
CPSO,441,0,0,0,0,0,441
CPSP,317,0,0,0,0,0,317
CPSR,338,0,0,0,0,0,338
CPSS,8483,0,0,0,0,0,8483
CPST,461,0,0,0,0,0,461
CPSU,275,0,0,0,0,0,275
CPSY,377,0,0,0,0,0,377
CPT,8295,0,0,0,0,0,8295
CPXR,365,0,0,0,0,0,365
CPZ,1659,0,0,0,0,0,1659
CQP,4854,0,0,0,0,0,4854
CQQQ,4138,0,0,0,0,0,4138
CQTM,42,0,0,0,0,0,42
CR,820,0,0,0,0,0,820
CRAC,143,0,0,0,0,0,143
CRACU,164,0,0,0,0,0,164
CRACW,82,0,0,0,0,0,82
CRAI,7093,0,0,0,0,0,7093
CRAK,2734,0,0,0,0,0,2734
CRAN,121,0,0,0,0,0,121
CRANU,138,0,0,0,0,0,138
CRAQ,261,0,0,0,0,0,261
CRAQU,280,0,0,0,0,0,280
CRBD,394,0,0,0,0,0,394
CRBG,953,0,0,0,0,0,953
CRBN,2907,0,0,0,0,0,2907
CRBP,2939,0,0,0,0,0,2939
CRBU,1243,0,0,0,0,0,1243
CRC,1427,0,0,0,0,0,1427
CRCA,229,0,0,0,0,0,229
CRCD,194,0,0,0,0,0,194
CRCG,227,0,0,0,0,0,227
CRCL,272,0,0,0,0,0,272
CRCO,192,0,0,0,0,0,192
CRCT,1325,0,0,0,0,0,1325
CRDD,66,0,0,0,0,0,66
CRDF,5521,0,0,0,0,0,5521
CRDL,1878,0,0,0,0,0,1878
CRDO,1113,0,0,0,0,0,1113
CRDT,759,0,0,0,0,0,759
CRDU,202,0,0,0,0,0,202
CRDX,66,0,0,0,0,0,66
CRE,240,0,0,0,0,0,240
CRED,801,0,0,0,0,0,801
CREG,5417,0,0,0,0,0,5417
CRESY,7370,0,0,0,0,0,7370
CREX,4931,0,0,0,0,0,4931
CRF,9738,0,0,0,0,0,9738
CRGO,1161,0,0,0,0,0,1161
CRGOW,82,0,0,0,0,0,82
CRGY,1147,0,0,0,0,0,1147
CRH,9313,0,0,0,0,0,9313
CRI,5707,0,0,0,0,0,5707
CRIB,10,0,0,0,0,0,10
CRIS,6520,0,0,0,0,0,6520
CRK,9786,0,0,0,0,0,9786
CRL,6546,0,0,0,0,0,6546
CRM,5544,0,0,0,0,0,5544
CRMD,4061,0,0,0,0,0,4061
CRMG,314,0,0,0,0,0,314
CRML,1106,0,0,0,0,0,1106
CRMLW,83,0,0,0,1,1,82
CRMT,9903,0,0,0,0,0,9903
CRMU,101,0,0,0,0,0,101
CRMX,120,0,0,0,0,0,120
CRNC,1710,0,0,0,0,0,1710
CRNT,6517,0,0,0,0,0,6517
CRNX,2002,0,0,0,0,0,2002
CRON,2100,0,0,0,0,0,2100
CROX,5133,0,0,0,0,0,5133
CRPT,1202,0,0,0,0,0,1202
CRS,13456,0,0,0,0,0,13456
CRSH,545,0,0,0,0,0,545
CRSP,2440,0,0,0,0,0,2440
CRSR,1452,0,0,0,0,0,1452
CRT,8648,0,0,0,0,0,8648
CRTC,659,0,0,0,0,0,659
CRTO,3188,0,0,0,0,0,3188
CRUC,9,0,0,0,0,0,9
CRUS,9336,0,0,0,0,0,9336
CRUX,78,0,0,0,0,0,78
CRVL,8817,0,0,0,0,0,8817
CRVO,4557,0,0,0,0,0,4557
CRVS,2586,0,0,0,0,0,2586
CRWD,1776,0,0,0,0,0,1776
CRWG,227,0,0,0,0,0,227
CRWL,411,0,0,0,0,0,411
CRWS,5722,0,0,0,0,0,5722
CRWU,237,0,0,0,0,0,237
CRWV,319,0,0,0,0,0,319
CRWX,2,0,1,0,1,2,0
CRXP,141,0,0,0,0,0,141
CRY,48,0,0,0,0,0,48
CSAI,359,0,0,0,0,0,359
CSAN,1339,0,0,0,0,0,1339
CSB,2750,0,0,0,0,0,2750
CSBR,4886,0,0,0,0,0,4886
CSCL,259,0,0,0,0,0,259
CSCO,9161,0,0,0,0,0,9161
CSCS,259,0,0,0,0,0,259
CSD,4917,0,0,0,0,0,4917
CSEN,15,0,0,0,0,0,15
CSEX,160,0,0,0,0,0,160
CSGP,7046,0,0,0,0,0,7046
CSHI,965,0,0,0,0,0,965
CSHP,483,0,0,0,0,0,483
CSHR,66,0,0,0,0,0,66
CSIO,141,0,0,0,0,0,141
CSIQ,4942,0,0,0,0,0,4942
CSL,13456,0,0,0,0,0,13456
CSM,4271,0,0,0,0,0,4271
CSMD,720,0,0,0,0,0,720
CSNR,355,0,0,0,0,0,355
CSPF,355,0,0,0,0,0,355
CSPI,11197,0,0,0,0,0,11197
CSQ,5600,0,0,0,0,0,5600
CSR,7222,0,0,0,0,0,7222
CSRE,355,0,0,0,0,0,355
CSSD,140,0,0,0,0,0,140
CSTE,3592,0,0,0,0,0,3592
CSTK,292,0,0,0,0,0,292
CSTL,1746,0,0,0,0,0,1746
CSTM,3299,0,0,0,0,0,3299
CSV,7523,0,0,0,0,0,7523
CSW,2706,0,0,0,0,0,2706
CSWC,11670,0,0,0,0,0,11670
CSX,11509,0,0,0,0,0,11509
CTA,1086,0,0,0,0,0,1086
CTAA,56,0,0,0,0,0,56
CTAAU,92,0,0,0,0,0,92
CTAP,142,0,0,0,0,0,142
CTAS,10803,0,0,0,0,0,10803
CTBI,9702,0,0,0,0,0,9702
CTEC,1426,0,0,0,0,0,1426
CTEF,263,0,0,0,0,0,263
CTEV,1571,0,0,0,0,0,1571
CTEX,1195,0,0,0,0,0,1195
CTGG,13,0,0,0,0,0,13
CTGO,3907,0,0,0,0,0,3907
CTHH,13,0,0,0,0,0,13
CTIF,259,0,0,0,0,0,259
CTJL,3,0,0,0,0,0,3
CTJN,24,0,0,0,0,0,24
CTKB,1243,0,0,0,0,0,1243
CTM,934,0,0,0,0,0,934
CTMA,42,0,0,0,0,0,42
CTMX,2700,0,0,0,0,0,2700
CTNM,564,0,0,0,0,0,564
CTNT,735,0,0,0,0,0,735
CTO,11670,0,0,0,0,0,11670
CTOR,895,0,0,0,0,0,895
CTOS,2196,0,0,0,0,0,2196
CTRE,3044,0,0,0,0,0,3044
CTRI,554,0,0,0,0,0,554
CTRM,1860,0,0,0,0,0,1860
CTRN,5316,0,0,0,0,0,5316
CTS,11670,0,0,0,0,0,11670
CTSH,7054,0,0,0,0,0,7054
CTSO,5008,0,0,0,0,0,5008
CTVA,1788,0,0,0,0,0,1788
CTW,230,0,0,0,0,0,230
CTWO,262,0,0,0,0,0,262
CTXR,2956,0,0,0,0,0,2956
CUB,476,0,0,0,0,0,476
CUBB,1641,0,0,0,0,0,1641
CUBE,5459,0,0,0,0,0,5459
CUBI,3598,0,0,0,0,0,3598
CUBWU,512,0,0,0,0,0,512
CUBWW,82,0,0,0,0,0,82
CUE,2138,0,0,0,0,0,2138
CULP,10796,0,0,0,0,0,10796
CUPR,310,0,0,0,0,0,310
CURB,444,0,0,0,0,0,444
CURE,3786,0,0,0,0,0,3786
CURI,1631,0,0,0,0,0,1631
CURR,461,0,0,0,0,0,461
CURV,1258,0,0,0,0,0,1258
CURX,216,0,0,0,0,0,216
CUSD,1202,0,0,0,0,0,1202
CUST,22,0,0,0,0,0,22
CUT,4691,0,0,0,0,0,4691
CUZ,11670,0,0,0,0,0,11670
CV,254,0,0,0,0,0,254
CVAR,1136,0,0,0,0,0,1136
CVBF,10900,0,0,0,0,0,10900
CVCO,5790,0,0,0,0,0,5790
CVE,4182,0,0,0,0,0,4182
CVEO,3051,0,0,0,0,0,3051
CVGD,34,0,0,0,0,0,34
CVGI,5512,0,0,0,0,0,5512
CVI,4704,0,0,0,0,0,4704
CVIE,859,0,0,0,0,0,859
CVKD,867,0,0,0,0,0,867
CVLC,859,0,0,0,0,0,859
CVLG,7973,0,0,0,0,0,7973
CVLT,4976,0,0,0,0,0,4976
CVM,10726,0,0,0,0,0,10726
CVMC,859,0,0,0,0,0,859
CVNA,2309,0,0,0,0,0,2309
CVNY,358,0,0,0,0,0,358
CVR,13454,0,0,0,0,0,13454
CVRD,720,0,0,0,0,0,720
CVRT,690,0,0,0,0,0,690
CVRX,1259,0,0,0,0,0,1259
CVS,13456,0,0,0,0,0,13456
CVSA,8822,0,0,0,0,0,8822
CVSB,859,0,0,0,0,0,859
CVSM,34,0,0,0,0,0,34
CVU,8508,0,0,0,0,0,8508
CVV,6880,0,0,0,0,0,6880
CVX,16235,0,0,0,0,0,16235
CVY,4977,0,0,0,0,0,4977
CW,11670,0,0,0,0,0,11670
CWB,4332,0,0,0,0,0,4332
CWBC,6875,0,0,0,0,0,6875
CWCO,7913,0,0,0,0,0,7913
CWD,785,0,0,0,0,0,785
CWEB,2424,0,0,0,0,0,2424
CWEN,2801,0,0,0,0,0,2801
CWH,2448,0,0,0,0,0,2448
CWI,4898,0,0,0,0,0,4898
CWK,1991,0,0,0,0,0,1991
CWS,2460,0,0,0,0,0,2460
CWST,7214,0,0,0,0,0,7214
CWT,13456,0,0,0,0,0,13456
CWVX,248,0,0,0,0,0,248
CWY,57,0,0,0,0,0,57
CX,6742,0,0,0,0,0,6742
CXAI,1360,0,0,0,0,0,1360
CXAIW,83,0,0,0,1,1,82
CXDO,2080,0,0,0,0,0,2080
CXII,13,0,0,0,0,0,13
CXIIU,48,0,0,0,0,0,48
CXM,1264,0,0,0,0,0,1264
CXRN,343,0,0,0,0,0,343
CXSE,3466,0,0,0,0,0,3466
CXT,11670,0,0,0,0,0,11670
CXW,7289,0,0,0,0,0,7289
CYAB,69,0,0,0,0,0,69
CYCN,1836,0,0,0,0,0,1836
CYCU,347,0,0,0,0,0,347
CYCUW,82,0,0,0,0,0,82
CYD,7939,0,0,0,0,0,7939
CYH,6556,0,0,0,0,0,6556
CYN,1181,0,0,0,0,0,1181
CYPH,2374,0,0,0,0,0,2374
CYRX,5250,0,0,0,0,0,5250
CYTK,5580,0,0,0,0,0,5580
CZA,4845,0,0,0,0,0,4845
CZAR,641,0,0,0,0,0,641
CZFS,6918,0,0,0,0,0,6918
CZNC,8117,0,0,0,0,0,8117
CZR,2964,0,0,0,0,0,2964
CZWI,5602,0,0,0,0,0,5602
D,11670,0,0,0,0,0,11670
DAAQ,275,0,0,0,0,0,275
DAAQU,297,0,0,0,0,0,297
DAAQW,83,0,0,0,1,1,82
DABS,337,0,0,0,0,0,337
DAC,4960,0,0,0,0,0,4960
DADS,230,0,0,0,0,0,230
DAIC,261,0,0,0,0,0,261
DAICW,83,0,0,0,1,1,82
DAIO,9446,0,0,0,0,0,9446
DAK,235,0,0,0,0,0,235
DAKT,8153,0,0,0,0,0,8153
DAL,4824,0,0,0,0,0,4824
DALI,2046,0,0,0,0,0,2046
DAMD,159,0,0,0,0,0,159
DAN,4656,0,0,0,0,0,4656
DANA,147,0,0,0,0,0,147
DAO,1681,0,0,0,0,0,1681
DAPP,1312,0,0,0,0,0,1312
DAPR,1310,0,0,0,0,0,1310
DAR,8008,0,0,0,0,0,8008
DARE,3077,0,0,0,0,0,3077
DARP,1140,0,0,0,0,0,1140
DASH,1398,0,0,0,0,0,1398
DAT,1195,0,0,0,0,0,1195
DAUG,1672,0,0,0,0,0,1672
DAVA,1995,0,0,0,0,0,1995
DAVE,1305,0,0,0,0,0,1305
DAVEW,83,0,0,0,1,1,82
DAX,2941,0,0,0,0,0,2941
DB,7453,0,0,0,0,0,7453
DBA,4905,0,0,0,0,0,4905
DBAW,3129,0,0,0,0,0,3129
DBB,4905,0,0,0,0,0,4905
DBC,5135,0,0,0,0,0,5135
DBCA,91,0,0,0,0,0,91
DBCAU,100,0,0,0,0,0,100
DBD,726,0,0,0,0,0,726
DBE,4905,0,0,0,0,0,4905
DBEF,3790,0,0,0,0,0,3790
DBEM,3790,0,0,0,0,0,3790
DBEU,3209,0,0,0,0,0,3209
DBEZ,2905,0,0,0,0,0,2905
DBGI,1291,0,0,0,0,0,1291
DBI,5287,0,0,0,0,0,5287
DBJP,3790,0,0,0,0,0,3790
DBL,3630,0,0,0,0,0,3630
DBMF,1800,0,0,0,0,0,1800
DBND,1063,0,0,0,0,0,1063
DBO,4905,0,0,0,0,0,4905
DBP,4905,0,0,0,0,0,4905
DBRG,3023,0,0,0,0,0,3023
DBVT,2942,0,0,0,0,0,2942
DBX,2082,0,0,0,0,0,2082
DC,1066,0,0,0,0,0,1066
DCBG,504,0,0,0,0,0,504
DCBO,1402,0,0,0,0,0,1402
DCGO,1392,0,0,0,0,0,1392
DCH,6900,0,0,0,0,0,6900
DCI,11670,0,0,0,0,0,11670
DCMT,608,0,0,0,0,0,608
DCO,13406,0,0,0,0,0,13406
DCOM,6912,0,0,0,0,0,6912
DCOR,705,0,0,0,0,0,705
DCOY,2875,0,0,0,0,0,2875
DCRE,816,0,0,0,0,0,816
DCTH,2054,0,0,0,0,0,2054
DCX,1126,0,0,0,0,0,1126
DD,13636,0,0,0,0,0,13636
DDC,658,0,0,0,0,0,658
DDD,9652,0,0,0,0,0,9652
DDDD,80,0,0,0,0,0,80
DDEC,1390,0,0,0,0,0,1390
DDFA,66,0,0,0,0,0,66
DDFD,148,0,0,0,0,0,148
DDFF,107,0,0,0,0,0,107
DDFJ,127,0,0,0,0,0,127
DDFL,255,0,0,0,0,0,255
DDFM,88,0,0,0,0,0,88
DDFN,168,0,0,0,0,0,168
DDFO,191,0,0,0,0,0,191
DDFS,212,0,0,0,0,0,212
DDFY,45,0,0,0,0,0,45
DDFZ,25,0,0,0,0,0,25
DDI,1216,0,0,0,0,0,1216
DDIV,3099,0,0,0,0,0,3099
DDL,1260,0,0,0,0,0,1260
DDLS,2563,0,0,0,0,0,2563
DDM,5041,0,0,0,0,0,5041
DDNQ,127,0,0,0,0,0,127
DDOG,1707,0,0,0,0,0,1707
DDS,11670,0,0,0,0,0,11670
DDSQ,127,0,0,0,0,0,127
DDT,6973,0,0,0,0,0,6973
DDTA,66,0,0,0,0,0,66
DDTD,148,0,0,0,0,0,148
DDTF,107,0,0,0,0,0,107
DDTJ,127,0,0,0,0,0,127
DDTL,255,0,0,0,0,0,255
DDTM,88,0,0,0,0,0,88
DDTN,168,0,0,0,0,0,168
DDTO,191,0,0,0,0,0,191
DDTS,212,0,0,0,0,0,212
DDTY,45,0,0,0,0,0,45
DDTZ,25,0,0,0,0,0,25
DDV,160,0,0,0,0,0,160
DDWM,2619,0,0,0,0,0,2619
DDX,1203,0,0,0,0,0,1203
DDXX,160,0,0,0,0,0,160
DE,13636,0,0,0,0,0,13636
DEA,2869,0,0,0,0,0,2869
DEC,1341,0,691,0,0,691,650
DECK,8235,0,0,0,0,0,8235
DECM,383,0,0,0,0,0,383
DECO,456,0,0,0,0,0,456
DECP,516,0,0,0,0,0,516
DECT,900,0,0,0,0,0,900
DECU,398,0,0,0,0,0,398
DECW,900,0,0,0,0,0,900
DECZ,1404,0,0,0,0,0,1404
DEED,1553,0,0,0,0,0,1553
DEEF,2650,0,0,0,0,0,2650
DEEP,2963,0,0,0,0,0,2963
DEFI,953,0,0,0,0,0,953
DEFR,287,0,0,0,0,0,287
DEFT,473,0,0,0,0,0,473
DEHP,1051,0,0,0,0,0,1051
DEI,4953,0,0,0,0,0,4953
DELL,2484,0,0,0,0,0,2484
DEM,4775,0,0,0,0,0,4775
DEMZ,1422,0,0,0,0,0,1422
DEO,8891,0,0,0,0,0,8891
DERM,1164,0,0,0,0,0,1164
DES,5044,0,0,0,0,0,5044
DESK,699,0,0,0,0,0,699
DETX,53,0,0,0,0,0,53
DEUS,2650,0,0,0,0,0,2650
DEW,5044,0,0,0,0,0,5044
DEXC,409,0,0,0,0,0,409
DFAC,1271,0,0,0,0,0,1271
DFAE,1402,0,0,0,0,0,1402
DFAI,1411,0,0,0,0,0,1411
DFAL,10,0,0,0,0,0,10
DFAR,1094,0,0,0,0,0,1094
DFAS,1271,0,0,0,0,0,1271
DFAT,1271,0,0,0,0,0,1271
DFAU,1411,0,0,0,0,0,1411
DFAW,695,0,0,0,0,0,695
DFAX,1208,0,0,0,0,0,1208
DFCA,759,0,0,0,0,0,759
DFCF,1162,0,0,0,0,0,1162
DFDV,740,0,0,0,0,0,740
DFDVW,165,0,0,0,0,0,165
DFE,5044,0,0,0,0,0,5044
DFEB,1600,0,0,0,0,0,1600
DFEM,1051,0,0,0,0,0,1051
DFEN,2306,0,0,0,0,0,2306
DFEV,1051,0,0,0,0,0,1051
DFGP,665,0,0,0,0,0,665
DFGR,896,0,0,0,0,0,896
DFGX,665,0,0,0,0,0,665
DFH,1370,0,0,0,0,0,1370
DFIC,1074,0,0,0,0,0,1074
DFII,315,0,0,0,0,0,315
DFIN,2457,0,0,0,0,0,2457
DFIP,1162,0,0,0,0,0,1162
DFIS,1074,0,0,0,0,0,1074
DFIV,1208,0,0,0,0,0,1208
DFJ,5044,0,0,0,0,0,5044
DFLI,1221,0,0,0,0,0,1221
DFLIW,83,0,0,0,1,1,82
DFLV,896,0,0,0,0,0,896
DFMC,74,0,0,0,0,0,74
DFNL,2382,0,0,0,0,0,2382
DFNM,1162,0,0,0,0,0,1162
DFNS,1496,0,0,0,0,0,1496
DFP,3298,0,0,0,0,0,3298
DFSB,910,0,0,0,0,0,910
DFSC,1378,0,0,0,0,0,1378
DFSCW,82,0,0,0,0,0,82
DFSD,1162,0,0,0,0,0,1162
DFSE,920,0,0,0,0,0,920
DFSI,920,0,0,0,0,0,920
DFSU,920,0,0,0,0,0,920
DFSV,1094,0,0,0,0,0,1094
DFTT,161,0,0,0,0,0,161
DFTX,2421,0,0,0,0,0,2421
DFUS,1271,0,0,0,0,0,1271
DFUV,1043,0,0,0,0,0,1043
DFVE,608,0,0,0,0,0,608
DFVX,669,0,0,0,0,0,669
DG,4184,0,0,0,0,0,4184
DGAP,53,0,0,0,0,0,53
DGCB,664,0,0,0,0,0,664
DGICA,5788,0,0,0,0,0,5788
DGICB,9996,0,0,0,0,0,9996
DGII,9253,0,0,0,0,0,9253
DGIN,1098,0,0,0,0,0,1098
DGJA,116,0,0,0,0,0,116
DGLO,229,0,0,0,0,0,229
DGNX,365,0,0,0,0,0,365
DGOC,178,0,0,0,0,0,178
DGP,4617,0,0,0,0,0,4617
DGRE,3251,0,0,0,0,0,3251
DGRO,3034,0,0,0,0,0,3034
DGRS,3256,0,0,0,0,0,3256
DGRW,3300,0,0,0,0,0,3300
DGS,4699,0,0,0,0,0,4699
DGT,6477,0,0,0,0,0,6477
DGX,7433,0,0,0,0,0,7433
DGXX,1378,0,0,0,0,0,1378
DGZ,4616,0,0,0,0,0,4616
DH,1206,0,0,0,0,0,1206
DHC,6631,0,0,0,0,0,6631
DHCNI,3508,0,0,0,0,0,3508
DHCNL,3,0,0,0,1,1,2
DHDG,427,0,0,0,0,0,427
DHF,7092,0,0,0,0,0,7092
DHI,8580,0,0,0,0,0,8580
DHLX,193,0,0,0,0,0,193
DHR,11976,0,0,0,0,0,11976
DHS,5044,0,0,0,0,0,5044
DHSB,342,0,0,0,0,0,342
DHT,5213,0,0,0,0,0,5213
DHX,4766,0,0,0,0,0,4766
DHY,7027,0,0,0,0,0,7027
DIA,7159,0,0,0,0,0,7159
DIAL,2192,0,0,0,0,0,2192
DIBS,1273,0,0,0,0,0,1273
DIEM,2536,0,0,0,0,0,2536
DIG,4887,0,0,0,0,0,4887
DIHP,1074,0,0,0,0,0,1074
DIM,5044,0,0,0,0,0,5044
DIME,187,0,0,0,0,0,187
DIN,8808,0,0,0,0,0,8808
DINE,43,0,0,0,0,0,43
DINO,11670,0,0,0,0,0,11670
DINT,2096,0,0,0,0,0,2096
DIOD,13456,0,0,0,0,0,13456
DIPR,42,0,0,0,0,0,42
DIPS,489,0,0,0,0,0,489
DIS,16235,0,0,0,0,0,16235
DISV,1074,0,0,0,0,0,1074
DIT,7780,0,0,0,0,0,7780
DIV,3350,0,0,0,0,0,3350
DIVB,2173,0,0,0,0,0,2173
DIVD,943,0,0,0,0,0,943
DIVE,202,0,0,0,0,0,202
DIVG,645,0,0,0,0,0,645
DIVI,2536,0,0,0,0,0,2536
DIVL,725,0,0,0,0,0,725
DIVN,258,0,0,0,0,0,258
DIVO,2400,0,0,0,0,0,2400
DIVP,584,0,0,0,0,0,584
DIVS,1321,0,0,0,0,0,1321
DIVY,1382,0,0,0,0,0,1382
DIVZ,1365,0,0,0,0,0,1365
DJAN,1372,0,0,0,0,0,1372
DJCO,10094,0,0,0,0,0,10094
DJD,2650,0,0,0,0,0,2650
DJIA,1094,0,0,0,0,0,1094
DJP,4950,0,0,0,0,0,4950
DJT,1195,0,0,0,0,0,1195
DJTU,337,0,0,0,0,0,337
DJTWW,570,0,0,0,1,1,569
DJUL,1498,0,0,0,0,0,1498
DJUN,1517,0,0,0,0,0,1517
DK,5074,0,0,0,0,0,5074
DKI,228,0,0,0,0,0,228
DKL,3437,0,0,0,0,0,3437
DKNG,1746,0,0,0,0,0,1746
DKNX,234,0,0,0,0,0,234
DKS,5967,0,0,0,0,0,5967
DLAG,198,0,0,0,0,0,198
DLB,5378,0,0,0,0,0,5378
DLFE,93,0,0,0,0,0,93
DLHC,10103,0,0,0,0,0,10103
DLLL,348,0,0,0,0,0,348
DLMY,34,0,0,0,0,0,34
DLN,5044,0,0,0,0,0,5044
DLNG,3178,0,0,0,0,0,3178
DLNV,153,0,0,0,0,0,153
DLO,1278,0,0,0,0,0,1278
DLPN,4947,0,0,0,0,0,4947
DLR,5454,0,0,0,0,0,5454
DLS,5044,0,0,0,0,0,5044
DLTH,2669,0,0,0,0,0,2669
DLTR,7885,0,0,0,0,0,7885
DLUX,66,0,0,0,0,0,66
DLX,11670,0,0,0,0,0,11670
DLXY,250,0,0,0,0,0,250
DLY,1598,0,0,0,0,0,1598
DMA,1122,0,0,0,0,0,1122
DMAA,342,0,0,0,0,0,342
DMAAU,360,0,0,0,0,0,360
DMAC,3499,0,0,0,0,0,3499
DMAR,1329,0,0,0,0,0,1329
DMAX,377,0,0,0,0,0,377
DMAY,1540,0,0,0,0,0,1540
DMB,3318,0,0,0,0,0,3318
DMBS,814,0,0,0,0,0,814
DMC,7217,0,0,0,0,0,7217
DMII,147,0,0,0,0,0,147
DMIIU,195,0,0,0,0,0,195
DMLP,5893,0,0,0,0,0,5893
DMO,4116,0,0,0,0,0,4116
DMRA,1426,0,0,0,0,0,1426
DMRC,6687,0,0,0,0,0,6687
DMX,397,0,0,0,0,0,397
DMXF,1519,0,0,0,0,0,1519
DNA,1310,0,0,0,0,0,1310
DNL,5044,0,0,0,0,0,5044
DNLI,2153,0,0,0,0,0,2153
DNMX,156,0,0,0,0,0,156
DNMXU,170,0,0,0,0,0,170
DNMXW,133,0,0,0,0,0,133
DNN,5384,0,0,0,0,0,5384
DNNG,101,0,0,0,0,0,101
DNOV,1665,0,0,0,0,0,1665
DNOW,3050,0,0,0,0,0,3050
DNP,9939,0,0,0,0,0,9939
DNTH,2020,0,0,0,0,0,2020
DNUT,1258,0,0,0,0,0,1258
DOC,10358,0,0,0,0,0,10358
DOCK,42,0,0,0,0,0,42
DOCN,1327,0,0,0,0,0,1327
DOCS,1263,0,0,0,0,0,1263
DOCT,1478,0,0,0,0,0,1478
DOCU,2058,0,0,0,0,0,2058
DOG,5041,0,0,0,0,0,5041
DOGG,800,0,0,0,0,0,800
DOGZ,2146,0,0,0,0,0,2146
DOJE,200,0,0,0,0,0,200
DOL,5044,0,0,0,0,0,5044
DOLE,1238,0,0,0,0,0,1238
DOMH,11669,0,0,0,0,0,11669
DOMO,2014,0,0,0,0,0,2014
DON,5044,0,0,0,0,0,5044
DOO,3247,0,0,0,0,0,3247
DORM,8893,0,0,0,0,0,8893
DOUG,1132,0,0,0,0,0,1132
DOV,11670,0,0,0,0,0,11670
DOW,1834,0,0,0,0,0,1834
DOX,7054,0,0,0,0,0,7054
DOYU,1752,0,0,0,0,0,1752
DPC,8,0,0,0,0,0,8
DPG,3754,0,0,0,0,0,3754
DPRE,57,0,0,0,0,0,57
DPRO,1378,0,0,0,0,0,1378
DPST,2734,0,0,0,0,0,2734
DPZ,5531,0,0,0,0,0,5531
DQ,3959,0,0,0,0,0,3959
DQJN,11,0,0,0,0,0,11
DRAI,498,0,0,0,0,0,498
DRAL,8,0,0,0,0,0,8
DRAM,65,0,0,0,0,0,65
DRAY,246,0,0,0,0,0,246
DRCT,1102,0,0,0,0,0,1102
DRD,8089,0,0,0,0,0,8089
DRDB,357,0,0,0,0,0,357
DRDBU,389,0,0,0,0,0,389
DRDBW,82,0,0,0,0,0,82
DRES,191,0,0,0,0,0,191
DRGN,246,0,0,0,0,0,246
DRH,5310,0,0,0,0,0,5310
DRI,7841,0,0,0,0,0,7841
DRIO,2593,0,0,0,0,0,2593
DRIP,2792,0,0,0,0,0,2792
DRIV,2066,0,0,0,0,0,2066
DRKY,186,0,0,0,0,0,186
DRLL,980,0,0,0,0,0,980
DRMA,1228,0,0,0,0,0,1228
DRMAW,82,0,0,0,0,0,82
DRMP,17,0,0,0,0,0,17
DRN,4269,0,0,0,0,0,4269
DRNL,87,0,0,0,0,0,87
DRNZ,171,0,0,0,0,0,171
DRS,10337,0,0,0,0,0,10337
DRSK,1986,0,0,0,0,0,1986
DRTS,1339,0,0,0,0,0,1339
DRTSW,83,0,0,0,1,1,82
DRUG,1329,0,0,0,0,0,1329
DRUP,1695,0,0,0,0,0,1695
DRV,4269,0,0,0,0,0,4269
DRVN,1372,0,0,0,0,0,1372
DSAC,109,0,0,0,0,0,109
DSACU,143,0,0,0,0,0,143
DSC,8,0,0,0,0,0,8
DSCO,107,0,0,0,0,0,107
DSEP,1454,0,0,0,0,0,1454
DSGN,1324,0,0,0,0,0,1324
DSGR,11670,0,0,0,0,0,11670
DSGX,6902,0,0,0,0,0,6902
DSI,4936,0,0,0,0,0,4936
DSL,3318,0,0,0,0,0,3318
DSM,9220,0,0,0,0,0,9220
DSMC,939,0,0,0,0,0,939
DSP,1356,0,0,0,0,0,1356
DSPY,316,0,0,0,0,0,316
DSS,8114,0,0,0,0,0,8114
DSTL,1933,0,0,0,0,0,1933
DSTX,1394,0,0,0,0,0,1394
DSU,7111,0,0,0,0,0,7111
DSWL,7792,0,0,0,0,0,7792
DSX,5355,0,0,0,0,0,5355
DSY,873,0,0,0,0,0,873
DSYWW,83,0,0,0,1,1,82
DT,1741,0,0,0,0,0,1741
DTAN,456,0,0,0,0,0,456
DTB,1442,0,0,0,0,0,1442
DTCR,1426,0,0,0,0,0,1426
DTCX,1077,0,0,0,0,0,1077
DTD,5044,0,0,0,0,0,5044
DTE,16235,0,0,0,0,0,16235
DTEC,2139,0,0,0,0,0,2139
DTF,8714,0,0,0,0,0,8714
DTG,1152,0,0,0,0,0,1152
DTH,5044,0,0,0,0,0,5044
DTI,1133,0,0,0,0,0,1133
DTIL,1828,0,0,0,0,0,1828
DTK,198,0,0,0,0,0,198
DTM,1258,0,0,0,0,0,1258
DTRE,4741,0,0,0,0,0,4741
DTSQ,452,0,0,0,0,0,452
DTSQU,488,0,0,0,0,0,488
DTSS,2096,0,0,0,0,0,2096
DTST,3598,0,0,0,0,0,3598
DTW,2081,0,0,0,0,0,2081
DUBS,767,0,0,0,0,0,767
DUG,4887,0,0,0,0,0,4887
DUHP,1094,0,0,0,0,0,1094
DUK,11670,0,0,0,0,0,11670
DUKB,1937,0,0,0,0,0,1937
DUKH,498,0,0,0,0,0,498
DUKQ,498,0,0,0,0,0,498
DUKR,1378,0,0,0,0,0,1378
DUKRW,35,0,0,0,0,0,35
DUKX,498,0,0,0,0,0,498
DUKZ,498,0,0,0,0,0,498
DULL,845,0,0,0,0,0,845
DUNK,202,0,0,0,0,0,202
DUO,1676,0,0,0,0,0,1676
DUOG,141,0,0,0,0,0,141
DUOL,1240,0,0,0,0,0,1240
DUOT,2288,0,0,0,0,0,2288
DURA,1928,0,0,0,0,0,1928
DUSA,2382,0,0,0,0,0,2382
DUSB,695,0,0,0,0,0,695
DUSG,42,0,0,0,0,0,42
DUSL,2306,0,0,0,0,0,2306
DUST,3916,0,0,0,0,0,3916
DUTY,62,0,0,0,0,0,62
DV,1308,0,0,0,0,0,1308
DVA,7719,0,0,0,0,0,7719
DVAL,922,0,0,0,0,0,922
DVDN,669,0,0,0,0,0,669
DVGR,145,0,0,0,0,0,145
DVIN,240,0,0,0,0,0,240
DVLT,1995,0,0,0,0,0,1995
DVLU,1937,0,0,0,0,0,1937
DVN,10318,0,0,0,0,0,10318
DVND,982,0,0,0,0,0,982
DVOL,1937,0,0,0,0,0,1937
DVQQ,382,0,0,0,0,0,382
DVRE,240,0,0,0,0,0,240
DVSP,387,0,0,0,0,0,387
DVUT,240,0,0,0,0,0,240
DVVY,75,0,0,0,0,0,75
DVXB,240,0,0,0,0,0,240
DVXC,240,0,0,0,0,0,240
DVXE,240,0,0,0,0,0,240
DVXF,240,0,0,0,0,0,240
DVXK,240,0,0,0,0,0,240
DVXP,239,0,0,0,0,0,239
DVXV,240,0,0,0,0,0,240
DVXY,240,0,0,0,0,0,240
DVY,5699,0,0,0,0,0,5699
DVYA,3611,0,0,0,0,0,3611
DVYE,3611,0,0,0,0,0,3611
DWAS,3510,0,0,0,0,0,3510
DWAW,1638,0,0,0,0,0,1638
DWLD,2382,0,0,0,0,0,2382
DWM,5044,0,0,0,0,0,5044
DWMF,1985,0,0,0,0,0,1985
DWSH,2007,0,0,0,0,0,2007
DWSN,8117,0,0,0,0,0,8117
DWTX,1392,0,0,0,0,0,1392
DWUS,1638,0,0,0,0,0,1638
DWWN,31,0,0,0,0,0,31
DWX,4623,0,0,0,0,0,4623
DX,9672,0,0,0,0,0,9672
DXC,11217,0,0,0,0,0,11217
DXCM,5340,0,0,0,0,0,5340
DXD,5026,0,0,0,0,0,5026
DXF,363,0,0,0,0,0,363
DXIV,454,0,0,0,0,0,454
DXJ,5044,0,0,0,0,0,5044
DXLG,9848,0,0,0,0,0,9848
DXPE,7084,0,0,0,0,0,7084
DXR,10822,0,0,0,0,0,10822
DXST,365,0,0,0,0,0,365
DXUV,454,0,0,0,0,0,454
DXYZ,571,0,0,0,0,0,571
DY,10604,0,0,0,0,0,10604
DYAI,4646,0,0,0,0,0,4646
DYFI,623,0,0,0,0,0,623
DYLD,1260,0,0,0,0,0,1260
DYLG,739,0,0,0,0,0,739
DYN,1456,0,0,0,0,0,1456
DYNB,196,0,0,0,0,0,196
DYNC,393,0,0,0,0,0,393
DYNCU,403,0,0,0,0,0,403
DYNF,1833,0,0,0,0,0,1833
DYOR,157,0,0,0,0,0,157
DYORU,171,0,0,0,0,0,171
DYORW,82,0,0,0,0,0,82
DYTA,819,0,0,0,0,0,819
DZZ,4617,0,0,0,0,0,4617
E,7700,0,0,0,0,0,7700
EA,9265,0,0,0,0,0,9265
EAD,5877,0,0,0,0,0,5877
EAF,2064,0,0,0,0,0,2064
EAFG,573,0,0,0,0,0,573
EAGG,1934,0,0,0,0,0,1934
EAGL,572,0,0,0,0,0,572
EAI,110,0,0,0,0,0,110
EALT,692,0,0,0,0,0,692
EAOA,1519,0,0,0,0,0,1519
EAOK,1519,0,0,0,0,0,1519
EAOM,1519,0,0,0,0,0,1519
EAOR,1519,0,0,0,0,0,1519
EAPR,1321,0,0,0,0,0,1321
EARN,3315,0,0,0,0,0,3315
EART,1113,0,0,0,0,0,1113
EASG,1925,0,0,0,0,0,1925
EASY,191,0,0,0,0,0,191
EAT,10707,0,0,0,0,0,10707
EBAY,6987,0,0,0,0,0,6987
EBC,1436,0,0,0,0,0,1436
EBF,11670,0,0,0,0,0,11670
EBI,339,0,0,0,0,0,339
EBIT,498,0,0,0,0,0,498
EBIZ,1907,0,0,0,0,0,1907
EBMT,6600,0,0,0,0,0,6600
EBND,3863,0,0,0,0,0,3863
EBON,1513,0,0,0,0,0,1513
EBS,4938,0,0,0,0,0,4938
EBUF,505,0,0,0,0,0,505
EC,4476,0,0,0,0,0,4476
ECAT,1197,0,0,0,0,0,1197
ECBK,988,0,0,0,0,0,988
ECC,2952,0,0,0,0,0,2952
ECCC,1271,0,0,0,0,0,1271
ECCU,385,0,0,0,0,0,385
ECCV,1114,0,0,0,0,0,1114
ECF,10086,0,0,0,0,0,10086
ECG,422,0,0,0,0,0,422
ECH,4684,0,0,0,0,0,4684
ECHO,4656,0,0,0,0,0,4656
ECHX,138,0,0,0,0,0,138
ECL,13456,0,0,0,0,0,13456
ECML,782,0,0,0,0,0,782
ECNS,3965,0,0,0,0,0,3965
ECO,726,0,0,0,0,0,726
ECON,3976,0,0,0,0,0,3976
ECOR,2019,0,0,0,0,0,2019
ECOW,1802,0,0,0,0,0,1802
ECPG,6789,0,0,0,0,0,6789
ECVT,2202,0,0,0,0,0,2202
ECX,1322,0,0,0,0,0,1322
ECXWW,83,0,0,0,1,1,82
ED,16235,0,0,0,0,0,16235
EDBL,1045,0,0,0,0,0,1045
EDBLW,83,0,0,0,1,1,82
EDC,4405,0,0,0,0,0,4405
EDD,4831,0,0,0,0,0,4831
EDEN,3631,0,0,0,0,0,3631
EDF,3904,0,0,0,0,0,3904
EDGE,365,0,0,0,0,0,365
EDGF,439,0,0,0,0,0,439
EDGH,439,0,0,0,0,0,439
EDGI,439,0,0,0,0,0,439
EDGQ,96,0,0,0,0,0,96
EDGU,439,0,0,0,0,0,439
EDGX,96,0,0,0,0,0,96
EDHL,305,0,0,0,0,0,305
EDIT,2620,0,0,0,0,0,2620
EDIV,3863,0,0,0,0,0,3863
EDN,4829,0,0,0,0,0,4829
EDOG,3086,0,0,0,0,0,3086
EDOW,2238,0,0,0,0,0,2238
EDRY,2034,0,0,0,0,0,2034
EDSA,4035,0,0,0,0,0,4035
EDTK,1495,0,0,0,0,0,1495
EDU,4981,0,0,0,0,0,4981
EDUC,11669,0,0,0,0,0,11669
EDV,4638,0,0,0,0,0,4638
EDZ,4405,0,0,0,0,0,4405
EE,1060,0,0,0,0,0,1060
EEA,10068,0,0,0,0,0,10068
EEE,108,0,0,0,0,0,108
EEFT,7378,0,0,0,0,0,7378
EEIQ,1327,0,0,0,0,0,1327
EELV,3639,0,0,0,0,0,3639
EEM,5844,0,0,0,0,0,5844
EEMA,3621,0,0,0,0,0,3621
EEMO,3611,0,0,0,0,0,3611
EEMS,3741,0,0,0,0,0,3741
EEMV,3697,0,0,0,0,0,3697
EEMX,2421,0,0,0,0,0,2421
EES,4872,0,0,0,0,0,4872
EET,4298,0,0,0,0,0,4298
EETH,692,0,0,0,0,0,692
EEV,4697,0,0,0,0,0,4697
EEX,2309,0,0,0,0,0,2309
EFA,6250,0,0,0,0,0,6250
EFAA,494,0,0,0,0,0,494
EFAD,2985,0,0,0,0,0,2985
EFAS,2400,0,0,0,0,0,2400
EFAV,3697,0,0,0,0,0,3697
EFAX,2429,0,0,0,0,0,2429
EFC,3958,0,0,0,0,0,3958
EFFE,380,0,0,0,0,0,380
EFFI,387,0,0,0,0,0,387
EFG,5261,0,0,0,0,0,5261
EFIV,1491,0,0,0,0,0,1491
EFNL,3631,0,0,0,0,0,3631
EFO,4298,0,0,0,0,0,4298
EFOI,8023,0,0,0,0,0,8023
EFOR,8505,0,0,0,0,0,8505
EFR,5687,0,0,0,0,0,5687
EFRA,919,0,0,0,0,0,919
EFSC,5781,0,0,0,0,0,5781
EFSCP,1165,0,0,0,0,0,1165
EFSI,6287,0,0,0,0,0,6287
EFT,5522,0,0,0,0,0,5522
EFTY,228,0,0,0,0,0,228
EFU,4702,0,0,0,0,0,4702
EFV,5261,0,0,0,0,0,5261
EFX,11670,0,0,0,0,0,11670
EFXT,3788,0,0,0,0,0,3788
EFZ,4702,0,0,0,0,0,4702
EG,7739,0,0,0,0,0,7739
EGAN,6736,0,0,0,0,0,6736
EGBN,6786,0,0,0,0,0,6786
EGG,263,0,0,0,0,0,263
EGGQ,379,0,0,0,0,0,379
EGGS,380,0,0,0,0,0,380
EGGY,380,0,0,0,0,0,380
EGHA,256,0,0,0,0,0,256
EGHAU,290,0,0,0,0,0,290
EGHT,7297,0,0,0,0,0,7297
EGLE,306,0,0,0,0,0,306
EGO,5900,0,0,0,0,0,5900
EGP,13456,0,0,0,0,0,13456
EGUS,857,0,0,0,0,0,857
EGY,8415,0,0,0,0,0,8415
EH,1647,0,0,0,0,0,1647
EHC,10021,0,0,0,0,0,10021
EHCC,65,0,0,0,0,0,65
EHGO,504,0,0,0,0,0,504
EHI,5771,0,0,0,0,0,5771
EHLD,334,0,0,0,0,0,334
EHLS,567,0,0,0,0,0,567
EHTH,4956,0,0,0,0,0,4956
EHY,185,0,0,0,0,0,185
EIC,1747,0,0,0,0,0,1747
EICA,1182,0,0,0,0,0,1182
EIDO,4065,0,0,0,0,0,4065
EIG,4888,0,0,0,0,0,4888
EIIA,434,0,0,0,0,0,434
EIKN,104,0,0,0,0,0,104
EIM,6001,0,0,0,0,0,6001
EINC,3598,0,0,0,0,0,3598
EIPI,543,0,0,0,0,0,543
EIPX,919,0,0,0,0,0,919
EIRL,4063,0,0,0,0,0,4063
EIS,4597,0,0,0,0,0,4597
EIX,13406,0,0,0,0,0,13406
EJAN,1635,0,0,0,0,0,1635
EJH,1291,0,0,0,0,0,1291
EJUL,1763,0,0,0,0,0,1763
EKG,1075,0,0,0,0,0,1075
EL,7706,0,0,0,0,0,7706
ELA,8635,0,0,0,0,0,8635
ELAB,656,0,0,0,0,0,656
ELAN,1957,0,0,0,0,0,1957
ELBM,1378,0,0,0,0,0,1378
ELC,1126,0,0,0,0,0,1126
ELCV,441,0,0,0,0,0,441
ELD,4001,0,0,0,0,0,4001
ELDN,2967,0,0,0,0,0,2967
ELE,1487,0,0,0,0,0,1487
ELF,2459,0,0,0,0,0,2459
ELFY,310,0,0,0,0,0,310
ELIL,320,0,0,0,0,0,320
ELLA,63,0,0,0,0,0,63
ELLO,7736,0,0,0,0,0,7736
ELM,350,0,0,0,0,0,350
ELMD,3997,0,0,0,0,0,3997
ELME,11670,0,0,0,0,0,11670
ELMT,51,0,0,0,0,0,51
ELOG,214,0,0,0,0,0,214
ELOX,19,0,0,0,0,0,19
ELPC,630,0,0,0,0,0,630
ELPW,798,0,0,0,0,0,798
ELS,8397,0,0,0,0,0,8397
ELSE,11360,0,0,0,0,0,11360
ELTK,7409,0,0,0,0,0,7409
ELTX,1359,0,0,0,0,0,1359
ELUT,1441,0,0,0,0,0,1441
ELV,6209,0,0,0,0,0,6209
ELVA,4150,0,0,0,0,0,4150
ELVN,1587,0,0,0,0,0,1587
ELVR,212,0,0,0,0,0,212
ELWT,166,0,0,0,0,0,166
EMA,4150,0,0,0,0,0,4150
EMAT,124,0,0,0,0,0,124
EMB,4664,0,0,0,0,0,4664
EMBC,1076,0,0,0,0,0,1076
EMBD,1530,0,0,0,0,0,1530
EMBJ,6527,0,0,0,0,0,6527
EMBX,3518,0,0,0,0,0,3518
EMC,788,0,0,0,0,0,788
EMCB,3602,0,0,0,0,0,3602
EMCR,1904,0,0,0,0,0,1904
EMCS,1904,0,0,0,0,0,1904
EMD,5681,0,0,0,0,0,5681
EMDM,838,0,0,0,0,0,838
EMDV,2625,0,0,0,0,0,2625
EME,7924,0,0,0,0,0,7924
EMEM,32,0,0,0,0,0,32
EMEQ,459,0,0,0,0,0,459
EMES,286,0,0,0,0,0,286
EMET,1165,0,0,0,0,0,1165
EMF,9914,0,0,0,0,0,9914
EMFI,51,0,0,0,0,0,51
EMGF,2650,0,0,0,0,0,2650
EMHC,1318,0,0,0,0,0,1318
EMHY,3584,0,0,0,0,0,3584
EMIF,4287,0,0,0,0,0,4287
EMIS,176,0,0,0,0,0,176
EMJL,3,0,0,0,0,0,3
EMJN,24,0,0,0,0,0,24
EMKT,173,0,0,0,0,0,173
EML,11670,0,0,0,0,0,11670
EMLC,4012,0,0,0,0,0,4012
EMLP,3529,0,0,0,0,0,3529
EMM,788,0,0,0,0,0,788
EMMF,1985,0,0,0,0,0,1985
EMMY,42,0,0,0,0,0,42
EMN,8194,0,0,0,0,0,8194
EMNT,1648,0,0,0,0,0,1648
EMO,3787,0,0,0,0,0,3787
EMOP,263,0,0,0,0,0,263
EMOT,493,0,0,0,0,0,493
EMP,110,0,0,0,0,0,110
EMPB,390,0,0,0,0,0,390
EMPD,1191,0,0,0,0,0,1191
EMPG,254,0,0,0,0,0,254
EMQQ,2924,0,0,0,0,0,2924
EMR,13636,0,0,0,0,0,13636
EMSC,31,0,0,0,0,0,31
EMSF,698,0,0,0,0,0,698
EMTL,2563,0,0,0,0,0,2563
EMTY,2168,0,0,0,0,0,2168
EMXC,2248,0,0,0,0,0,2248
EMXF,1438,0,0,0,0,0,1438
EMXX,22,0,0,0,0,0,22
ENB,10659,0,0,0,0,0,10659
ENDW,310,0,0,0,0,0,310
ENFR,3186,0,0,0,0,0,3186
ENGN,1110,0,0,0,0,0,1110
ENGNW,82,0,0,0,0,0,82
ENGS,317,0,0,0,0,0,317
ENHA,40,0,0,0,0,0,40
ENHI,80,0,0,0,0,0,80
ENHU,166,0,0,0,0,0,166
ENIC,2566,0,0,0,0,0,2566
ENJ,3415,0,0,0,0,0,3415
ENLT,879,0,0,0,0,0,879
ENLV,3000,0,0,0,0,0,3000
ENO,2585,0,0,0,0,0,2585
ENOR,3633,0,0,0,0,0,3633
ENOV,4568,0,0,0,0,0,4568
ENPH,3586,0,0,0,0,0,3586
ENR,2782,0,0,0,0,0,2782
ENRD,18,0,0,0,0,0,18
ENS,5517,0,0,0,0,0,5517
ENSC,2089,0,0,0,0,0,2089
ENSG,4691,0,0,0,0,0,4691
ENTA,3343,0,0,0,0,0,3343
ENTG,6535,0,0,0,0,0,6535
ENTL,10,0,0,0,0,0,10
ENTX,2015,0,0,0,0,0,2015
ENVA,2926,0,0,0,0,0,2926
ENVB,2810,0,0,0,0,0,2810
ENVX,1381,0,0,0,0,0,1381
ENZL,3983,0,0,0,0,0,3983
EO,5,0,0,0,0,0,5
EOCT,1194,0,0,0,0,0,1194
EOD,4849,0,0,0,0,0,4849
EOG,9255,0,0,0,0,0,9255
EOI,5456,0,0,0,0,0,5456
EOLS,2112,0,0,0,0,0,2112
EONR,1065,0,0,0,0,0,1065
EOS,5393,0,0,0,0,0,5393
EOSE,1424,0,0,0,0,0,1424
EOSU,119,0,0,0,0,0,119
EOT,4304,0,0,0,0,0,4304
EP,6712,0,0,0,0,0,6712
EPAC,6526,0,0,0,0,0,6526
EPAI,136,0,0,0,0,0,136
EPAM,3622,0,0,0,0,0,3622
EPC,6608,0,0,0,0,0,6608
EPD,7028,0,0,0,0,0,7028
EPEM,272,0,0,0,0,0,272
EPHE,3965,0,0,0,0,0,3965
EPI,4619,0,0,0,0,0,4619
EPIN,272,0,0,0,0,0,272
EPM,7607,0,0,0,0,0,7607
EPMB,295,0,0,0,0,0,295
EPMV,295,0,0,0,0,0,295
EPOL,4052,0,0,0,0,0,4052
EPOW,1357,0,0,0,0,0,1357
EPP,6211,0,0,0,0,0,6211
EPR,7200,0,0,0,0,0,7200
EPRF,2543,0,0,0,0,0,2543
EPRT,2020,0,0,0,0,0,2020
EPRX,564,0,0,0,0,0,564
EPS,4872,0,0,0,0,0,4872
EPSB,295,0,0,0,0,0,295
EPSM,321,0,0,0,0,0,321
EPSN,4687,0,0,0,0,0,4687
EPSV,295,0,0,0,0,0,295
EPU,4286,0,0,0,0,0,4286
EPV,4287,0,0,0,0,0,4287
EQ,1941,0,0,0,0,0,1941
EQAL,2898,0,0,0,0,0,2898
EQBK,2676,0,0,0,0,0,2676
EQH,2049,0,0,0,0,0,2049
EQIN,2504,0,0,0,0,0,2504
EQIX,6512,0,0,0,0,0,6512
EQL,4276,0,0,0,0,0,4276
EQLT,3109,0,0,0,0,0,3109
EQNR,6299,0,0,0,0,0,6299
EQPT,113,0,0,0,0,0,113
EQR,8280,0,0,0,0,0,8280
EQRR,2249,0,0,0,0,0,2249
EQS,8512,0,0,0,0,0,8512
EQT,11670,0,0,0,0,0,11670
EQTY,893,0,0,0,0,0,893
EQWL,4927,0,0,0,0,0,4927
EQX,1887,0,0,0,0,0,1887
ERAS,1248,0,0,0,0,0,1248
ERC,5794,0,0,0,0,0,5794
ERET,908,0,0,0,0,0,908
ERH,5582,0,0,0,0,0,5582
ERIC,11307,0,0,0,0,0,11307
ERIE,7740,0,0,0,0,0,7740
ERII,4530,0,0,0,0,0,4530
ERNA,8774,0,0,0,0,0,8774
ERO,2187,0,0,0,0,0,2187
EROC,18,0,0,0,0,0,18
EROK,36,0,0,0,0,0,36
ERTH,4954,0,0,0,0,0,4954
ERX,4432,0,0,0,0,0,4432
ERY,4432,0,0,0,0,0,4432
ES,13456,0,0,0,0,0,13456
ESAB,1071,0,0,0,0,0,1071
ESBA,3208,0,0,0,0,0,3208
ESBG,156,0,0,0,0,0,156
ESCA,11670,0,0,0,0,0,11670
ESE,9005,0,0,0,0,0,9005
ESEA,5073,0,0,0,0,0,5073
ESG,2508,0,0,0,0,0,2508
ESGD,2478,0,0,0,0,0,2478
ESGE,2504,0,0,0,0,0,2504
ESGG,2507,0,0,0,0,0,2507
ESGU,2407,0,0,0,0,0,2407
ESGV,1957,0,0,0,0,0,1957
ESI,3194,0,0,0,0,0,3194
ESIM,137,0,0,0,0,0,137
ESLA,1207,0,0,0,0,0,1207
ESLG,192,0,0,0,0,0,192
ESLT,7446,0,0,0,0,0,7446
ESLV,192,0,0,0,0,0,192
ESML,2046,0,0,0,0,0,2046
ESMV,1165,0,0,0,0,0,1165
ESN,427,0,0,0,0,0,427
ESNT,3187,0,0,0,0,0,3187
ESOA,4969,0,0,0,0,0,4969
ESP,11670,0,0,0,0,0,11670
ESPO,1938,0,0,0,0,0,1938
ESPR,3276,0,0,0,0,0,3276
ESQ,2268,0,0,0,0,0,2268
ESRT,3208,0,0,0,0,0,3208
ESS,8074,0,0,0,0,0,8074
ESSC,192,0,0,0,0,0,192
ESTA,2001,0,0,0,0,0,2001
ESTC,1946,0,0,0,0,0,1946
ESUM,386,0,0,0,0,0,386
ET,5136,0,0,0,0,0,5136
ETB,5331,0,0,0,0,0,5331
ETCO,210,0,0,0,0,0,210
ETD,8384,0,0,0,0,0,8384
ETEC,818,0,0,0,0,0,818
ETFT,148,0,0,0,0,0,148
ETG,5644,0,0,0,0,0,5644
ETH,490,0,0,0,0,0,490
ETHA,490,0,0,0,0,0,490
ETHB,80,0,0,0,0,0,80
ETHD,520,0,0,0,0,0,520
ETHE,1774,0,0,0,0,0,1774
ETHO,2670,0,0,0,0,0,2670
ETHT,520,0,0,0,0,0,520
ETHU,523,0,0,0,0,0,523
ETHV,490,0,0,0,0,0,490
ETHW,490,0,0,0,0,0,490
ETJ,4765,0,0,0,0,0,4765
ETN,13636,0,0,0,0,0,13636
ETNG,37,0,0,0,0,0,37
ETO,5562,0,0,0,0,0,5562
ETON,1919,0,0,0,0,0,1919
ETOR,288,0,0,0,0,0,288
ETR,13636,0,0,0,0,0,13636
ETS,219,0,0,0,0,0,219
ETSS,22,0,0,0,0,0,22
ETSY,2822,0,0,0,0,0,2822
ETTY,185,0,0,0,0,0,185
ETU,424,0,0,0,0,0,424
ETV,5288,0,0,0,0,0,5288
ETW,5186,0,0,0,0,0,5186
ETX,3340,0,0,0,0,0,3340
ETY,4930,0,0,0,0,0,4930
EU,3892,0,0,0,0,0,3892
EUAD,426,0,0,0,0,0,426
EUDA,1143,0,0,0,0,0,1143
EUDAW,83,0,0,0,1,1,82
EUDG,3059,0,0,0,0,0,3059
EUDV,2719,0,0,0,0,0,2719
EUFN,4130,0,0,0,0,0,4130
EUHY,3584,0,0,0,0,0,3584
EUIG,165,0,0,0,0,0,165
EUM,4697,0,0,0,0,0,4697
EUO,4428,0,0,0,0,0,4428
EURK,454,0,0,0,0,0,454
EURKU,504,0,0,0,0,0,504
EURL,3132,0,0,0,0,0,3132
EUSA,4065,0,0,0,0,0,4065
EUSB,1509,0,0,0,0,0,1509
EUV,42,0,0,0,0,0,42
EUVX,23,0,0,0,0,0,23
EVAC,218,0,0,0,0,0,218
EVAX,1359,0,0,0,0,0,1359
EVC,6519,0,0,0,0,0,6519
EVCM,1258,0,0,0,0,0,1258
EVER,2015,0,0,0,0,0,2015
EVEX,1042,0,0,0,0,0,1042
EVF,6963,0,0,0,0,0,6963
EVG,5374,0,0,0,0,0,5374
EVGN,3953,0,0,0,0,0,3953
EVGO,1410,0,0,0,0,0,1410
EVH,2787,0,0,0,0,0,2787
EVHY,498,0,0,0,0,0,498
EVI,9135,0,0,0,0,0,9135
EVIM,451,0,0,0,0,0,451
EVLN,603,0,0,0,0,0,603
EVLU,458,0,0,0,0,0,458
EVLV,1453,0,0,0,0,0,1453
EVLVW,83,0,0,0,1,1,82
EVMN,165,0,0,0,0,0,165
EVMO,232,0,0,0,0,0,232
EVMT,1052,0,0,0,0,0,1052
EVMU,28,0,0,0,0,0,28
EVN,6902,0,0,0,0,0,6902
EVNT,1203,0,0,0,0,0,1203
EVO,5639,0,0,0,0,0,5639
EVOX,147,0,0,0,0,0,147
EVOXU,161,0,0,0,0,0,161
EVOXW,82,0,0,0,0,0,82
EVPF,85,0,0,0,0,0,85
EVR,5004,0,0,0,0,0,5004
EVRG,13456,0,0,0,0,0,13456
EVSB,679,0,0,0,0,0,679
EVSD,514,0,0,0,0,0,514
EVSM,571,0,0,0,0,0,571
EVT,5729,0,0,0,0,0,5729
EVTC,3328,0,0,0,0,0,3328
EVTL,1424,0,0,0,0,0,1424
EVTR,572,0,0,0,0,0,572
EVTV,2276,0,0,0,0,0,2276
EVUS,858,0,0,0,0,0,858
EVV,5804,0,0,0,0,0,5804
EVX,4960,0,0,0,0,0,4960
EVYM,340,0,0,0,0,0,340
EW,6608,0,0,0,0,0,6608
EWA,7624,0,0,0,0,0,7624
EWBC,6897,0,0,0,0,0,6897
EWC,7624,0,0,0,0,0,7624
EWD,7624,0,0,0,0,0,7624
EWG,7624,0,0,0,0,0,7624
EWH,7624,0,0,0,0,0,7624
EWI,7624,0,0,0,0,0,7624
EWJ,7624,0,0,0,0,0,7624
EWJV,1843,0,0,0,0,0,1843
EWK,7624,0,0,0,0,0,7624
EWL,7624,0,0,0,0,0,7624
EWM,7624,0,0,0,0,0,7624
EWN,7624,0,0,0,0,0,7624
EWO,7624,0,0,0,0,0,7624
EWP,7624,0,0,0,0,0,7624
EWQ,7624,0,0,0,0,0,7624
EWS,7624,0,0,0,0,0,7624
EWT,6546,0,0,0,0,0,6546
EWTX,1325,0,0,0,0,0,1325
EWU,7624,0,0,0,0,0,7624
EWUS,3631,0,0,0,0,0,3631
EWV,4692,0,0,0,0,0,4692
EWW,7624,0,0,0,0,0,7624
EWX,4558,0,0,0,0,0,4558
EWY,6575,0,0,0,0,0,6575
EWZ,6532,0,0,0,0,0,6532
EWZS,3965,0,0,0,0,0,3965
EXC,13407,0,0,0,0,0,13407
EXE,1356,0,0,0,0,0,1356
EXEL,6593,0,0,0,0,0,6593
EXEQ,98,0,0,0,0,0,98
EXFY,1166,0,0,0,0,0,1166
EXG,4832,0,0,0,0,0,4832
EXI,4973,0,0,0,0,0,4973
EXK,5080,0,0,0,0,0,5080
EXLS,4956,0,0,0,0,0,4956
EXOD,1205,0,0,0,0,0,1205
EXOZ,410,0,0,0,0,0,410
EXP,8112,0,0,0,0,0,8112
EXPD,10524,0,0,0,0,0,10524
EXPE,5272,0,0,0,0,0,5272
EXPO,9035,0,0,0,0,0,9035
EXR,5507,0,0,0,0,0,5507
EXTR,6852,0,0,0,0,0,6852
EXUS,263,0,0,0,0,0,263
EXYN,35,0,0,0,0,0,35
EXYNW,35,0,0,0,0,0,35
EYE,2182,0,0,0,0,0,2182
EYEG,641,0,0,0,0,0,641
EYES,43,0,0,0,0,0,43
EYLD,2508,0,0,0,0,0,2508
EYPT,5393,0,0,0,0,0,5393
EZA,5889,0,0,0,0,0,5889
EZBC,622,0,0,0,0,0,622
EZET,490,0,0,0,0,0,490
EZGO,1367,0,0,0,0,0,1367
EZJ,4297,0,0,0,0,0,4297
EZM,4872,0,0,0,0,0,4872
EZMO,180,0,0,0,0,0,180
EZPW,8776,0,0,0,0,0,8776
EZPZ,343,0,0,0,0,0,343
EZRA,1357,0,0,0,0,0,1357
EZRO,180,0,0,0,0,0,180
EZU,6521,0,0,0,0,0,6521
F,13636,0,0,0,0,0,13636
FA,1264,0,0,0,0,0,1264
FAAA,99,0,0,0,0,0,99
FAAR,2544,0,0,0,0,0,2544
FAB,4818,0,0,0,0,0,4818
FABC,5722,0,0,0,0,0,5722
FAC,260,0,0,0,0,0,260
FACT,384,0,0,0,0,0,384
FACTU,401,0,0,0,0,0,401
FACTW,82,0,0,0,0,0,82
FAD,4818,0,0,0,0,0,4818
FAF,4050,0,0,0,0,0,4050
FAI,404,0,0,0,0,0,404
FALN,2524,0,0,0,0,0,2524
FAMI,2106,0,0,0,0,0,2106
FAN,4533,0,0,0,0,0,4533
FANG,3450,0,0,0,0,0,3450
FAPR,1310,0,0,0,0,0,1310
FARX,384,0,0,0,0,0,384
FAS,4432,0,0,0,0,0,4432
FAST,9792,0,0,0,0,0,9792
FATE,3209,0,0,0,0,0,3209
FATN,312,0,0,0,0,0,312
FAUG,1672,0,0,0,0,0,1672
FAX,10132,0,0,0,0,0,10132
FAZ,4432,0,0,0,0,0,4432
FB,258,0,0,0,0,0,258
FBCG,1528,0,0,0,0,0,1528
FBCV,1528,0,0,0,0,0,1528
FBDC,256,0,0,0,0,0,256
FBGL,354,0,0,0,0,0,354
FBIN,3721,0,0,0,0,0,3721
FBIO,3677,0,0,0,0,0,3677
FBIOP,2170,0,0,0,0,0,2170
FBIZ,5194,0,0,0,0,0,5194
FBK,2463,0,0,0,0,0,2463
FBL,892,0,0,0,0,0,892
FBLA,425,0,0,0,0,0,425
FBLG,609,0,0,0,0,0,609
FBNC,9870,0,0,0,0,0,9870
FBND,2951,0,0,0,0,0,2951
FBOT,769,0,0,0,0,0,769
FBP,9945,0,0,0,0,0,9945
FBRT,1182,0,0,0,0,0,1182
FBRX,2319,0,0,0,0,0,2319
FBT,5039,0,0,0,0,0,5039
FBTC,622,0,0,0,0,0,622
FBUF,560,0,0,0,0,0,560
FBX,7,0,0,0,0,0,7
FBY,737,0,0,0,0,0,737
FBYD,688,0,0,0,0,0,688
FBYDW,82,0,0,0,0,0,82
FBYY,176,0,0,0,0,0,176
FC,8582,0,0,0,0,0,8582
FCA,3823,0,0,0,0,0,3823
FCAL,2268,0,0,0,0,0,2268
FCAP,6918,0,0,0,0,0,6918
FCBC,8114,0,0,0,0,0,8114
FCBD,384,0,0,0,0,0,384
FCBM,12,0,0,0,0,0,12
FCCO,6874,0,0,0,0,0,6874
FCEF,2454,0,0,0,0,0,2454
FCEL,8566,0,0,0,0,0,8566
FCF,8577,0,0,0,0,0,8577
FCFS,8831,0,0,0,0,0,8831
FCFY,716,0,0,0,0,0,716
FCG,4818,0,0,0,0,0,4818
FCHL,210,0,0,0,0,0,210
FCLD,1190,0,0,0,0,0,1190
FCLO,99,0,0,0,0,0,99
FCN,7587,0,0,0,0,0,7587
FCNCA,10001,0,0,0,0,0,10001
FCNCN,108,0,0,0,0,0,108
FCNCO,1126,0,0,0,0,0,1126
FCNCP,1591,0,0,0,0,0,1591
FCOM,3192,0,0,0,0,0,3192
FCOR,2951,0,0,0,0,0,2951
FCPI,1672,0,0,0,0,0,1672
FCPT,2677,0,0,0,0,0,2677
FCRS,158,0,0,0,0,0,158
FCSH,1140,0,0,0,0,0,1140
FCT,5562,0,0,0,0,0,5562
FCTE,504,0,0,0,0,0,504
FCTR,1991,0,0,0,0,0,1991
FCUS,880,0,0,0,0,0,880
FCUV,2924,0,0,0,0,0,2924
FCVT,2681,0,0,0,0,0,2681
FCX,7799,0,0,0,0,0,7799
FCXG,95,0,0,0,0,0,95
FDAT,805,0,0,0,0,0,805
FDBC,6850,0,0,0,0,0,6850
FDCF,769,0,0,0,0,0,769
FDD,4741,0,0,0,0,0,4741
FDEC,1390,0,0,0,0,0,1390
FDEM,1847,0,0,0,0,0,1847
FDEV,1847,0,0,0,0,0,1847
FDFF,769,0,0,0,0,0,769
FDG,1572,0,0,0,0,0,1572
FDHY,2025,0,0,0,0,0,2025
FDIF,764,0,0,0,0,0,764
FDIG,1055,0,0,0,0,0,1055
FDIQ,3689,0,0,0,0,0,3689
FDIS,3192,0,0,0,0,0,3192
FDIV,700,0,0,0,0,0,700
FDL,5109,0,0,0,0,0,5109
FDLO,2464,0,0,0,0,0,2464
FDLS,969,0,0,0,0,0,969
FDM,5222,0,0,0,0,0,5222
FDMO,2464,0,0,0,0,0,2464
FDMT,1396,0,0,0,0,0,1396
FDN,5039,0,0,0,0,0,5039
FDND,574,0,0,0,0,0,574
FDNI,1921,0,0,0,0,0,1921
FDRR,2464,0,0,0,0,0,2464
FDRS,129,0,0,0,0,0,129
FDRV,1190,0,0,0,0,0,1190
FDRX,118,0,0,0,0,0,118
FDS,7552,0,0,0,0,0,7552
FDSB,483,0,0,0,0,0,483
FDT,3825,0,0,0,0,0,3825
FDTS,3616,0,0,0,0,0,3616
FDTX,769,0,0,0,0,0,769
FDUS,3782,0,0,0,0,0,3782
FDV,910,0,0,0,0,0,910
FDVV,2464,0,0,0,0,0,2464
FDX,12158,0,0,0,0,0,12158
FDXF,28,0,0,0,0,0,28
FE,7206,0,0,0,0,0,7206
FEAC,404,0,0,0,0,0,404
FEAM,1081,0,0,0,0,0,1081
FEBM,343,0,0,0,0,0,343
FEBO,650,0,0,0,0,0,650
FEBP,608,0,0,0,0,0,608
FEBT,859,0,0,0,0,0,859
FEBU,357,0,0,0,0,0,357
FEBW,859,0,0,0,0,0,859
FEBZ,1363,0,0,0,0,0,1363
FECM,4,0,0,0,0,0,4
FEDM,1202,0,0,0,0,0,1202
FEDU,2175,0,0,0,0,0,2175
FEED,2793,0,0,0,0,0,2793
FEGE,384,0,0,0,0,0,384
FEIG,1202,0,0,0,0,0,1202
FEIM,11605,0,0,0,0,0,11605
FELC,657,0,0,0,0,0,657
FELE,11670,0,0,0,0,0,11670
FELG,657,0,0,0,0,0,657
FELV,657,0,0,0,0,0,657
FEM,3825,0,0,0,0,0,3825
FEMB,2932,0,0,0,0,0,2932
FEMD,110,0,0,0,0,0,110
FEMG,46,0,0,0,0,0,46
FEMR,404,0,0,0,0,0,404
FEMS,3615,0,0,0,0,0,3615
FEMV,46,0,0,0,0,0,46
FEMY,1267,0,0,0,0,0,1267
FENC,2212,0,0,0,0,0,2212
FENG,3807,0,0,0,0,0,3807
FENI,657,0,0,0,0,0,657
FENY,3192,0,0,0,0,0,3192
FEOE,384,0,0,0,0,0,384
FEP,3821,0,0,0,0,0,3821
FEPI,685,0,0,0,0,0,685
FER,3493,0,0,0,0,0,3493
FERA,304,0,0,0,0,0,304
FERAU,339,0,0,0,0,0,339
FERG,4150,0,0,0,0,0,4150
FESC,4,0,0,0,0,0,4
FESM,657,0,0,0,0,0,657
FET,3578,0,0,0,0,0,3578
FETH,490,0,0,0,0,0,490
FEUS,1202,0,0,0,0,0,1202
FEUZ,2939,0,0,0,0,0,2939
FEX,4819,0,0,0,0,0,4819
FEZ,5964,0,0,0,0,0,5964
FF,3844,0,0,0,0,0,3844
FFA,5498,0,0,0,0,0,5498
FFAI,1466,0,0,0,0,0,1466
FFAIW,83,0,0,0,1,1,82
FFBC,10717,0,0,0,0,0,10717
FFC,5895,0,0,0,0,0,5895
FFDI,404,0,0,0,0,0,404
FFEB,1600,0,0,0,0,0,1600
FFEM,404,0,0,0,0,0,404
FFF,134,0,0,0,0,0,134
FFGX,404,0,0,0,0,0,404
FFIN,8224,0,0,0,0,0,8224
FFIU,2230,0,0,0,0,0,2230
FFIV,6813,0,0,0,0,0,6813
FFLC,1528,0,0,0,0,0,1528
FFLG,1360,0,0,0,0,0,1360
FFLS,763,0,0,0,0,0,763
FFLV,592,0,0,0,0,0,592
FFND,1220,0,0,0,0,0,1220
FFOG,667,0,0,0,0,0,667
FFOX,269,0,0,0,0,0,269
FFSM,1360,0,0,0,0,0,1360
FFTY,2827,0,0,0,0,0,2827
FFUT,272,0,0,0,0,0,272
FG,906,0,0,0,0,0,906
FGBI,3493,0,0,0,0,0,3493
FGBIP,1306,0,0,0,0,0,1306
FGD,4680,0,0,0,0,0,4680
FGDL,1007,0,0,0,0,0,1007
FGI,1115,0,0,0,0,0,1115
FGII,82,0,0,0,0,0,82
FGIIU,117,0,0,0,0,0,117
FGIWW,83,0,0,0,1,1,82
FGL,425,0,0,0,0,0,425
FGM,3615,0,0,0,0,0,3615
FGMC,351,0,0,0,0,0,351
FGMCU,359,0,0,0,0,0,359
FGN,642,0,0,0,0,0,642
FGNX,3084,0,0,0,0,0,3084
FGNXP,2083,0,0,0,0,0,2083
FGRU,96,0,0,0,0,0,96
FGSI,258,0,0,0,0,0,258
FGSM,384,0,0,0,0,0,384
FGSN,366,0,0,0,0,0,366
FHB,2492,0,0,0,0,0,2492
FHDG,407,0,0,0,0,0,407
FHEQ,560,0,0,0,0,0,560
FHI,7079,0,0,0,0,0,7079
FHIL,13,0,0,0,0,0,13
FHLC,3192,0,0,0,0,0,3192
FHN,11670,0,0,0,0,0,11670
FHTX,1430,0,0,0,0,0,1430
FHYS,1140,0,0,0,0,0,1140
FIAT,498,0,0,0,0,0,498
FIAX,901,0,0,0,0,0,901
FIBK,4096,0,0,0,0,0,4096
FICO,9813,0,0,0,0,0,9813
FICS,1392,0,0,0,0,0,1392
FID,3235,0,0,0,0,0,3235
FIDI,2122,0,0,0,0,0,2122
FIDU,3192,0,0,0,0,0,3192
FIEE,4211,0,0,0,0,0,4211
FIG,234,0,0,0,0,0,234
FIGB,1341,0,0,0,0,0,1341
FIGG,182,0,0,0,0,0,182
FIGR,205,0,0,0,0,0,205
FIGS,1282,0,0,0,0,0,1282
FIGX,222,0,0,0,0,0,222
FIGXU,258,0,0,0,0,0,258
FIGXW,82,0,0,0,0,0,82
FIIG,733,0,0,0,0,0,733
FIMU,12,0,0,0,0,0,12
FINS,1786,0,0,0,0,0,1786
FINT,384,0,0,0,0,0,384
FINV,2173,0,0,0,0,0,2173
FINW,1159,0,0,0,0,0,1159
FINX,2466,0,0,0,0,0,2466
FINY,43,0,0,0,0,0,43
FIP,994,0,0,0,0,0,994
FIRY,1556,0,0,0,0,0,1556
FIS,6297,0,0,0,0,0,6297
FISI,6798,0,0,0,0,0,6798
FISK,3204,0,0,0,0,0,3204
FISN,12,0,0,0,0,0,12
FISR,1824,0,0,0,0,0,1824
FISV,10019,0,0,0,0,0,10019
FITB,11670,0,0,0,0,0,11670
FITE,2141,0,0,0,0,0,2141
FITZ,27,0,0,0,0,0,27
FIVA,2122,0,0,0,0,0,2122
FIVE,3510,0,0,0,0,0,3510
FIVN,3081,0,0,0,0,0,3081
FIW,4818,0,0,0,0,0,4818
FIX,7300,0,0,0,0,0,7300
FIXD,2358,0,0,0,0,0,2358
FIXP,364,0,0,0,0,0,364
FIXT,265,0,0,0,0,0,265
FIYY,43,0,0,0,0,0,43
FIZZ,8764,0,0,0,0,0,8764
FJAN,1372,0,0,0,0,0,1372
FJET,136,0,0,0,0,0,136
FJP,3821,0,0,0,0,0,3821
FJUL,1498,0,0,0,0,0,1498
FJUN,1517,0,0,0,0,0,1517
FKU,3610,0,0,0,0,0,3610
FKWL,4760,0,0,0,0,0,4760
FLAG,306,0,0,0,0,0,306
FLAO,568,0,0,0,0,0,568
FLAU,2176,0,0,0,0,0,2176
FLAX,2112,0,0,0,0,0,2112
FLBL,2034,0,0,0,0,0,2034
FLBR,2176,0,0,0,0,0,2176
FLC,5750,0,0,0,0,0,5750
FLCA,2176,0,0,0,0,0,2176
FLCB,1707,0,0,0,0,0,1707
FLCC,386,0,0,0,0,0,386
FLCE,384,0,0,0,0,0,384
FLCG,484,0,0,0,0,0,484
FLCH,2176,0,0,0,0,0,2176
FLCO,2450,0,0,0,0,0,2450
FLCV,484,0,0,0,0,0,484
FLD,1104,0,0,0,0,0,1104
FLDB,592,0,0,0,0,0,592
FLDDW,83,0,0,0,1,1,82
FLDR,2023,0,0,0,0,0,2023
FLDZ,1130,0,0,0,0,0,1130
FLEE,2147,0,0,0,0,0,2147
FLEU,2176,0,0,0,0,0,2176
FLEX,8128,0,0,0,0,0,8128
FLG,8208,0,0,0,0,0,8208
FLGB,2176,0,0,0,0,0,2176
FLGR,2176,0,0,0,0,0,2176
FLGT,2454,0,0,0,0,0,2454
FLGV,1524,0,0,0,0,0,1524
FLHY,2025,0,0,0,0,0,2025
FLIA,2034,0,0,0,0,0,2034
FLIN,2112,0,0,0,0,0,2112
FLJH,2176,0,0,0,0,0,2176
FLJJ,608,0,0,0,0,0,608
FLJP,2176,0,0,0,0,0,2176
FLKR,2147,0,0,0,0,0,2147
FLL,8277,0,0,0,0,0,8277
FLLA,1942,0,0,0,0,0,1942
FLMB,2220,0,0,0,0,0,2220
FLMI,2213,0,0,0,0,0,2213
FLMX,2176,0,0,0,0,0,2176
FLN,3824,0,0,0,0,0,3824
FLNA,6532,0,0,0,0,0,6532
FLNC,1175,0,0,0,0,0,1175
FLNG,1773,0,0,0,0,0,1773
FLNT,4658,0,0,0,0,0,4658
FLO,11670,0,0,0,0,0,11670
FLOC,368,0,0,0,0,0,368
FLOT,3784,0,0,0,0,0,3784
FLOW,748,0,0,0,0,0,748
FLQL,2309,0,0,0,0,0,2309
FLQM,2309,0,0,0,0,0,2309
FLQS,2309,0,0,0,0,0,2309
FLR,6434,0,0,0,0,0,6434
FLRG,1455,0,0,0,0,0,1455
FLRN,3668,0,0,0,0,0,3668
FLRT,2861,0,0,0,0,0,2861
FLS,11670,0,0,0,0,0,11670
FLSA,1942,0,0,0,0,0,1942
FLSP,1641,0,0,0,0,0,1641
FLSW,2112,0,0,0,0,0,2112
FLTB,2951,0,0,0,0,0,2951
FLTR,3821,0,0,0,0,0,3821
FLTW,2147,0,0,0,0,0,2147
FLUD,1498,0,0,0,0,0,1498
FLUT,5975,0,0,0,0,0,5975
FLUX,1479,0,0,0,0,0,1479
FLV,1572,0,0,0,0,0,1572
FLWS,6772,0,0,0,0,0,6772
FLX,438,0,0,0,0,0,438
FLXI,90,0,0,0,0,0,90
FLXN,251,0,0,0,0,0,251
FLXR,510,0,0,0,0,0,510
FLXS,11670,0,0,0,0,0,11670
FLY,229,0,0,0,0,0,229
FLYD,1013,0,0,0,0,0,1013
FLYE,521,0,0,0,0,0,521
FLYT,175,0,0,0,0,0,175
FLYU,1013,0,0,0,0,0,1013
FLYW,1283,0,0,0,0,0,1283
FLYX,630,0,0,0,0,0,630
FLZH,1667,0,0,0,0,0,1667
FMAC,34,0,0,0,0,0,34
FMACU,69,0,0,0,0,0,69
FMAG,1360,0,0,0,0,0,1360
FMAO,5140,0,0,0,0,0,5140
FMAR,1329,0,0,0,0,0,1329
FMAT,3192,0,0,0,0,0,3192
FMAY,1540,0,0,0,0,0,1540
FMB,3053,0,0,0,0,0,3053
FMBH,6869,0,0,0,0,0,6869
FMC,11670,0,0,0,0,0,11670
FMCE,408,0,0,0,0,0,408
FMCX,1053,0,0,0,0,0,1053
FMDE,657,0,0,0,0,0,657
FMED,769,0,0,0,0,0,769
FMET,1055,0,0,0,0,0,1055
FMF,3250,0,0,0,0,0,3250
FMFC,259,0,0,0,0,0,259
FMHI,2177,0,0,0,0,0,2177
FMKT,269,0,0,0,0,0,269
FMN,5921,0,0,0,0,0,5921
FMNB,6918,0,0,0,0,0,6918
FMNY,1292,0,0,0,0,0,1292
FMQQ,1197,0,0,0,0,0,1197
FMS,7497,0,0,0,0,0,7497
FMST,754,0,0,0,0,0,754
FMSTW,82,0,0,0,0,0,82
FMTL,166,0,0,0,0,0,166
FMTM,325,0,0,0,0,0,325
FMUB,313,0,0,0,0,0,313
FMUN,312,0,0,0,0,0,312
FMX,7082,0,0,0,0,0,7082
FMY,5310,0,0,0,0,0,5310
FN,4031,0,0,0,0,0,4031
FNB,10037,0,0,0,0,0,10037
FNCL,3192,0,0,0,0,0,3192
FND,2310,0,0,0,0,0,2310
FNDA,3241,0,0,0,0,0,3241
FNDB,3241,0,0,0,0,0,3241
FNDC,3241,0,0,0,0,0,3241
FNDE,3241,0,0,0,0,0,3241
FNDF,3241,0,0,0,0,0,3241
FNDX,3241,0,0,0,0,0,3241
FNF,5212,0,0,0,0,0,5212
FNG,14,0,0,0,0,0,14
FNGD,2124,0,0,0,0,0,2124
FNGG,1195,0,0,0,0,0,1195
FNGO,1976,0,0,0,0,0,1976
FNGR,2244,0,0,0,0,0,2244
FNGS,1668,0,0,0,0,0,1668
FNGU,345,0,0,0,0,0,345
FNK,3824,0,0,0,0,0,3824
FNKO,2178,0,0,0,0,0,2178
FNLC,6786,0,0,0,0,0,6786
FNOV,1665,0,0,0,0,0,1665
FNRN,6917,0,0,0,0,0,6917
FNUC,1159,0,0,0,0,0,1159
FNV,4672,0,0,0,0,0,4672
FNWB,2874,0,0,0,0,0,2874
FNWD,7075,0,0,0,0,0,7075
FNX,4819,0,0,0,0,0,4819
FNY,3824,0,0,0,0,0,3824
FOA,1813,0,0,0,0,0,1813
FOCL,7276,0,0,0,0,0,7276
FOCT,1434,0,0,0,0,0,1434
FOF,4930,0,0,0,0,0,4930
FOFO,204,0,0,0,0,0,204
FOMG,10,0,0,0,0,0,10
FOPC,384,0,0,0,0,0,384
FOR,4668,0,0,0,0,0,4668
FORH,1301,0,0,0,0,0,1301
FORM,5803,0,0,0,0,0,5803
FORR,7446,0,0,0,0,0,7446
FORTY,7221,0,0,0,0,0,7221
FOSL,8367,0,0,0,0,0,8367
FOTO,26,0,0,0,0,0,26
FOUR,1528,0,0,0,0,0,1528
FOWF,386,0,0,0,0,0,386
FOX,1839,0,0,0,0,0,1839
FOXA,1840,0,0,0,0,0,1840
FOXF,3246,0,0,0,0,0,3246
FOXX,981,0,0,0,0,0,981
FOXXW,82,0,0,0,0,0,82
FOXY,355,0,0,0,0,0,355
FPA,3824,0,0,0,0,0,3824
FPAA,20,0,0,0,0,0,20
FPAG,1140,0,0,0,0,0,1140
FPAS,418,0,0,0,0,0,418
FPE,3369,0,0,0,0,0,3369
FPEI,2228,0,0,0,0,0,2228
FPF,3298,0,0,0,0,0,3298
FPFD,1268,0,0,0,0,0,1268
FPH,2301,0,0,0,0,0,2301
FPI,3076,0,0,0,0,0,3076
FPRO,1360,0,0,0,0,0,1360
FPS,104,0,0,0,0,0,104
FPSX,10,0,0,0,0,0,10
FPWR,1727,0,0,0,0,0,1727
FPX,5060,0,0,0,0,0,5060
FPXE,1937,0,0,0,0,0,1937
FPXI,2928,0,0,0,0,0,2928
FQAL,2463,0,0,0,0,0,2463
FR,8061,0,0,0,0,0,8061
FRA,5706,0,0,0,0,0,5706
FRAF,8116,0,0,0,0,0,8116
FRBA,3953,0,0,0,0,0,3953
FRBT,17,0,0,0,0,0,17
FRD,11670,0,0,0,0,0,11670
FRDM,1774,0,0,0,0,0,1774
FREI,12,0,0,0,0,0,12
FREL,2870,0,0,0,0,0,2870
FRGN,146,0,0,0,0,0,146
FRGT,2239,0,0,0,0,0,2239
FRHC,2113,0,0,0,0,0,2113
FRI,4819,0,0,0,0,0,4819
FRIZ,212,0,0,0,0,0,212
FRME,9329,0,0,0,0,0,9329
FRMEP,1477,0,0,0,0,0,1477
FRMI,191,0,0,0,0,0,191
FRMM,2268,0,0,0,0,0,2268
FRNW,1190,0,0,0,0,0,1190
FRO,6265,0,0,0,0,0,6265
FROG,1457,0,0,0,0,0,1457
FRPH,10079,0,0,0,0,0,10079
FRPT,2930,0,0,0,0,0,2930
FRSH,1201,0,0,0,0,0,1201
FRST,4948,0,0,0,0,0,4948
FRSX,2276,0,0,0,0,0,2276
FRT,13406,0,0,0,0,0,13406
FRTT,20,0,0,0,0,0,20
FRTY,1343,0,0,0,0,0,1343
FRVO,37,0,0,0,0,0,37
FRWD,120,0,0,0,0,0,120
FSBC,1299,0,0,0,0,0,1299
FSBW,3517,0,0,0,0,0,3517
FSCC,484,0,0,0,0,0,484
FSCO,912,0,0,0,0,0,912
FSCS,2271,0,0,0,0,0,2271
FSEA,1752,0,0,0,0,0,1752
FSEC,1339,0,0,0,0,0,1339
FSEG,46,0,0,0,0,0,46
FSEP,1454,0,0,0,0,0,1454
FSEV,46,0,0,0,0,0,46
FSGS,2269,0,0,0,0,0,2269
FSHP,473,0,0,0,0,0,473
FSHPU,513,0,0,0,1,1,512
FSI,6723,0,0,0,0,0,6723
FSIG,1160,0,0,0,0,0,1160
FSK,3073,0,0,0,0,0,3073
FSLR,4936,0,0,0,0,0,4936
FSLY,1793,0,0,0,0,0,1793
FSM,4904,0,0,0,0,0,4904
FSMB,1910,0,0,0,0,0,1910
FSMD,1848,0,0,0,0,0,1848
FSML,140,0,0,0,0,0,140
FSOL,157,0,0,0,0,0,157
FSP,5306,0,0,0,0,0,5306
FSS,11670,0,0,0,0,0,11670
FSSL,160,0,0,0,0,0,160
FSTA,3192,0,0,0,0,0,3192
FSTB,12,0,0,0,0,0,12
FSTR,11360,0,0,0,0,0,11360
FSUN,984,0,0,0,0,0,984
FSV,2790,0,0,0,0,0,2790
FSYD,1098,0,0,0,0,0,1098
FSZ,3616,0,0,0,0,0,3616
FT,9514,0,0,0,0,0,9514
FTA,4809,0,0,0,0,0,4809
FTAG,4091,0,0,0,0,0,4091
FTAI,2802,0,0,0,0,0,2802
FTAIM,834,0,0,0,0,0,834
FTBD,863,0,0,0,0,0,863
FTBI,277,0,0,0,0,0,277
FTC,4818,0,0,0,0,0,4818
FTCA,173,0,0,0,0,0,173
FTCB,665,0,0,0,0,0,665
FTCE,439,0,0,0,0,0,439
FTCI,1303,0,0,0,0,0,1303
FTCS,5028,0,0,0,0,0,5028
FTDR,1962,0,0,0,0,0,1962
FTDS,2888,0,0,0,0,0,2888
FTEC,3192,0,0,0,0,0,3192
FTEK,8263,0,0,0,0,0,8263
FTF,5745,0,0,0,0,0,5745
FTFT,4545,0,0,0,0,0,4545
FTGC,3193,0,0,0,0,0,3193
FTGS,925,0,0,0,0,0,925
FTH,1360,0,0,0,0,0,1360
FTHA,11,0,0,0,0,0,11
FTHAU,46,0,0,0,0,0,46
FTHB,75,0,0,0,0,0,75
FTHF,669,0,0,0,0,0,669
FTHI,3142,0,0,0,0,0,3142
FTHM,1489,0,0,0,0,0,1489
FTHY,1513,0,0,0,0,0,1513
FTI,6300,0,0,0,0,0,6300
FTIF,830,0,0,0,0,0,830
FTK,5268,0,0,0,0,0,5268
FTKI,339,0,0,0,0,0,339
FTLF,4696,0,0,0,0,0,4696
FTLS,2973,0,0,0,0,0,2973
FTMA,162,0,0,0,0,0,162
FTMH,173,0,0,0,0,0,173
FTMN,163,0,0,0,0,0,163
FTMS,173,0,0,0,0,0,173
FTMU,173,0,0,0,0,0,173
FTNJ,163,0,0,0,0,0,163
FTNT,4181,0,0,0,0,0,4181
FTNY,173,0,0,0,0,0,173
FTOH,163,0,0,0,0,0,163
FTPA,163,0,0,0,0,0,163
FTQI,3142,0,0,0,0,0,3142
FTRB,627,0,0,0,0,0,627
FTRE,765,0,0,0,0,0,765
FTRI,4091,0,0,0,0,0,4091
FTRK,280,0,0,0,0,0,280
FTS,4150,0,0,0,0,0,4150
FTSD,3184,0,0,0,0,0,3184
FTSL,3314,0,0,0,0,0,3314
FTSM,2996,0,0,0,0,0,2996
FTV,2515,0,0,0,0,0,2515
FTW,443,0,0,0,0,0,443
FTWO,713,0,0,0,0,0,713
FTXG,2447,0,0,0,0,0,2447
FTXH,2459,0,0,0,0,0,2459
FTXL,2460,0,0,0,0,0,2460
FTXN,2458,0,0,0,0,0,2458
FTXO,2448,0,0,0,0,0,2448
FTXR,2459,0,0,0,0,0,2459
FUBO,1829,0,0,0,0,0,1829
FUFU,1146,0,0,0,0,0,1146
FUFUW,83,0,0,0,1,1,82
FUL,13456,0,0,0,0,0,13456
FULC,1751,0,0,0,0,0,1751
FULT,10288,0,0,0,0,0,10288
FULTP,1430,0,0,0,0,0,1430
FUMB,1923,0,0,0,0,0,1923
FUN,9875,0,0,0,0,0,9875
FUNC,8517,0,0,0,0,0,8517
FUND,9590,0,0,0,0,0,9590
FURY,3084,0,0,0,0,0,3084
FUSB,6913,0,0,0,0,0,6913
FUSD,9,0,0,0,0,0,9
FUSE,1087,0,0,0,0,0,1087
FUSEW,175,0,0,0,0,0,175
FUSI,825,0,0,0,0,0,825
FUTG,182,0,0,0,0,0,182
FUTU,1842,0,0,0,0,0,1842
FUTY,3192,0,0,0,0,0,3192
FV,3102,0,0,0,0,0,3102
FVAL,2464,0,0,0,0,0,2464
FVAV,90,0,0,0,0,0,90
FVC,2589,0,0,0,0,0,2589
FVCB,2808,0,0,0,0,0,2808
FVD,5750,0,0,0,0,0,5750
FVN,417,0,0,0,0,0,417
FVNNR,134,0,0,0,0,0,134
FVNNU,453,0,0,0,0,0,453
FVR,440,0,0,0,0,0,440
FVRR,1775,0,0,0,0,0,1775
FWACU,8,0,0,0,0,0,8
FWD,825,0,0,0,0,0,825
FWDI,7959,0,0,0,0,0,7959
FWONA,3391,0,0,0,0,0,3391
FWONK,3017,0,0,0,0,0,3017
FWRD,8213,0,0,0,0,0,8213
FWRG,1194,0,0,0,0,0,1194
FXA,5038,0,0,0,0,0,5038
FXACU,30,0,0,0,0,0,30
FXB,5038,0,0,0,0,0,5038
FXC,5038,0,0,0,0,0,5038
FXD,4819,0,0,0,0,0,4819
FXE,5172,0,0,0,0,0,5172
FXED,1382,0,0,0,0,0,1382
FXF,5038,0,0,0,0,0,5038
FXG,4819,0,0,0,0,0,4819
FXH,4819,0,0,0,0,0,4819
FXHO,1319,0,0,0,0,0,1319
FXI,5469,0,0,0,0,0,5469
FXL,4819,0,0,0,0,0,4819
FXN,4819,0,0,0,0,0,4819
FXNC,6910,0,0,0,0,0,6910
FXO,4819,0,0,0,0,0,4819
FXP,4692,0,0,0,0,0,4692
FXR,4819,0,0,0,0,0,4819
FXU,4819,0,0,0,0,0,4819
FXY,4879,0,0,0,0,0,4879
FXZ,4818,0,0,0,0,0,4818
FYC,3824,0,0,0,0,0,3824
FYEE,560,0,0,0,0,0,560
FYLD,3165,0,0,0,0,0,3165
FYT,3824,0,0,0,0,0,3824
FYX,4819,0,0,0,0,0,4819
G,4761,0,0,0,0,0,4761
GAA,2908,0,0,0,0,0,2908
GAB,10049,0,0,0,0,0,10049
GABC,8337,0,0,0,0,0,8337
GABF,1042,0,0,0,0,0,1042
GAEM,475,0,0,0,0,0,475
GAIA,6710,0,0,0,0,0,6710
GAIN,5291,0,0,0,0,0,5291
GAING,95,0,0,0,0,0,95
GAINI,386,0,0,0,0,0,386
GAINZ,1224,0,0,0,0,0,1224
GAL,3568,0,0,0,0,0,3568
GALT,5997,0,0,0,0,0,5997
GAM,11670,0,0,0,0,0,11670
GAMB,1243,0,0,0,0,0,1243
GAME,2121,0,0,0,0,0,2121
GAMR,2595,0,0,0,0,0,2595
GANX,1330,0,0,0,0,0,1330
GAP,11670,0,0,0,0,0,11670
GAPR,803,0,0,0,0,0,803
GARA,134,0,0,0,0,0,134
GARP,1625,0,0,0,0,0,1625
GARY,134,0,0,0,0,0,134
GASS,5218,0,0,0,0,0,5218
GASZ,42,0,0,0,0,0,42
GATX,13456,0,0,0,0,0,13456
GAU,4656,0,0,0,0,0,4656
GAUG,721,0,0,0,0,0,721
GAUZ,521,0,0,0,0,0,521
GAVA,80,0,0,0,0,0,80
GBAB,3944,0,0,0,0,0,3944
GBCI,10654,0,0,0,0,0,10654
GBDC,4081,0,0,0,0,0,4081
GBF,4901,0,0,0,0,0,4901
GBFH,500,0,0,0,0,0,500
GBHI,158,0,0,0,0,0,158
GBIL,2465,0,0,0,0,0,2465
GBLI,5673,0,0,0,0,0,5673
GBND,258,0,0,0,0,0,258
GBR,8377,0,0,0,0,0,8377
GBTC,2805,0,0,0,0,0,2805
GBTG,973,0,0,0,0,0,973
GBUG,345,0,0,0,0,0,345
GBX,8048,0,0,0,0,0,8048
GCAD,878,0,0,0,0,0,878
GCAL,484,0,0,0,0,0,484
GCBC,6795,0,0,0,0,0,6795
GCC,4641,0,0,0,0,0,4641
GCDT,120,0,0,0,0,0,120
GCGR,11,0,0,0,0,0,11
GCGRU,46,0,0,0,0,0,46
GCL,1056,0,0,0,0,0,1056
GCLWW,82,0,0,0,0,0,82
GCMG,1863,0,0,0,0,0,1863
GCO,13456,0,0,0,0,0,13456
GCOR,1456,0,0,0,0,0,1456
GCOW,2607,0,0,0,0,0,2607
GCSH,15,0,0,0,0,0,15
GCT,973,0,0,0,0,0,973
GCTK,3319,0,0,0,0,0,3319
GCTS,1135,0,0,0,0,0,1135
GCV,7867,0,0,0,0,0,7867
GD,16235,0,0,0,0,0,16235
GDC,2644,0,0,0,0,0,2644
GDDY,2833,0,0,0,0,0,2833
GDE,1079,0,0,0,0,0,1079
GDEC,638,0,0,0,0,0,638
GDEV,1444,0,0,0,0,0,1444
GDEVW,82,0,0,0,0,0,82
GDHG,811,0,0,0,0,0,811
GDIV,1033,0,0,0,0,0,1033
GDL,4832,0,0,0,0,0,4832
GDLC,1661,0,0,0,0,0,1661
GDMA,1917,0,0,0,0,0,1917
GDMN,1141,0,0,0,0,0,1141
GDO,4177,0,0,0,0,0,4177
GDOC,1165,0,0,0,0,0,1165
GDOG,153,0,0,0,0,0,153
GDOT,4013,0,0,0,0,0,4013
GDRX,1452,0,0,0,0,0,1452
GDS,2430,0,0,0,0,0,2430
GDT,114,0,0,0,0,0,114
GDTC,809,0,0,0,0,0,809
GDV,5687,0,0,0,0,0,5687
GDX,5062,0,0,0,0,0,5062
GDXD,1402,0,0,0,0,0,1402
GDXJ,4186,0,0,0,0,0,4186
GDXU,1402,0,0,0,0,0,1402
GDXW,170,0,0,0,0,0,170
GDXY,532,0,0,0,0,0,532
GDYN,1929,0,0,0,0,0,1929
GE,16235,0,0,0,0,0,16235
GECC,2428,0,0,0,0,0,2428
GECCG,204,0,0,0,0,0,204
GECCH,444,0,0,0,0,0,444
GECCI,554,0,0,0,0,0,554
GEF,7637,0,0,0,0,0,7637
GEG,6808,0,0,0,0,0,6808
GEGGL,1014,0,0,0,0,0,1014
GEHC,890,0,0,0,0,0,890
GEL,7446,0,0,0,0,0,7446
GELS,421,0,0,0,0,0,421
GEM,2707,0,0,0,0,0,2707
GEMD,1097,0,0,0,0,0,1097
GEME,364,0,0,0,0,0,364
GEMG,166,0,0,0,0,0,166
GEMI,204,0,0,0,0,0,204
GEN,9326,0,0,0,0,0,9326
GENB,89,0,0,0,0,0,89
GENC,5781,0,0,0,0,0,5781
GEND,312,0,0,0,0,0,312
GENI,1444,0,0,0,0,0,1444
GENK,758,0,0,0,0,0,758
GENM,531,0,0,0,0,0,531
GENT,531,0,0,0,0,0,531
GENVR,304,0,0,0,0,0,304
GENW,370,0,0,0,0,0,370
GENZ,4641,0,0,0,0,0,4641
GEO,8039,0,0,0,0,0,8039
GEOA,251,0,0,0,0,0,251
GEOS,7197,0,0,0,0,0,7197
GEQ,19,0,0,0,0,0,19
GERN,7530,0,0,0,0,0,7530
GETY,1454,0,0,0,0,0,1454
GEV,570,0,0,0,0,0,570
GEVG,138,0,0,0,0,0,138
GEVO,3873,0,0,0,0,0,3873
GEVX,248,0,0,0,0,0,248
GEW,196,0,0,0,0,0,196
GF,9177,0,0,0,0,0,9177
GFAI,1196,0,0,0,0,0,1196
GFAIW,82,0,0,0,0,0,82
GFEB,846,0,0,0,0,0,846
GFF,13406,0,0,0,0,0,13406
GFGF,1141,0,0,0,0,0,1141
GFI,11670,0,0,0,0,0,11670
GFL,1594,0,0,0,0,0,1594
GFLW,395,0,0,0,0,0,395
GFR,1144,0,0,0,0,0,1144
GFS,1175,0,0,0,0,0,1175
GFSG,10,0,0,0,0,0,10
GGAL,6525,0,0,0,0,0,6525
GGB,6873,0,0,0,0,0,6873
GGG,11670,0,0,0,0,0,11670
GGLL,960,0,0,0,0,0,960
GGLS,953,0,0,0,0,0,953
GGM,696,0,0,0,0,0,696
GGME,5291,0,0,0,0,0,5291
GGN,5352,0,0,0,0,0,5352
GGOV,258,0,0,0,0,0,258
GGR,1344,0,0,0,0,0,1344
GGROW,82,0,0,0,0,0,82
GGRP,1258,0,0,0,0,0,1258
GGRW,1350,0,0,0,0,0,1350
GGT,7986,0,0,0,0,0,7986
GGTL,1128,0,0,0,0,0,1128
GGUS,650,0,0,0,0,0,650
GGZ,3034,0,0,0,0,0,3034
GH,1947,0,0,0,0,0,1947
GHC,13456,0,0,0,0,0,13456
GHG,2080,0,0,0,0,0,2080
GHI,10143,0,0,0,0,0,10143
GHM,11670,0,0,0,0,0,11670
GHRS,1262,0,0,0,0,0,1262
GHTA,1161,0,0,0,0,0,1161
GHXIU,10,0,0,0,0,0,10
GHY,3402,0,0,0,0,0,3402
GHYB,2206,0,0,0,0,0,2206
GHYG,3581,0,0,0,0,0,3581
GIAX,485,0,0,0,0,0,485
GIB,6978,0,0,0,0,0,6978
GIBO,721,0,0,0,0,0,721
GIBOW,82,0,0,0,0,0,82
GIC,7807,0,0,0,0,0,7807
GIEQ,31,0,0,0,0,0,31
GIFT,1378,0,0,0,0,0,1378
GIGB,2281,0,0,0,0,0,2281
GIGL,258,0,0,0,0,0,258
GIGM,6633,0,0,0,0,0,6633
GII,4888,0,0,0,0,0,4888
GIII,9205,0,0,0,0,0,9205
GIL,7054,0,0,0,0,0,7054
GILD,8674,0,0,0,0,0,8674
GILT,8376,0,0,0,0,0,8376
GIND,315,0,0,0,0,0,315
GINN,1419,0,0,0,0,0,1419
GINX,589,0,0,0,0,0,589
GIPR,1192,0,0,0,0,0,1192
GIPRW,82,0,0,0,0,0,82
GIS,11670,0,0,0,0,0,11670
GISC,15,0,0,0,0,0,15
GITS,735,0,0,0,0,0,735
GIW,173,0,0,0,0,0,173
GIWWU,188,0,0,0,0,0,188
GIX,75,0,0,0,0,0,75
GIXXU,111,0,0,0,0,0,111
GJAN,866,0,0,0,0,0,866
GJH,5577,0,0,0,0,0,5577
GJO,5186,0,0,0,0,0,5186
GJP,4659,0,0,0,0,0,4659
GJR,4659,0,0,0,0,0,4659
GJS,5078,0,0,0,0,0,5078
GJT,4762,0,0,0,0,0,4762
GJUL,741,0,0,0,0,0,741
GJUN,764,0,0,0,0,0,764
GK,1257,0,0,0,0,0,1257
GKAT,217,0,0,0,0,0,217
GKOS,2773,0,0,0,0,0,2773
GL,11532,0,0,0,0,0,11532
GLAD,6019,0,0,0,0,0,6019
GLAM,42,0,0,0,0,0,42
GLAS,1751,0,0,0,0,0,1751
GLBE,1293,0,0,0,0,0,1293
GLBL,301,0,0,0,0,0,301
GLBS,4609,0,0,0,0,0,4609
GLCR,320,0,0,0,0,0,320
GLD,5440,0,0,0,0,0,5440
GLDB,174,0,0,0,0,0,174
GLDG,3627,0,0,0,0,0,3627
GLDI,3379,0,0,0,0,0,3379
GLDM,2017,0,0,0,0,0,2017
GLDN,96,0,0,0,0,0,96
GLDW,170,0,0,0,0,0,170
GLE,448,0,0,0,0,0,448
GLED,58,0,0,0,0,0,58
GLGG,219,0,0,0,0,0,219
GLIBA,248,0,0,0,0,0,248
GLIBK,248,0,0,0,0,0,248
GLIN,3989,0,0,0,0,0,3989
GLIX,188,0,0,0,0,0,188
GLL,4423,0,0,0,0,0,4423
GLMD,3097,0,0,0,0,0,3097
GLND,73,0,0,0,0,0,73
GLNG,5781,0,0,0,0,0,5781
GLNK,500,0,0,0,0,0,500
GLO,5076,0,0,0,0,0,5076
GLOB,3009,0,0,0,0,0,3009
GLOF,2810,0,0,0,0,0,2810
GLOO,157,0,0,0,0,0,157
GLOW,499,0,0,0,0,0,499
GLP,5223,0,0,0,0,0,5223
GLPI,3200,0,0,0,0,0,3200
GLQ,5331,0,0,0,0,0,5331
GLRE,4809,0,0,0,0,0,4809
GLRY,1398,0,0,0,0,0,1398
GLSI,1450,0,0,0,0,0,1450
GLTR,3948,0,0,0,0,0,3948
GLU,5562,0,0,0,0,0,5562
GLUE,1263,0,0,0,0,0,1263
GLV,5520,0,0,0,0,0,5520
GLW,11217,0,0,0,0,0,11217
GLWG,82,0,0,0,0,0,82
GLX,5,0,0,0,0,0,5
GLXG,454,0,0,0,0,0,454
GLXU,228,0,0,0,0,0,228
GLXY,285,0,0,0,0,0,285
GM,3929,0,0,0,0,0,3929
GMAB,4301,0,0,0,0,0,4301
GMAR,827,0,0,0,0,0,827
GMAY,783,0,0,0,0,0,783
GME,6137,0,0,0,0,0,6137
GMEC,5,0,0,0,0,0,5
GMED,3499,0,0,0,0,0,3499
GMEU,301,0,0,0,0,0,301
GMEX,730,0,0,0,0,0,730
GMEY,207,0,0,0,0,0,207
GMF,4852,0,0,0,0,0,4852
GMHS,758,0,0,0,0,0,758
GMM,687,0,0,0,0,0,687
GMMA,451,0,0,0,0,0,451
GMMF,348,0,0,0,0,0,348
GMNY,453,0,0,0,0,0,453
GMOC,172,0,0,0,0,0,172
GMOD,182,0,0,0,0,0,182
GMOI,421,0,0,0,0,0,421
GMOM,1895,0,0,0,0,0,1895
GMOV,421,0,0,0,0,0,421
GMRS,37,0,0,0,0,0,37
GMTL,74,0,0,0,0,0,74
GMUB,486,0,0,0,0,0,486
GNE,3693,0,0,0,0,0,3693
GNK,3012,0,0,0,0,0,3012
GNL,2790,0,0,0,0,0,2790
GNLN,1813,0,0,0,0,0,1813
GNLX,863,0,0,0,0,0,863
GNMA,3614,0,0,0,0,0,3614
GNMX,42,0,0,0,0,0,42
GNOM,1819,0,0,0,0,0,1819
GNOV,657,0,0,0,0,0,657
GNPX,2078,0,0,0,0,0,2078
GNR,3976,0,0,0,0,0,3976
GNRC,4124,0,0,0,0,0,4124
GNS,1061,0,0,0,0,0,1061
GNSS,8118,0,0,0,0,0,8118
GNT,3882,0,0,0,0,0,3882
GNTA,1142,0,0,0,0,0,1142
GNTX,11223,0,0,0,0,0,11223
GNW,5563,0,0,0,0,0,5563
GO,1770,0,0,0,0,0,1770
GOAI,110,0,0,0,0,0,110
GOAU,2266,0,0,0,0,0,2266
GOCT,677,0,0,0,0,0,677
GOEX,3939,0,0,0,0,0,3939
GOF,4765,0,0,0,0,0,4765
GOGL,7,0,0,0,0,0,7
GOGO,3279,0,0,0,0,0,3279
GOLD,3095,0,0,0,0,0,3095
GOLF,2433,0,0,0,0,0,2433
GOLI,316,0,0,0,0,0,316
GOLS,127,0,0,0,0,0,127
GOLY,1289,0,0,0,0,0,1289
GOOD,5759,0,0,0,0,0,5759
GOODN,1702,0,0,0,0,0,1702
GOODO,1265,0,0,0,0,0,1265
GOOG,5504,0,0,0,0,0,5504
GOOGL,5504,0,0,0,0,0,5504
GOOGM,23,0,0,0,0,0,23
GOOGN,23,0,0,0,0,0,23
GOOL,1,0,0,0,0,0,1
GOOP,671,0,0,0,0,0,671
GOOS,2339,0,0,0,0,0,2339
GOOW,239,0,0,0,0,0,239
GOOX,622,0,0,0,0,0,622
GOOY,737,0,0,0,0,0,737
GOP,855,0,0,0,0,0,855
GORO,4982,0,0,0,0,0,4982
GOSS,1861,0,0,0,0,0,1861
GOTU,1780,0,0,0,0,0,1780
GOU,148,0,0,0,0,0,148
GOVI,4712,0,0,0,0,0,4712
GOVM,37,0,0,0,0,0,37
GOVT,3611,0,0,0,0,0,3611
GOVX,1450,0,0,0,0,0,1450
GOVZ,1450,0,0,0,0,0,1450
GP,1469,0,0,0,0,0,1469
GPAC,113,0,0,0,0,0,113
GPACU,147,0,0,0,0,0,147
GPAT,504,0,0,0,0,0,504
GPATU,540,0,0,0,0,0,540
GPATW,83,0,0,0,1,1,82
GPC,11670,0,0,0,0,0,11670
GPCR,857,0,0,0,0,0,857
GPGI,1411,0,0,0,0,0,1411
GPI,7213,0,0,0,0,0,7213
GPIQ,673,0,0,0,0,0,673
GPIX,673,0,0,0,0,0,673
GPJA,1909,0,0,0,0,0,1909
GPK,8449,0,0,0,0,0,8449
GPMT,2269,0,0,0,0,0,2269
GPN,6405,0,0,0,0,0,6405
GPOR,1289,0,0,0,0,0,1289
GPRE,5109,0,0,0,0,0,5109
GPRF,483,0,0,0,0,0,483
GPRK,3953,0,0,0,0,0,3953
GPRO,3024,0,0,0,0,0,3024
GPT,450,0,0,0,0,0,450
GPTY,364,0,0,0,0,0,364
GPUS,7433,0,0,0,0,0,7433
GPZ,272,0,0,0,0,0,272
GQGU,247,0,0,0,0,0,247
GQI,641,0,0,0,0,0,641
GQQQ,441,0,0,0,0,0,441
GQRE,3183,0,0,0,0,0,3183
GRAB,1404,0,0,0,0,0,1404
GRABW,1398,0,0,0,0,0,1398
GRAF,472,0,0,0,0,0,472
GRAG,141,0,0,0,0,0,141
GRAL,517,0,0,0,0,0,517
GRAN,255,0,0,0,0,0,255
GRBK,4791,0,0,0,0,0,4791
GRC,11670,0,0,0,0,0,11670
GRCE,3623,0,0,0,0,0,3623
GRDN,444,0,0,0,0,0,444
GRDX,2446,0,0,0,0,0,2446
GREE,6529,0,0,0,0,0,6529
GREEL,1185,0,0,0,0,0,1185
GREK,3663,0,0,0,0,0,3663
GRF,5648,0,0,0,0,0,5648
GRFS,3795,0,0,0,0,0,3795
GRI,1356,0,0,0,0,0,1356
GRID,4182,0,0,0,0,0,4182
GRIN,258,0,0,0,0,0,258
GRML,1049,0,0,0,0,0,1049
GRMN,6429,0,0,0,0,0,6429
GRN,1708,0,0,0,0,0,1708
GRNB,2346,0,0,0,0,0,2346
GRND,1374,0,0,0,0,0,1374
GRNI,158,0,0,0,0,0,158
GRNJ,157,0,0,0,0,0,157
GRNQ,2026,0,0,0,0,0,2026
GRNT,1420,0,0,0,0,0,1420
GRNY,414,0,0,0,0,0,414
GRO,400,0,0,0,0,0,400
GROV,1292,0,0,0,0,0,1292
GROW,10379,0,0,0,0,0,10379
GROY,1338,0,0,0,0,0,1338
GROZ,395,0,0,0,0,0,395
GRPM,3916,0,0,0,0,0,3916
GRPN,3686,0,0,0,0,0,3686
GRPZ,569,0,0,0,0,0,569
GRRR,1295,0,0,0,0,0,1295
GRRRW,83,0,0,0,1,1,82
GRVY,5385,0,0,0,0,0,5385
GRW,543,0,0,0,0,0,543
GRWG,2113,0,0,0,0,0,2113
GRX,4792,0,0,0,0,0,4792
GS,6835,0,0,0,0,0,6835
GSAT,4947,0,0,0,0,0,4947
GSBC,9204,0,0,0,0,0,9204
GSBD,2842,0,0,0,0,0,2842
GSC,688,0,0,0,0,0,688
GSEE,1540,0,0,0,0,0,1540
GSEP,702,0,0,0,0,0,702
GSEU,2599,0,0,0,0,0,2599
GSEW,2212,0,0,0,0,0,2212
GSG,5020,0,0,0,0,0,5020
GSGO,158,0,0,0,0,0,158
GSHD,2058,0,0,0,0,0,2058
GSHR,289,0,0,0,0,0,289
GSHRU,324,0,0,0,0,0,324
GSHRW,82,0,0,0,0,0,82
GSIB,639,0,0,0,0,0,639
GSID,1540,0,0,0,0,0,1540
GSIE,2677,0,0,0,0,0,2677
GSIT,4848,0,0,0,0,0,4848
GSIW,649,0,0,0,0,0,649
GSJY,2599,0,0,0,0,0,2599
GSK,11661,0,0,0,0,0,11661
GSKH,374,0,0,0,0,0,374
GSL,4499,0,0,0,0,0,4499
GSLC,2713,0,0,0,0,0,2713
GSM,4259,0,0,0,0,0,4259
GSOL,629,0,0,0,0,0,629
GSPY,1385,0,0,0,0,0,1385
GSRF,178,0,0,0,0,0,178
GSRFR,178,0,0,0,0,0,178
GSRFU,210,0,0,0,0,0,210
GSRV,2,0,0,0,0,0,2
GSRVU,36,0,0,0,0,0,36
GSSC,2260,0,0,0,0,0,2260
GSST,1814,0,0,0,0,0,1814
GSUI,100,0,0,0,0,0,100
GSUN,1013,0,0,0,0,0,1013
GSUS,1540,0,0,0,0,0,1540
GSWO,1078,0,0,0,0,0,1078
GSY,4628,0,0,0,0,0,4628
GT,16235,0,0,0,0,0,16235
GTBP,2080,0,0,0,0,0,2080
GTE,5165,0,0,0,0,0,5165
GTEC,1987,0,0,0,0,0,1987
GTEK,1205,0,0,0,0,0,1205
GTEN,261,0,0,0,0,0,261
GTENU,295,0,0,0,0,0,295
GTENW,82,0,0,0,0,0,82
GTERA,238,0,0,0,0,0,238
GTERU,250,0,0,0,0,0,250
GTERW,83,0,0,0,1,1,82
GTES,2122,0,0,0,0,0,2122
GTIM,8557,0,0,0,0,0,8557
GTIP,1937,0,0,0,0,0,1937
GTLB,1185,0,0,0,0,0,1185
GTLS,5017,0,0,0,0,0,5017
GTM,1529,0,0,0,0,0,1529
GTN,5999,0,0,0,0,0,5999
GTND,36,0,0,0,0,0,36
GTO,2613,0,0,0,0,0,2613
GTOC,240,0,0,0,0,0,240
GTOH,892,0,0,0,0,0,892
GTOP,144,0,0,0,0,0,144
GTOQ,1400,0,0,0,0,0,1400
GTOS,892,0,0,0,0,0,892
GTPE,175,0,0,0,0,0,175
GTR,1190,0,0,0,0,0,1190
GTX,1960,0,0,0,0,0,1960
GTY,13406,0,0,0,0,0,13406
GUAC,1,0,0,0,0,0,1
GUACU,35,0,0,0,0,0,35
GUG,1156,0,0,0,0,0,1156
GUMI,488,0,0,0,0,0,488
GUNR,3717,0,0,0,0,0,3717
GURE,4955,0,0,0,0,0,4955
GURU,3541,0,0,0,0,0,3541
GUSA,1060,0,0,0,0,0,1060
GUSE,158,0,0,0,0,0,158
GUSH,2792,0,0,0,0,0,2792
GUT,6788,0,0,0,0,0,6788
GUTS,607,0,0,0,0,0,607
GV,1037,0,0,0,0,0,1037
GVA,9118,0,0,0,0,0,9118
GVAL,3098,0,0,0,0,0,3098
GVH,665,0,0,0,0,0,665
GVI,4901,0,0,0,0,0,4901
GVIP,2423,0,0,0,0,0,2423
GVLE,158,0,0,0,0,0,158
GVLU,1022,0,0,0,0,0,1022
GVUS,650,0,0,0,0,0,650
GWAV,2827,0,0,0,0,0,2827
GWH,1382,0,0,0,0,0,1382
GWRE,3632,0,0,0,0,0,3632
GWRS,2561,0,0,0,0,0,2561
GWW,13456,0,0,0,0,0,13456
GWX,4829,0,0,0,0,0,4829
GXAI,849,0,0,0,0,0,849
GXC,4852,0,0,0,0,0,4852
GXDW,1675,0,0,0,0,0,1675
GXIG,264,0,0,0,0,0,264
GXLC,196,0,0,0,0,0,196
GXO,1244,0,0,0,0,0,1244
GXPC,240,0,0,0,0,0,240
GXPD,240,0,0,0,0,0,240
GXPE,240,0,0,0,0,0,240
GXPS,240,0,0,0,0,0,240
GXPT,240,0,0,0,0,0,240
GXRP,153,0,0,0,0,0,153
GXUS,768,0,0,0,0,0,768
GYLD,3560,0,0,0,0,0,3560
GYRE,5089,0,0,0,0,0,5089
GYRO,7770,0,0,0,0,0,7770
H,4190,0,0,0,0,0,4190
HACK,2927,0,0,0,0,0,2927
HACQ,64,0,0,0,0,0,64
HACQU,99,0,0,0,0,0,99
HAE,8851,0,0,0,0,0,8851
HAFC,8116,0,0,0,0,0,8116
HAFN,561,0,0,0,0,0,561
HAIL,2141,0,0,0,0,0,2141
HAIN,8168,0,0,0,0,0,8168
HAKY,115,0,0,0,0,0,115
HAL,13636,0,0,0,0,0,13636
HALO,5612,0,0,0,0,0,5612
HALX,33,0,0,0,0,0,33
HAO,612,0,0,0,0,0,612
HAP,4438,0,0,0,0,0,4438
HAPI,934,0,0,0,0,0,934
HAPN,2907,0,0,0,0,0,2907
HAPS,809,0,0,0,0,0,809
HARD,820,0,0,0,0,0,820
HAS,11670,0,0,0,0,0,11670
HASI,3324,0,0,0,0,0,3324
HAUS,1091,0,0,0,0,0,1091
HAUZ,3209,0,0,0,0,0,3209
HAVA,139,0,0,0,0,0,139
HAVAU,175,0,0,0,0,0,175
HAWK,41,0,0,0,0,0,41
HAWX,2769,0,0,0,0,0,2769
HAYW,1335,0,0,0,0,0,1335
HBAN,11670,0,0,0,0,0,11670
HBANL,841,0,0,0,0,0,841
HBANM,1273,0,0,0,0,0,1273
HBANP,1362,0,0,0,0,0,1362
HBANZ,107,0,0,0,0,0,107
HBB,2205,0,0,0,0,0,2205
HBCP,4462,0,0,0,0,0,4462
HBDC,268,0,0,0,0,0,268
HBIO,6362,0,0,0,0,0,6362
HBM,4374,0,0,0,0,0,4374
HBMX,24,0,0,0,0,0,24
HBNB,274,0,0,0,0,0,274
HBNC,6161,0,0,0,0,0,6161
HBR,172,0,0,0,0,0,172
HBRD,90,0,0,0,0,0,90
HBT,1691,0,0,0,0,0,1691
HBTA,364,0,0,0,0,0,364
HBTC,326,0,0,0,0,0,326
HCA,3853,0,0,0,0,0,3853
HCAC,111,0,0,0,0,0,111
HCACU,154,0,0,0,0,0,154
HCAI,355,0,0,0,0,0,355
HCAT,1746,0,0,0,0,0,1746
HCC,2319,0,0,0,0,0,2319
HCHL,260,0,0,0,0,0,260
HCI,4479,0,0,0,0,0,4479
HCIC,68,0,0,0,0,0,68
HCICU,103,0,0,0,0,0,103
HCKT,7070,0,0,0,0,0,7070
HCM,2591,0,0,0,0,0,2591
HCMA,198,0,0,0,0,0,198
HCMAU,233,0,0,0,0,0,233
HCMAW,82,0,0,0,0,0,82
HCMT,762,0,0,0,0,0,762
HCOW,700,0,0,0,0,0,700
HCRB,1602,0,0,0,0,0,1602
HCSG,10733,0,0,0,0,0,10733
HCTI,1186,0,0,0,0,0,1186
HCWB,1246,0,0,0,0,0,1246
HCWC,452,0,0,0,0,0,452
HCXY,1952,0,0,0,0,0,1952
HD,11287,0,0,0,0,0,11287
HDB,6276,0,0,0,0,0,6276
HDEF,2736,0,0,0,0,0,2736
HDG,3766,0,0,0,0,0,3766
HDGE,3882,0,0,0,0,0,3882
HDL,534,0,0,0,0,0,534
HDLB,1678,0,0,0,0,0,1678
HDMV,2476,0,0,0,0,0,2476
HDRN,455,0,0,0,0,0,455
HDSN,7971,0,0,0,0,0,7971
HDUS,909,0,0,0,0,0,909
HDV,3838,0,0,0,0,0,3838
HE,13456,0,0,0,0,0,13456
HEAL,1490,0,0,0,0,0,1490
HECA,255,0,0,0,0,0,255
HECO,456,0,0,0,0,0,456
HEDG,183,0,0,0,0,0,183
HEDJ,4142,0,0,0,0,0,4142
HEEM,2961,0,0,0,0,0,2961
HEFA,3115,0,0,0,0,0,3115
HEFT,154,0,0,0,0,0,154
HEGD,1388,0,0,0,0,0,1388
HEI,11670,0,0,0,0,0,11670
HELE,12602,0,0,0,0,0,12602
HELO,693,0,0,0,0,0,693
HELP,1711,0,0,0,0,0,1711
HELS,141,0,0,0,0,0,141
HELX,1597,0,0,0,0,0,1597
HEMI,137,0,0,0,0,0,137
HEPS,1258,0,0,0,0,0,1258
HEQ,3798,0,0,0,0,0,3798
HEQQ,320,0,0,0,0,0,320
HEQT,1172,0,0,0,0,0,1172
HERD,1801,0,0,0,0,0,1801
HERE,864,0,0,0,0,0,864
HERO,1677,0,0,0,0,0,1677
HERZ,8085,0,0,0,0,0,8085
HESM,2325,0,0,0,0,0,2325
HEWJ,3122,0,0,0,0,0,3122
HEZU,2963,0,0,0,0,0,2963
HF,733,0,0,0,0,0,733
HFBL,4791,0,0,0,0,0,4791
HFEQ,246,0,0,0,0,0,246
HFFG,2218,0,0,0,0,0,2218
HFGM,307,0,0,0,0,0,307
HFGO,1166,0,0,0,0,0,1166
HFMF,246,0,0,0,0,0,246
HFND,936,0,0,0,0,0,936
HFRO,2176,0,0,0,0,0,2176
HFSI,1201,0,0,0,0,0,1201
HFSP,424,0,0,0,0,0,424
HFWA,7084,0,0,0,0,0,7084
HFXI,2755,0,0,0,0,0,2755
HG,663,0,0,0,0,0,663
HGBL,8379,0,0,0,0,0,8379
HGER,1103,0,0,0,0,0,1103
HGLB,1847,0,0,0,0,0,1847
HGRO,268,0,0,0,0,0,268
HGTY,1280,0,0,0,0,0,1280
HGV,2388,0,0,0,0,0,2388
HHH,3938,0,0,0,0,0,3938
HHS,8221,0,0,0,0,0,8221
HIBL,1672,0,0,0,0,0,1672
HIBS,1672,0,0,0,0,0,1672
HIDE,909,0,0,0,0,0,909
HIDV,821,0,0,0,0,0,821
HIFS,9458,0,0,0,0,0,9458
HIG,7687,0,0,0,0,0,7687
HIGH,923,0,0,0,0,0,923
HIHO,7437,0,0,0,0,0,7437
HII,3845,0,0,0,0,0,3845
HIMS,1711,0,0,0,0,0,1711
HIMU,352,0,0,0,0,0,352
HIMX,5097,0,0,0,0,0,5097
HIMZ,330,0,0,0,0,0,330
HIND,2449,0,0,0,0,0,2449
HIO,8213,0,0,0,0,0,8213
HIPO,1377,0,0,0,0,0,1377
HIPS,2888,0,0,0,0,0,2888
HIS,33,0,0,0,0,0,33
HISF,2990,0,0,0,0,0,2990
HIT,383,0,0,0,0,0,383
HITI,1378,0,0,0,0,0,1378
HIVE,3878,0,0,0,0,0,3878
HIW,8073,0,0,0,0,0,8073
HIX,7073,0,0,0,0,0,7073
HIYY,197,0,0,0,0,0,197
HJLY,3,0,0,0,0,0,3
HJUN,24,0,0,0,0,0,24
HKD,997,0,0,0,0,0,997
HKIT,818,0,0,0,0,0,818
HKPD,369,0,0,0,0,0,369
HL,11670,0,0,0,0,0,11670
HLAL,1753,0,0,0,0,0,1753
HLF,5421,0,0,0,0,0,5421
HLI,2739,0,0,0,0,0,2739
HLIO,7418,0,0,0,0,0,7418
HLIT,7831,0,0,0,0,0,7831
HLLY,1406,0,0,0,0,0,1406
HLMN,1402,0,0,0,0,0,1402
HLN,991,0,0,0,0,0,991
HLNE,2350,0,0,0,0,0,2350
HLP,820,0,0,0,0,0,820
HLT,3158,0,0,0,0,0,3158
HLX,7298,0,0,0,0,0,7298
HLXC,113,0,0,0,0,0,113
HMAY,42,0,0,0,0,0,42
HMC,11670,0,0,0,0,0,11670
HMH,66,0,0,0,0,0,66
HMN,8719,0,0,0,0,0,8719
HMOP,2149,0,0,0,0,0,2149
HMR,345,0,0,0,0,0,345
HMY,8088,0,0,0,0,0,8088
HMYY,148,0,0,0,0,0,148
HNDL,2122,0,0,0,0,0,2122
HNGE,281,0,0,0,0,0,281
HNI,11670,0,0,0,0,0,11670
HNNA,5365,0,0,0,0,0,5365
HNRG,8116,0,0,0,0,0,8116
HNST,1299,0,0,0,0,0,1299
HNVR,1041,0,0,0,0,0,1041
HODL,622,0,0,0,0,0,622
HODO,335,0,0,0,0,0,335
HODU,156,0,0,0,0,0,156
HOFT,6044,0,0,0,0,0,6044
HOG,10076,0,0,0,0,0,10076
HOLA,247,0,0,0,0,0,247
HOLD,224,0,0,0,0,0,224
HOLO,1233,0,0,0,0,0,1233
HOLOW,83,0,0,0,1,1,82
HOMB,5039,0,0,0,0,0,5039
HOMZ,1834,0,0,0,0,0,1834
HON,16235,0,0,0,0,0,16235
HONA,15,0,0,0,0,0,15
HONG,37,0,0,0,0,0,37
HOOD,1239,0,0,0,0,0,1239
HOOG,324,0,0,0,0,0,324
HOOW,263,0,0,0,0,0,263
HOOX,326,0,0,0,0,0,326
HOOY,291,0,0,0,0,0,291
HOOZ,160,0,0,0,0,0,160
HOPE,7152,0,0,0,0,0,7152
HOUR,1126,0,0,0,0,0,1126
HOV,10791,0,0,0,0,0,10791
HOVNP,5180,0,0,0,0,0,5180
HOVR,817,0,0,0,0,0,817
HOVRW,83,0,0,0,1,1,82
HOWL,1301,0,0,0,0,0,1301
HOYY,192,0,0,0,0,0,192
HP,11522,0,0,0,0,0,11522
HPAI,481,0,0,0,0,0,481
HPAIW,82,0,0,0,0,0,82
HPE,2693,0,0,0,0,0,2693
HPEL,10,0,0,0,0,0,10
HPF,5938,0,0,0,0,0,5938
HPI,5781,0,0,0,0,0,5781
HPK,2037,0,0,0,0,0,2037
HPP,4032,0,0,0,0,0,4032
HPQ,16235,0,0,0,0,0,16235
HPS,5800,0,0,0,0,0,5800
HQ,74,0,0,0,0,0,74
HQGO,646,0,0,0,0,0,646
HQH,9875,0,0,0,0,0,9875
HQI,5722,0,0,0,0,0,5722
HQL,8604,0,0,0,0,0,8604
HQWWW,74,0,0,0,0,0,74
HQY,3000,0,0,0,0,0,3000
HR,8333,0,0,0,0,0,8333
HRB,13456,0,0,0,0,0,13456
HRI,4937,0,0,0,0,0,4937
HRL,11670,0,0,0,0,0,11670
HRMY,1476,0,0,0,0,0,1476
HROW,4721,0,0,0,0,0,4721
HRSK,15,0,0,0,0,0,15
HRTG,3047,0,0,0,0,0,3047
HRTS,656,0,0,0,0,0,656
HRTX,9788,0,0,0,0,0,9788
HRZN,3943,0,0,0,0,0,3943
HSAI,853,0,0,0,0,0,853
HSBC,6784,0,0,0,0,0,6784
HSBH,315,0,0,0,0,0,315
HSCS,1016,0,0,0,0,0,1016
HSCSW,82,0,0,0,0,0,82
HSCZ,2756,0,0,0,0,0,2756
HSDT,3023,0,0,0,0,0,3023
HSHP,818,0,0,0,0,0,818
HSIC,7716,0,0,0,0,0,7716
HSLV,81,0,0,0,0,0,81
HSMV,1569,0,0,0,0,0,1569
HST,11670,0,0,0,0,0,11670
HSTM,6597,0,0,0,0,0,6597
HSY,11670,0,0,0,0,0,11670
HTAB,2064,0,0,0,0,0,2064
HTAX,335,0,0,0,0,0,335
HTB,3516,0,0,0,0,0,3516
HTCO,1198,0,0,0,0,0,1198
HTCR,1103,0,0,0,0,0,1103
HTD,5626,0,0,0,0,0,5626
HTEC,1767,0,0,0,0,0,1767
HTFC,1009,0,0,0,0,0,1009
HTFL,227,0,0,0,0,0,227
HTGC,5301,0,0,0,0,0,5301
HTH,5630,0,0,0,0,0,5630
HTHT,4094,0,0,0,0,0,4094
HTLD,9991,0,0,0,0,0,9991
HTLM,441,0,0,0,0,0,441
HTO,13636,0,0,0,0,0,13636
HTOO,1397,0,0,0,0,0,1397
HTRB,2203,0,0,0,0,0,2203
HTT,2189,0,0,0,0,0,2189
HTUS,2773,0,0,0,0,0,2773
HTZ,1258,0,0,0,0,0,1258
HTZWW,83,0,0,0,1,1,82
HUBB,13513,0,0,0,0,0,13513
HUBC,1130,0,0,0,0,0,1130
HUBCW,83,0,0,0,1,1,82
HUBCZ,83,0,0,0,1,1,82
HUBG,7627,0,0,0,0,0,7627
HUBS,2951,0,0,0,0,0,2951
HUDI,1369,0,0,0,0,0,1369
HUHU,426,0,0,0,0,0,426
HUIZ,1607,0,0,0,0,0,1607
HULL,42,0,0,0,0,0,42
HUM,11217,0,0,0,0,0,11217
HUMA,1404,0,0,0,0,0,1404
HUMAW,83,0,0,0,1,1,82
HUMN,258,0,0,0,0,0,258
HUN,5381,0,0,0,0,0,5381
HURA,3362,0,0,0,0,0,3362
HURC,11556,0,0,0,0,0,11556
HURN,5466,0,0,0,0,0,5466
HUSV,2478,0,0,0,0,0,2478
HUT,2093,0,0,0,0,0,2093
HUTG,120,0,0,0,0,0,120
HUYA,2048,0,0,0,0,0,2048
HVAC,356,0,0,0,0,0,356
HVII,354,0,0,0,0,0,354
HVIIU,366,0,0,0,0,0,366
HVMC,189,0,0,0,0,0,189
HVMCU,226,0,0,0,0,0,226
HVMCW,82,0,0,0,0,0,82
HVT,11670,0,0,0,0,0,11670
HWAY,454,0,0,0,0,0,454
HWBK,6782,0,0,0,0,0,6782
HWC,8835,0,0,0,0,0,8835
HWCPZ,1520,0,0,0,0,0,1520
HWH,1074,0,0,0,0,0,1074
HWKN,11669,0,0,0,0,0,11669
HWM,2431,0,0,0,0,0,2431
HWSM,318,0,0,0,0,0,318
HXHX,307,0,0,0,0,0,307
HXL,11670,0,0,0,0,0,11670
HY,3459,0,0,0,0,0,3459
HYBB,1441,0,0,0,0,0,1441
HYBI,442,0,0,0,0,0,442
HYBL,1098,0,0,0,0,0,1098
HYBX,406,0,0,0,0,0,406
HYD,4380,0,0,0,0,0,4380
HYDB,2256,0,0,0,0,0,2256
HYDR,1250,0,0,0,0,0,1250
HYDW,2122,0,0,0,0,0,2122
HYEM,3556,0,0,0,0,0,3556
HYFI,788,0,0,0,0,0,788
HYFM,1397,0,0,0,0,0,1397
HYFT,6163,0,0,0,0,0,6163
HYG,4840,0,0,0,0,0,4840
HYGH,3044,0,0,0,0,0,3044
HYGM,53,0,0,0,0,0,53
HYGV,2002,0,0,0,0,0,2002
HYGW,971,0,0,0,0,0,971
HYHG,3299,0,0,0,0,0,3299
HYI,3945,0,0,0,0,0,3945
HYIN,1297,0,0,0,0,0,1297
HYLB,2402,0,0,0,0,0,2402
HYLN,1635,0,0,0,0,0,1635
HYLS,3359,0,0,0,0,0,3359
HYMB,3828,0,0,0,0,0,3828
HYMC,2091,0,0,0,0,0,2091
HYNE,146,0,0,0,0,0,146
HYP,197,0,0,0,0,0,197
HYPD,2122,0,0,0,0,0,2122
HYPG,23,0,0,0,0,0,23
HYPR,1365,0,0,0,0,0,1365
HYS,3784,0,0,0,0,0,3784
HYSA,701,0,0,0,0,0,701
HYSD,459,0,0,0,0,0,459
HYT,5813,0,0,0,0,0,5813
HYTI,343,0,0,0,0,0,343
HYTR,1622,0,0,0,0,0,1622
HYUP,2131,0,0,0,0,0,2131
HYXF,2526,0,0,0,0,0,2526
HYZD,3154,0,0,0,0,0,3154
HZO,7066,0,0,0,0,0,7066
IACO,64,0,0,0,0,0,64
IACOU,100,0,0,0,0,0,100
IACQ,12,0,0,0,0,0,12
IACQU,48,0,0,0,0,0,48
IAE,4849,0,0,0,0,0,4849
IAF,10216,0,0,0,0,0,10216
IAG,5781,0,0,0,0,0,5781
IAGG,2675,0,0,0,0,0,2675
IAI,5073,0,0,0,0,0,5073
IAK,5073,0,0,0,0,0,5073
IALT,141,0,0,0,0,0,141
IAPR,1321,0,0,0,0,0,1321
IART,7772,0,0,0,0,0,7772
IAT,5073,0,0,0,0,0,5073
IAU,5392,0,0,0,0,0,5392
IAUG,483,0,0,0,0,0,483
IAUI,272,0,0,0,0,0,272
IAUM,1258,0,0,0,0,0,1258
IAUX,1307,0,0,0,0,0,1307
IBAC,546,0,0,0,0,0,546
IBAT,574,0,0,0,0,0,574
IBB,6386,0,0,0,0,0,6386
IBBQ,1272,0,0,0,0,0,1272
IBCA,438,0,0,0,0,0,438
IBCB,70,0,0,0,0,0,70
IBCP,10287,0,0,0,0,0,10287
IBD,2259,0,0,0,0,0,2259
IBDR,2459,0,0,0,0,0,2459
IBDS,2211,0,0,0,0,0,2211
IBDT,1957,0,0,0,0,0,1957
IBDU,1707,0,0,0,0,0,1707
IBDV,1513,0,0,0,0,0,1513
IBDW,1262,0,0,0,0,0,1262
IBDX,1007,0,0,0,0,0,1007
IBDY,761,0,0,0,0,0,761
IBDZ,529,0,0,0,0,0,529
IBEX,1484,0,0,0,0,0,1484
IBFR,92,0,0,0,0,0,92
IBG,444,0,0,0,0,0,444
IBGA,516,0,0,0,0,0,516
IBGB,321,0,0,0,0,0,321
IBGC,70,0,0,0,0,0,70
IBGK,493,0,0,0,0,0,493
IBGL,312,0,0,0,0,0,312
IBGM,70,0,0,0,0,0,70
IBHF,1412,0,0,0,0,0,1412
IBHG,1253,0,0,0,0,0,1253
IBHH,1080,0,0,0,0,0,1080
IBHI,1084,0,0,0,0,0,1084
IBHJ,760,0,0,0,0,0,760
IBHK,529,0,0,0,0,0,529
IBHL,315,0,0,0,0,0,315
IBHM,70,0,0,0,0,0,70
IBIC,519,0,0,0,0,0,519
IBID,702,0,0,0,0,0,702
IBIE,702,0,0,0,0,0,702
IBIF,697,0,0,0,0,0,697
IBIG,688,0,0,0,0,0,688
IBIH,698,0,0,0,0,0,698
IBII,698,0,0,0,0,0,698
IBIJ,698,0,0,0,0,0,698
IBIK,529,0,0,0,0,0,529
IBIL,319,0,0,0,0,0,319
IBIM,70,0,0,0,0,0,70
IBIO,4497,0,0,0,0,0,4497
IBIT,622,0,0,0,0,0,622
IBKR,4823,0,0,0,0,0,4823
IBLC,1051,0,0,0,0,0,1051
IBM,16235,0,0,0,0,0,16235
IBMO,1823,0,0,0,0,0,1823
IBMP,1818,0,0,0,0,0,1818
IBMQ,1813,0,0,0,0,0,1813
IBMR,790,0,0,0,0,0,790
IBMS,529,0,0,0,0,0,529
IBMT,320,0,0,0,0,0,320
IBMU,70,0,0,0,0,0,70
IBMV,70,0,0,0,0,0,70
IBMW,62,0,0,0,0,0,62
IBMX,56,0,0,0,0,0,56
IBN,6607,0,0,0,0,0,6607
IBND,4056,0,0,0,0,0,4056
IBO,452,0,0,0,0,0,452
IBOC,7762,0,0,0,0,0,7762
IBOT,813,0,0,0,0,0,813
IBP,3116,0,0,0,0,0,3116
IBRN,966,0,0,0,0,0,966
IBRX,2751,0,0,0,0,0,2751
IBTA,554,0,0,0,0,0,554
IBTG,1596,0,0,0,0,0,1596
IBTH,1596,0,0,0,0,0,1596
IBTI,1596,0,0,0,0,0,1596
IBTJ,1596,0,0,0,0,0,1596
IBTK,1498,0,0,0,0,0,1498
IBTL,1217,0,0,0,0,0,1217
IBTM,1002,0,0,0,0,0,1002
IBTO,756,0,0,0,0,0,756
IBTP,517,0,0,0,0,0,517
IBTQ,320,0,0,0,0,0,320
IBTR,70,0,0,0,0,0,70
IBUF,505,0,0,0,0,0,505
IBUY,2567,0,0,0,0,0,2567
IBX,72,0,0,0,0,0,72
ICAP,1133,0,0,0,0,0,1133
ICCC,9867,0,0,0,0,0,9867
ICCM,1219,0,0,0,0,0,1219
ICE,5189,0,0,0,0,0,5189
ICF,6392,0,0,0,0,0,6392
ICFI,4972,0,0,0,0,0,4972
ICG,829,0,0,0,0,0,829
ICHR,2404,0,0,0,0,0,2404
ICL,5356,0,0,0,0,0,5356
ICLN,4535,0,0,0,0,0,4535
ICLO,894,0,0,0,0,0,894
ICLR,7078,0,0,0,0,0,7078
ICMB,3121,0,0,0,0,0,3121
ICOI,315,0,0,0,0,0,315
ICON,497,0,0,0,0,0,497
ICOP,760,0,0,0,0,0,760
ICOW,2274,0,0,0,0,0,2274
ICPI,154,0,0,0,0,0,154
ICPY,206,0,0,0,0,0,206
ICRC,190,0,0,0,0,0,190
ICSH,3156,0,0,0,0,0,3156
ICU,1331,0,0,0,0,0,1331
ICUCW,83,0,0,0,1,1,82
ICUI,8626,0,0,0,0,0,8626
ICVT,2788,0,0,0,0,0,2788
IDA,13456,0,0,0,0,0,13456
IDAC,1,0,0,0,0,0,1
IDACU,35,0,0,0,0,0,35
IDAI,1347,0,0,0,0,0,1347
IDCC,11250,0,0,0,0,0,11250
IDE,4131,0,0,0,0,0,4131
IDEC,649,0,0,0,0,0,649
IDEF,282,0,0,0,0,0,282
IDEQ,289,0,0,0,0,0,289
IDEV,2332,0,0,0,0,0,2332
IDGT,6250,0,0,0,0,0,6250
IDHQ,4796,0,0,0,0,0,4796
IDJL,3,0,0,0,0,0,3
IDJN,24,0,0,0,0,0,24
IDLV,3638,0,0,0,0,0,3638
IDMO,3611,0,0,0,0,0,3611
IDMY,42,0,0,0,0,0,42
IDN,6695,0,0,0,0,0,6695
IDNA,1774,0,0,0,0,0,1774
IDOG,3274,0,0,0,0,0,3274
IDR,6712,0,0,0,0,0,6712
IDRV,1813,0,0,0,0,0,1813
IDT,6321,0,0,0,0,0,6321
IDU,6549,0,0,0,0,0,6549
IDUB,1243,0,0,0,0,0,1243
IDV,4790,0,0,0,0,0,4790
IDVO,959,0,0,0,0,0,959
IDVY,99,0,0,0,0,0,99
IDVZ,380,0,0,0,0,0,380
IDX,4392,0,0,0,0,0,4392
IDXX,8822,0,0,0,0,0,8822
IDYA,1789,0,0,0,0,0,1789
IDYN,229,0,0,0,0,0,229
IE,1009,0,0,0,0,0,1009
IEAG,82,0,0,0,0,0,82
IEAGU,117,0,0,0,0,0,117
IEDI,2082,0,0,0,0,0,2082
IEF,6022,0,0,0,0,0,6022
IEFA,3442,0,0,0,0,0,3442
IEI,4901,0,0,0,0,0,4901
IEMG,3442,0,0,0,0,0,3442
IEO,5073,0,0,0,0,0,5073
IEP,9812,0,0,0,0,0,9812
IESC,7153,0,0,0,0,0,7153
IETC,2082,0,0,0,0,0,2082
IETH,189,0,0,0,0,0,189
IEUR,3034,0,0,0,0,0,3034
IEUS,4685,0,0,0,0,0,4685
IEV,6522,0,0,0,0,0,6522
IEX,9341,0,0,0,0,0,9341
IEZ,5073,0,0,0,0,0,5073
IFBD,1309,0,0,0,0,0,1309
IFEB,608,0,0,0,0,0,608
IFED,1205,0,0,0,0,0,1205
IFF,12995,0,0,0,0,0,12995
IFGL,4685,0,0,0,0,0,4685
IFLN,4687,0,0,0,0,0,4687
IFLO,258,0,0,0,0,0,258
IFLR,155,0,0,0,0,0,155
IFN,8150,0,0,0,0,0,8150
IFRA,2074,0,0,0,0,0,2074
IFRX,2175,0,0,0,0,0,2175
IFS,1763,0,0,0,0,0,1763
IFV,3006,0,0,0,0,0,3006
IG,2064,0,0,0,0,0,2064
IGA,5203,0,0,0,0,0,5203
IGAC,134,0,0,0,0,0,134
IGACR,134,0,0,0,0,0,134
IGACU,152,0,0,0,0,0,152
IGBH,2719,0,0,0,0,0,2719
IGC,5060,0,0,0,0,0,5060
IGCB,406,0,0,0,0,0,406
IGD,5352,0,0,0,0,0,5352
IGE,6191,0,0,0,0,0,6191
IGEB,2256,0,0,0,0,0,2256
IGF,4669,0,0,0,0,0,4669
IGGY,200,0,0,0,0,0,200
IGHG,3178,0,0,0,0,0,3178
IGI,4279,0,0,0,0,0,4279
IGIB,4901,0,0,0,0,0,4901
IGIC,2071,0,0,0,0,0,2071
IGLB,4167,0,0,0,0,0,4167
IGLD,1341,0,0,0,0,0,1341
IGM,6362,0,0,0,0,0,6362
IGME,269,0,0,0,0,0,269
IGOV,4384,0,0,0,0,0,4384
IGPT,5291,0,0,0,0,0,5291
IGR,5626,0,0,0,0,0,5626
IGRO,2546,0,0,0,0,0,2546
IGSB,4901,0,0,0,0,0,4901
IGTR,909,0,0,0,0,0,909
IGV,6279,0,0,0,0,0,6279
IH,1440,0,0,0,0,0,1440
IHAK,1774,0,0,0,0,0,1774
IHD,3819,0,0,0,0,0,3819
IHDG,3059,0,0,0,0,0,3059
IHE,5073,0,0,0,0,0,5073
IHF,5073,0,0,0,0,0,5073
IHG,5846,0,0,0,0,0,5846
IHI,5073,0,0,0,0,0,5073
IHRT,1763,0,0,0,0,0,1763
IHS,1185,0,0,0,0,0,1185
IHT,13456,0,0,0,0,0,13456
IHY,3584,0,0,0,0,0,3584
IIF,8147,0,0,0,0,0,8147
IIGD,1937,0,0,0,0,0,1937
III,4880,0,0,0,0,0,4880
IIIN,8636,0,0,0,0,0,8636
IIIV,2020,0,0,0,0,0,2020
IIM,8401,0,0,0,0,0,8401
IINC,9,0,0,0,0,0,9
IIPR,2410,0,0,0,0,0,2410
IJAN,1635,0,0,0,0,0,1635
IJH,6565,0,0,0,0,0,6565
IJJ,6522,0,0,0,0,0,6522
IJK,6522,0,0,0,0,0,6522
IJR,6565,0,0,0,0,0,6565
IJS,6522,0,0,0,0,0,6522
IJT,6522,0,0,0,0,0,6522
IJUL,1763,0,0,0,0,0,1763
IJUN,524,0,0,0,0,0,524
IKT,1388,0,0,0,0,0,1388
ILAG,999,0,0,0,0,0,999
ILCB,5531,0,0,0,0,0,5531
ILCG,5531,0,0,0,0,0,5531
ILCV,5531,0,0,0,0,0,5531
ILDR,1283,0,0,0,0,0,1283
ILF,6211,0,0,0,0,0,6211
ILIT,760,0,0,0,0,0,760
ILLR,1742,0,0,0,0,0,1742
ILLU,53,0,0,0,0,0,53
ILLUU,89,0,0,0,0,0,89
ILMN,6522,0,0,0,0,0,6522
ILOW,496,0,0,0,0,0,496
ILPT,2130,0,0,0,0,0,2130
ILS,317,0,0,0,0,0,317
ILTB,4167,0,0,0,0,0,4167
IMA,1325,0,0,0,0,0,1325
IMAR,588,0,0,0,0,0,588
IMAX,8071,0,0,0,0,0,8071
IMAY,546,0,0,0,0,0,546
IMCB,5531,0,0,0,0,0,5531
IMCC,1539,0,0,0,0,0,1539
IMCG,5531,0,0,0,0,0,5531
IMCR,1359,0,0,0,0,0,1359
IMCV,5531,0,0,0,0,0,5531
IMDX,2643,0,0,0,0,0,2643
IMF,326,0,0,0,0,0,326
IMFL,1345,0,0,0,0,0,1345
IMKTA,9770,0,0,0,0,0,9770
IMMP,3573,0,0,0,0,0,3573
IMMR,6700,0,0,0,0,0,6700
IMMX,1141,0,0,0,0,0,1141
IMNM,1445,0,0,0,0,0,1445
IMNN,6880,0,0,0,0,0,6880
IMO,11670,0,0,0,0,0,11670
IMOM,2647,0,0,0,0,0,2647
IMOS,5788,0,0,0,0,0,5788
IMPP,1149,0,0,0,0,0,1149
IMPPP,1149,0,0,0,0,0,1149
IMRA,315,0,0,0,0,0,315
IMRN,2280,0,0,0,0,0,2280
IMRX,1238,0,0,0,0,0,1238
IMSR,434,0,0,0,0,0,434
IMSRW,83,0,0,0,1,1,82
IMST,315,0,0,0,0,0,315
IMTB,2427,0,0,0,0,0,2427
IMTE,2236,0,0,0,0,0,2236
IMTG,90,0,0,0,0,0,90
IMTM,2877,0,0,0,0,0,2877
IMTX,1900,0,0,0,0,0,1900
IMUX,3072,0,0,0,0,0,3072
IMVP,4613,0,0,0,0,0,4613
IMVT,1769,0,0,0,0,0,1769
IMXI,2332,0,0,0,0,0,2332
INAB,1238,0,0,0,0,0,1238
INAC,235,0,0,0,0,0,235
INACU,255,0,0,0,0,0,255
INBK,5094,0,0,0,0,0,5094
INBKZ,1773,0,0,0,0,0,1773
INBS,1388,0,0,0,0,0,1388
INBX,527,0,0,0,0,0,527
INCE,2459,0,0,0,0,0,2459
INCM,771,0,0,0,0,0,771
INCO,3747,0,0,0,0,0,3747
INCR,1870,0,0,0,0,0,1870
INCY,8221,0,0,0,0,0,8221
IND,152,0,0,0,0,0,152
INDA,3625,0,0,0,0,0,3625
INDB,10113,0,0,0,0,0,10113
INDE,698,0,0,0,0,0,698
INDH,540,0,0,0,0,0,540
INDI,1696,0,0,0,0,0,1696
INDL,4105,0,0,0,0,0,4105
INDO,1643,0,0,0,0,0,1643
INDP,2746,0,0,0,0,0,2746
INDQ,65,0,0,0,0,0,65
INDS,2046,0,0,0,1,1,2045
INDV,2896,0,0,0,0,0,2896
INDY,4179,0,0,0,0,0,4179
INDZ,95,0,0,0,0,0,95
INEO,425,0,0,0,0,0,425
INEQ,2503,0,0,0,0,0,2503
INFH,21,0,0,0,0,0,21
INFL,1376,0,0,0,0,0,1376
INFO,434,0,0,0,0,0,434
INFQ,97,0,0,0,0,0,97
INFU,4659,0,0,0,0,0,4659
INFY,6872,0,0,0,0,0,6872
ING,8087,0,0,0,0,0,8087
INGM,424,0,0,0,0,0,424
INGN,3115,0,0,0,0,0,3115
INGR,7184,0,0,0,0,0,7184
INHD,640,0,0,0,0,0,640
INIO,20,0,0,0,0,0,20
INKM,3568,0,0,0,0,0,3568
INKT,1184,0,0,0,0,0,1184
INLF,377,0,0,0,0,0,377
INLX,3613,0,0,0,0,0,3613
INM,3061,0,0,0,0,0,3061
INMB,1865,0,0,0,0,0,1865
INMD,1736,0,0,0,0,0,1736
INMU,1330,0,0,0,0,0,1330
INN,3873,0,0,0,0,0,3873
INNV,1341,0,0,0,0,0,1341
INO,6935,0,0,0,0,0,6935
INOD,8282,0,0,0,0,0,8282
INOV,670,0,0,0,0,0,670
INQQ,1065,0,0,0,0,0,1065
INR,358,0,0,0,0,0,358
INRO,569,0,0,0,0,0,569
INSE,2904,0,0,0,0,0,2904
INSG,6441,0,0,0,0,0,6441
INSM,6562,0,0,0,0,0,6562
INSP,2054,0,0,0,0,0,2054
INSW,2420,0,0,0,0,0,2420
INTA,1259,0,0,0,0,0,1259
INTC,11670,0,0,0,0,0,11670
INTF,2810,0,0,0,0,0,2810
INTG,11670,0,0,0,0,0,11670
INTJ,575,0,0,0,0,0,575
INTL,899,0,0,0,0,0,899
INTM,240,0,0,0,0,0,240
INTR,1012,0,0,0,0,0,1012
INTS,756,0,0,0,0,0,756
INTT,7308,0,0,0,0,0,7308
INTU,8386,0,0,0,0,0,8386
INTW,349,0,0,0,0,0,349
INTZ,8590,0,0,0,0,0,8590
INUV,7023,0,0,0,0,0,7023
INV,1154,0,0,0,0,0,1154
INVA,5472,0,0,0,0,0,5472
INVE,7230,0,0,0,0,0,7230
INVG,273,0,0,0,0,0,273
INVH,2369,0,0,0,0,0,2369
INVN,374,0,0,0,0,0,374
INVX,7218,0,0,0,0,0,7218
INVZ,1512,0,0,0,0,0,1512
INYY,23,0,0,0,0,0,23
IOCT,1194,0,0,0,0,0,1194
ION,900,0,0,0,0,0,900
IONC,5,0,0,0,0,0,5
IONL,321,0,0,0,0,0,321
IONQ,1382,0,0,0,0,0,1382
IONR,1007,0,0,0,0,0,1007
IONS,8846,0,0,0,0,0,8846
IONX,331,0,0,0,0,0,331
IONZ,260,0,0,0,0,0,260
IOO,6429,0,0,0,0,0,6429
IOPP,586,0,0,0,0,0,586
IOR,9991,0,0,0,0,0,9991
IOSP,7080,0,0,0,0,0,7080
IOSX,5,0,0,0,0,0,5
IOT,1142,0,0,0,0,0,1142
IOTR,310,0,0,0,0,0,310
IOVA,3953,0,0,0,0,0,3953
IOYY,167,0,0,0,0,0,167
IP,16235,0,0,0,0,0,16235
IPAC,3034,0,0,0,0,0,3034
IPAR,9676,0,0,0,0,0,9676
IPAV,464,0,0,0,0,0,464
IPAY,2759,0,0,0,0,0,2759
IPB,5651,0,0,0,0,0,5651
IPCX,265,0,0,0,0,0,265
IPCXU,300,0,0,0,0,0,300
IPDN,3355,0,0,0,0,0,3355
IPEX,334,0,0,0,0,0,334
IPEXU,348,0,0,0,0,0,348
IPFX,34,0,0,0,0,0,34
IPFXU,69,0,0,0,0,0,69
IPGP,4919,0,0,0,0,0,4919
IPHA,1687,0,0,0,0,0,1687
IPI,4580,0,0,0,0,0,4580
IPKW,3107,0,0,0,0,0,3107
IPM,4947,0,0,0,0,0,4947
IPO,3198,0,0,0,0,0,3198
IPOS,2953,0,0,0,0,0,2953
IPSC,1267,0,0,0,0,0,1267
IPST,403,0,0,0,0,0,403
IPVVU,22,0,0,0,0,0,22
IPW,1293,0,0,0,0,0,1293
IPWR,3171,0,0,0,0,0,3171
IPX,1014,0,0,0,0,0,1014
IQ,2078,0,0,0,0,0,2078
IQDF,3326,0,0,0,0,0,3326
IQDG,2576,0,0,0,0,0,2576
IQDY,3326,0,0,0,0,0,3326
IQHI,926,0,0,0,0,0,926
IQI,8505,0,0,0,0,0,8505
IQLT,2881,0,0,0,0,0,2881
IQM,1597,0,0,0,0,0,1597
IQMM,95,0,0,0,0,0,95
IQMX,275,0,0,0,0,0,275
IQQQ,575,0,0,0,0,0,575
IQRA,791,0,0,0,0,0,791
IQSI,1645,0,0,0,0,0,1645
IQSM,926,0,0,0,0,0,926
IQST,2009,0,0,0,0,0,2009
IQSU,1645,0,0,0,0,0,1645
IQSZ,245,0,0,0,0,0,245
IQV,3309,0,0,0,0,0,3309
IR,2299,0,0,0,0,0,2299
IRAB,92,0,0,0,0,0,92
IRD,5193,0,0,0,0,0,5193
IRDM,4602,0,0,0,0,0,4602
IRE,177,0,0,0,0,0,177
IREG,138,0,0,0,0,0,138
IREN,1161,0,0,0,0,0,1161
IREX,175,0,0,0,0,0,175
IREZ,114,0,0,0,0,0,114
IRHO,103,0,0,0,0,0,103
IRHOU,137,0,0,0,0,0,137
IRIX,7644,0,0,0,0,0,7644
IRM,7655,0,0,0,0,0,7655
IRMD,3011,0,0,0,0,0,3011
IROC,893,0,0,0,0,0,893
IRON,1481,0,0,0,0,0,1481
IRS,7937,0,0,0,0,0,7937
IRT,3243,0,0,0,0,0,3243
IRTC,2439,0,0,0,0,0,2439
IRTR,679,0,0,0,0,0,679
IRVH,1003,0,0,0,0,0,1003
IRWD,4130,0,0,0,0,0,4130
ISBA,5140,0,0,0,0,0,5140
ISBG,115,0,0,0,0,0,115
ISCB,5531,0,0,0,0,0,5531
ISCF,2811,0,0,0,0,0,2811
ISCG,5531,0,0,0,0,0,5531
ISCV,5531,0,0,0,0,0,5531
ISD,3567,0,0,0,0,0,3567
ISEP,712,0,0,0,0,0,712
ISHG,4386,0,0,0,0,0,4386
ISHP,2446,0,0,0,0,0,2446
ISMD,2351,0,0,0,0,0,2351
ISMF,330,0,0,0,0,0,330
ISNRU,19,0,0,0,0,0,19
ISOU,2311,0,0,0,0,0,2311
ISPC,1268,0,0,0,0,0,1268
ISPR,816,0,0,0,0,0,816
ISPY,636,0,0,0,0,0,636
ISRA,3276,0,0,0,0,0,3276
ISRG,6551,0,0,0,0,0,6551
ISSB,115,0,0,0,0,0,115
ISSC,6517,0,0,0,0,0,6517
ISTB,3442,0,0,0,0,0,3442
ISTM,517,0,0,0,0,0,517
ISTR,3021,0,0,0,0,0,3021
ISUL,187,0,0,0,0,0,187
ISVL,1323,0,0,0,0,0,1323
ISWN,1367,0,0,0,0,0,1367
IT,8243,0,0,0,0,0,8243
ITA,5073,0,0,0,0,0,5073
ITAN,1260,0,0,0,0,0,1260
ITB,5073,0,0,0,0,0,5073
ITDB,678,0,0,0,0,0,678
ITDC,678,0,0,0,0,0,678
ITDD,679,0,0,0,0,0,679
ITDE,678,0,0,0,0,0,678
ITDF,678,0,0,0,0,0,678
ITDG,673,0,0,0,0,0,673
ITDH,678,0,0,0,0,0,678
ITDI,679,0,0,0,0,0,679
ITDJ,409,0,0,0,0,0,409
ITEQ,2682,0,0,0,0,0,2682
ITG,1,0,0,0,0,0,1
ITGR,6478,0,0,0,0,0,6478
ITHA,116,0,0,0,0,0,116
ITHAU,140,0,0,0,0,0,140
ITIC,9972,0,0,0,0,0,9972
ITM,4673,0,0,0,0,0,4673
ITOC,459,0,0,0,0,0,459
ITOT,5648,0,0,0,0,0,5648
ITP,4720,0,0,0,0,0,4720
ITRG,1489,0,0,0,0,0,1489
ITRI,8220,0,0,0,0,0,8220
ITRN,5224,0,0,0,0,0,5224
ITT,7687,0,0,0,0,0,7687
ITUB,6130,0,0,0,0,0,6130
ITW,13442,0,0,0,0,0,13442
ITWO,459,0,0,0,0,0,459
IUS,1963,0,0,0,0,0,1963
IUSB,3034,0,0,0,0,0,3034
IUSG,6522,0,0,0,0,0,6522
IUSV,6517,0,0,0,0,0,6517
IVA,1504,0,0,0,0,0,1504
IVAL,2903,0,0,0,0,0,2903
IVDA,4208,0,0,0,0,0,4208
IVDAW,83,0,0,0,1,1,82
IVE,6565,0,0,0,0,0,6565
IVEP,62,0,0,0,0,0,62
IVES,273,0,0,0,0,0,273
IVF,1424,0,0,0,0,0,1424
IVLU,2760,0,0,0,0,0,2760
IVOG,3979,0,0,0,0,0,3979
IVOL,1796,0,0,0,0,0,1796
IVOO,3979,0,0,0,0,0,3979
IVOV,3979,0,0,0,0,0,3979
IVR,4279,0,0,0,0,0,4279
IVRS,848,0,0,0,0,0,848
IVSI,141,0,0,0,0,0,141
IVSS,146,0,0,0,0,0,146
IVSX,94,0,0,0,0,0,94
IVT,3107,0,0,0,0,0,3107
IVV,6570,0,0,0,0,0,6570
IVVB,756,0,0,0,0,0,756
IVVD,1233,0,0,0,0,0,1233
IVVM,756,0,0,0,0,0,756
IVVW,578,0,0,0,0,0,578
IVW,6565,0,0,0,0,0,6565
IVZ,7765,0,0,0,0,0,7765
IWB,6570,0,0,0,0,0,6570
IWC,5254,0,0,0,0,0,5254
IWD,6565,0,0,0,0,0,6565
IWDL,1357,0,0,0,0,0,1357
IWF,6565,0,0,0,0,0,6565
IWFG,1012,0,0,0,0,0,1012
IWFL,1358,0,0,0,0,0,1358
IWL,4218,0,0,0,0,0,4218
IWLG,1012,0,0,0,0,0,1012
IWM,6565,0,0,0,0,0,6565
IWMI,509,0,0,0,0,0,509
IWML,1357,0,0,0,0,0,1357
IWMW,578,0,0,0,0,0,578
IWMY,670,0,0,0,0,0,670
IWN,6522,0,0,0,0,0,6522
IWO,6522,0,0,0,0,0,6522
IWP,6267,0,0,0,0,0,6267
IWR,6250,0,0,0,0,0,6250
IWS,6267,0,0,0,0,0,6267
IWV,6565,0,0,0,0,0,6565
IWX,4218,0,0,0,0,0,4218
IWY,4218,0,0,0,0,0,4218
IX,6993,0,0,0,0,0,6993
IXC,6191,0,0,0,0,0,6191
IXG,6191,0,0,0,0,0,6191
IXHL,1090,0,0,0,0,0,1090
IXJ,6191,0,0,0,0,0,6191
IXN,6191,0,0,0,0,0,6191
IXP,6191,0,0,0,0,0,6191
IXUS,3442,0,0,0,0,0,3442
IYC,6543,0,0,0,0,0,6543
IYE,6551,0,0,0,0,0,6551
IYF,6565,0,0,0,0,0,6565
IYG,6548,0,0,0,0,0,6548
IYH,6551,0,0,0,0,0,6551
IYJ,6532,0,0,0,0,0,6532
IYK,6551,0,0,0,0,0,6551
IYLD,3581,0,0,0,0,0,3581
IYM,6549,0,0,0,0,0,6549
IYR,6550,0,0,0,0,0,6550
IYRI,369,0,0,0,0,0,369
IYT,5662,0,0,0,0,0,5662
IYW,6570,0,0,0,0,0,6570
IYY,6551,0,0,0,0,0,6551
IYZ,6565,0,0,0,0,0,6565
IZEA,3621,0,0,0,0,0,3621
IZM,830,0,0,0,0,0,830
IZRL,2156,0,0,0,0,0,2156
J,11670,0,0,0,0,0,11670
JA,95,0,0,0,0,0,95
JAAA,1434,0,0,0,0,0,1434
JABRU,18,0,0,0,0,0,18
JABS,240,0,0,0,0,0,240
JACK,8644,0,0,0,0,0,8644
JACS,359,0,0,0,0,0,359
JADB,42,0,0,0,0,0,42
JADE,534,0,0,0,0,0,534
JAGU,102,0,0,0,0,0,102
JAGX,2804,0,0,0,0,0,2804
JAJL,505,0,0,0,0,0,505
JAKK,7592,0,0,0,0,0,7592
JAN,74,0,0,0,0,0,74
JANB,182,0,0,0,0,0,182
JANH,629,0,0,0,0,0,629
JANI,107,0,0,0,0,0,107
JANJ,629,0,0,0,0,0,629
JANM,366,0,0,0,0,0,366
JANP,624,0,0,0,0,0,624
JANT,1382,0,0,0,0,0,1382
JANU,377,0,0,0,0,0,377
JANW,1382,0,0,0,0,0,1382
JANX,1272,0,0,0,0,0,1272
JANZ,1381,0,0,0,0,0,1381
JAPN,288,0,0,0,0,0,288
JATT,55,0,0,0,0,0,55
JAVA,1192,0,0,0,0,0,1192
JAZZ,4804,0,0,0,0,0,4804
JBBB,1123,0,0,0,0,0,1123
JBDI,465,0,0,0,0,0,465
JBGS,2262,0,0,0,0,0,2262
JBHT,10737,0,0,0,0,0,10737
JBI,1642,0,0,0,0,0,1642
JBIO,1259,0,0,0,0,0,1259
JBK,5598,0,0,0,0,0,5598
JBL,8351,0,0,0,0,0,8351
JBLG,1,0,0,0,0,0,1
JBLU,6097,0,0,0,0,0,6097
JBND,684,0,0,0,0,0,684
JBS,266,0,0,0,0,0,266
JBSS,8707,0,0,0,0,0,8707
JBTM,4517,0,0,0,0,0,4517
JCAL,15,0,0,0,0,0,15
JCAP,258,0,0,0,0,0,258
JCE,4849,0,0,0,0,0,4849
JCHI,828,0,0,0,0,0,828
JCI,9766,0,0,0,0,0,9766
JCPB,1840,0,0,0,0,0,1840
JCPI,1062,0,0,0,0,0,1062
JCSE,1054,0,0,0,0,0,1054
JCTC,7606,0,0,0,0,0,7606
JD,3048,0,0,0,0,0,3048
JDIV,444,0,0,0,0,0,444
JDOC,669,0,0,0,0,0,669
JDST,3207,0,0,0,0,0,3207
JDVI,636,0,0,0,0,0,636
JDVL,228,0,0,0,0,0,228
JDZG,536,0,0,0,0,0,536
JEDI,194,0,0,0,0,0,194
JEF,11670,0,0,0,0,0,11670
JELD,2372,0,0,0,0,0,2372
JELH,52,0,0,0,0,0,52
JELM,52,0,0,0,0,0,52
JEM,270,0,0,0,0,0,270
JEMA,1331,0,0,0,0,0,1331
JEMB,474,0,0,0,0,0,474
JENA,241,0,0,0,0,0,241
JEPI,1538,0,0,0,0,0,1538
JEPQ,1046,0,0,0,0,0,1046
JETD,763,0,0,0,0,0,763
JETS,2812,0,0,0,0,0,2812
JETU,497,0,0,0,0,0,497
JF,1932,0,0,0,0,0,1932
JFB,335,0,0,0,0,0,335
JFIN,1798,0,0,0,0,0,1798
JFLI,348,0,0,0,0,0,348
JFLX,193,0,0,0,0,0,193
JFR,5605,0,0,0,0,0,5605
JFU,1731,0,0,0,0,0,1731
JG,1996,0,0,0,0,0,1996
JGH,2919,0,0,0,0,0,2919
JGLO,704,0,0,0,0,0,704
JGRO,980,0,0,0,0,0,980
JGRW,475,0,0,0,0,0,475
JHAC,669,0,0,0,0,0,669
JHAI,220,0,0,0,0,0,220
JHCB,1322,0,0,0,0,0,1322
JHCP,386,0,0,0,0,0,386
JHCR,386,0,0,0,0,0,386
JHDG,62,0,0,0,0,0,62
JHDV,943,0,0,0,0,0,943
JHEM,1951,0,0,0,0,0,1951
JHHY,545,0,0,0,0,0,545
JHI,11670,0,0,0,0,0,11670
JHID,886,0,0,0,0,0,886
JHLN,220,0,0,0,0,0,220
JHMB,1223,0,0,0,0,0,1223
JHMD,2395,0,0,0,0,0,2395
JHML,2706,0,0,0,0,0,2706
JHMM,2707,0,0,0,0,0,2707
JHMU,669,0,0,0,0,0,669
JHPI,1142,0,0,0,0,0,1142
JHS,11670,0,0,0,0,0,11670
JHSC,2173,0,0,0,0,0,2173
JHX,6215,0,0,0,0,0,6215
JIDE,109,0,0,0,0,0,109
JIG,1532,0,0,0,0,0,1532
JIII,391,0,0,0,0,0,391
JILL,2344,0,0,0,0,0,2344
JIRE,1017,0,0,0,0,0,1017
JIVE,704,0,0,0,0,0,704
JJSF,10182,0,0,0,0,0,10182
JKHY,10233,0,0,0,0,0,10233
JKS,4060,0,0,0,0,0,4060
JL,614,0,0,0,0,0,614
JLHL,258,0,0,0,0,0,258
JLL,7287,0,0,0,0,0,7287
JLQD,1210,0,0,0,0,0,1210
JLS,4175,0,0,0,0,0,4175
JMBS,1962,0,0,0,0,0,1962
JMEE,1043,0,0,0,0,0,1043
JMHI,746,0,0,0,0,0,746
JMIA,1817,0,0,0,0,0,1817
JMID,450,0,0,0,0,0,450
JMM,9449,0,0,0,0,0,9449
JMMF,140,0,0,0,0,0,140
JMOM,2173,0,0,0,0,0,2173
JMSB,2349,0,0,0,0,0,2349
JMSI,746,0,0,0,0,0,746
JMST,1935,0,0,0,0,0,1935
JMTG,256,0,0,0,0,0,256
JMUB,1925,0,0,0,0,0,1925
JNEU,524,0,0,0,0,0,524
JNJ,16235,0,0,0,0,0,16235
JNK,4675,0,0,0,0,0,4675
JNUG,3207,0,0,0,0,0,3207
JOB,11670,0,0,0,0,0,11670
JOBX,207,0,0,0,0,0,207
JOBY,1419,0,0,0,0,0,1419
JOE,9137,0,0,0,0,0,9137
JOET,1411,0,0,0,0,0,1411
JOF,9144,0,0,0,0,0,9144
JOJO,1248,0,0,0,0,0,1248
JOUL,42,0,0,0,0,0,42
JOUT,9757,0,0,0,0,0,9757
JOYT,221,0,0,0,0,0,221
JOYY,3424,0,0,0,0,0,3424
JPAN,698,0,0,0,0,0,698
JPC,5854,0,0,0,0,0,5854
JPEF,736,0,0,0,0,0,736
JPEM,2888,0,0,0,0,0,2888
JPFP,20,0,0,0,0,0,20
JPHY,259,0,0,0,0,0,259
JPIB,2319,0,0,0,0,0,2319
JPIE,1172,0,0,0,0,0,1172
JPIN,2929,0,0,0,0,0,2929
JPLD,736,0,0,0,0,0,736
JPM,11670,0,0,0,0,0,11670
JPMB,2118,0,0,0,0,0,2118
JPME,2524,0,0,0,0,0,2524
JPO,706,0,0,0,0,0,706
JPRE,1033,0,0,0,0,0,1033
JPSE,2416,0,0,0,0,0,2416
JPST,2294,0,0,0,0,0,2294
JPSV,835,0,0,0,0,0,835
JPUS,2706,0,0,0,0,0,2706
JPXN,6211,0,0,0,0,0,6211
JPY,313,0,0,0,0,0,313
JQC,5793,0,0,0,0,0,5793
JQUA,2173,0,0,0,0,0,2173
JRE,1264,0,0,0,0,0,1264
JRI,3567,0,0,0,0,0,3567
JRS,6195,0,0,0,0,0,6195
JRSH,2053,0,0,0,0,0,2053
JRVR,2906,0,0,0,0,0,2906
JSCP,1343,0,0,0,0,0,1343
JSI,664,0,0,0,0,0,664
JSM,5664,0,0,0,0,0,5664
JSMD,2605,0,0,0,0,0,2605
JSML,2605,0,0,0,0,0,2605
JSPR,1629,0,0,0,0,0,1629
JSPRW,82,0,0,0,0,0,82
JSTC,1397,0,0,0,0,0,1397
JTAI,1194,0,0,0,0,0,1194
JTEK,689,0,0,0,0,0,689
JTNY,15,0,0,0,0,0,15
JUCY,921,0,0,0,0,0,921
JUDB,42,0,0,0,0,0,42
JUDO,70,0,0,0,0,0,70
JULB,182,0,0,0,0,0,182
JULC,3,0,0,0,0,0,3
JULH,755,0,0,0,0,0,755
JULI,5,0,0,0,0,0,5
JULJ,755,0,0,0,0,0,755
JULM,488,0,0,0,0,0,488
JULP,541,0,0,0,0,0,541
JULT,1510,0,0,0,0,0,1510
JULU,505,0,0,0,0,0,505
JULW,1510,0,0,0,0,0,1510
JULZ,1509,0,0,0,0,0,1509
JUNC,24,0,0,0,0,0,24
JUNM,510,0,0,0,0,0,510
JUNP,524,0,0,0,0,0,524
JUNS,397,0,0,0,0,0,397
JUNT,776,0,0,0,0,0,776
JUNW,776,0,0,0,0,0,776
JUNZ,1280,0,0,0,0,0,1280
JUSA,329,0,0,0,0,0,329
JUST,2025,0,0,0,0,0,2025
JVA,5327,0,0,0,0,0,5327
JVAL,2173,0,0,0,0,0,2173
JWEL,1332,0,0,0,0,0,1332
JXG,3353,0,0,0,0,0,3353
JXI,4976,0,0,0,0,0,4976
JXN,1215,0,0,0,0,0,1215
JXX,355,0,0,0,0,0,355
JYD,804,0,0,0,0,0,804
JYNT,2928,0,0,0,0,0,2928
JZ,967,0,0,0,0,0,967
JZXN,1289,0,0,0,0,0,1289
KAI,8475,0,0,0,0,0,8475
KALA,2252,0,0,0,0,0,2252
KALU,5030,0,0,0,0,0,5030
KAMO,137,0,0,0,0,0,137
KAPA,452,0,0,0,0,0,452
KAPR,1573,0,0,0,0,0,1573
KARD,12,0,0,0,0,0,12
KARO,1321,0,0,0,0,0,1321
KARS,2122,0,0,0,0,0,2122
KAT,217,0,0,0,0,0,217
KAUG,483,0,0,0,0,0,483
KAZR,345,0,0,0,0,0,345
KB,6199,0,0,0,0,0,6199
KBA,3103,0,0,0,0,0,3103
KBAB,331,0,0,0,0,0,331
KBDC,531,0,0,0,0,0,531
KBDU,154,0,0,0,0,0,154
KBE,5190,0,0,0,0,0,5190
KBFR,92,0,0,0,0,0,92
KBH,10058,0,0,0,0,0,10058
KBON,111,0,0,0,0,0,111
KBR,4937,0,0,0,0,0,4937
KBSX,1077,0,0,0,0,0,1077
KBUF,603,0,0,0,0,0,603
KBWB,3689,0,0,0,0,0,3689
KBWD,3920,0,0,0,0,0,3920
KBWP,3906,0,0,0,0,0,3906
KBWY,3920,0,0,0,0,0,3920
KC,1547,0,0,0,0,0,1547
KCAI,464,0,0,0,0,0,464
KCCA,1192,0,0,0,0,0,1192
KCE,5190,0,0,0,0,0,5190
KCHV,242,0,0,0,0,0,242
KCHVU,278,0,0,0,0,0,278
KCOP,98,0,0,0,0,0,98
KCSH,487,0,0,0,0,0,487
KD,1179,0,0,0,0,0,1179
KDEC,398,0,0,0,0,0,398
KDEF,354,0,0,0,0,0,354
KDK,195,0,0,0,0,0,195
KDKRW,133,0,0,0,0,0,133
KDP,4569,0,0,0,0,0,4569
KDRN,1138,0,0,0,0,0,1138
KDVD,144,0,0,0,0,0,144
KE,2934,0,0,0,0,0,2934
KEAT,570,0,0,0,0,0,570
KEEL,1730,0,0,0,0,0,1730
KEEX,129,0,0,0,0,0,129
KELYA,11670,0,0,0,0,0,11670
KELYB,10561,0,0,0,0,0,10561
KEMQ,2193,0,0,0,0,0,2193
KEMX,1817,0,0,0,0,0,1817
KEN,2884,0,0,0,0,0,2884
KEP,7974,0,0,0,0,0,7974
KEQU,11670,0,0,0,0,0,11670
KEX,11670,0,0,0,0,0,11670
KEY,9738,0,0,0,0,0,9738
KEYG,14,0,0,0,0,0,14
KEYS,2944,0,0,0,0,0,2944
KEYX,9,0,0,0,0,0,9
KEYY,11,0,0,0,0,0,11
KEYYU,23,0,0,0,0,0,23
KF,10548,0,0,0,0,0,10548
KFEB,357,0,0,0,0,0,357
KFFB,5369,0,0,0,0,0,5369
KFII,330,0,0,0,0,0,330
KFIIU,355,0,0,0,0,0,355
KFRC,7773,0,0,0,0,0,7773
KFY,6891,0,0,0,0,0,6891
KG,4570,0,0,0,0,0,4570
KGC,11418,0,0,0,0,0,11418
KGEI,4150,0,0,0,0,0,4150
KGLD,250,0,0,0,0,0,250
KGRN,2192,0,0,0,0,0,2192
KGS,757,0,0,0,0,0,757
KHC,2767,0,0,0,0,0,2767
KHPI,459,0,0,0,0,0,459
KHYB,2009,0,0,0,0,0,2009
KIDS,2192,0,0,0,0,0,2192
KIDZ,313,0,0,0,0,0,313
KIDZW,83,0,0,0,1,1,82
KIE,5190,0,0,0,0,0,5190
KIM,8714,0,0,0,0,0,8714
KINS,6713,0,0,0,0,0,6713
KIO,3255,0,0,0,0,0,3255
KIQQ,123,0,0,0,0,0,123
KITT,1235,0,0,0,0,0,1235
KITTW,83,0,0,0,1,1,82
KJAN,1635,0,0,0,0,0,1635
KJD,181,0,0,0,0,0,181
KJUL,1509,0,0,0,0,0,1509
KJUN,524,0,0,0,0,0,524
KKR,4018,0,0,0,0,0,4018
KKRS,1308,0,0,0,0,0,1308
KKRT,276,0,0,0,0,0,276
KLAC,11527,0,0,0,0,0,11527
KLAG,136,0,0,0,0,0,136
KLAR,205,0,0,0,0,0,205
KLC,435,0,0,0,0,0,435
KLIC,13456,0,0,0,0,0,13456
KLIP,872,0,0,0,0,0,872
KLMN,389,0,0,0,0,0,389
KLMT,508,0,0,0,0,0,508
KLRA,55,0,0,0,0,0,55
KLRS,1490,0,0,0,0,0,1490
KLTR,1245,0,0,0,0,0,1245
KLXE,1972,0,0,0,0,0,1972
KMAR,338,0,0,0,0,0,338
KMAY,296,0,0,0,0,0,296
KMB,11670,0,0,0,0,0,11670
KMCA,41,0,0,0,0,0,41
KMDA,3294,0,0,0,0,0,3294
KMEM,4,0,0,0,0,0,4
KMI,3871,0,0,0,0,0,3871
KMID,430,0,0,0,0,0,430
KMLI,267,0,0,0,0,0,267
KMLM,1403,0,0,0,0,0,1403
KMPB,1080,0,0,0,0,0,1080
KMPR,9117,0,0,0,0,0,9117
KMRK,245,0,0,0,0,0,245
KMT,13456,0,0,0,0,0,13456
KMTS,335,0,0,0,0,0,335
KMX,7400,0,0,0,0,0,7400
KN,3115,0,0,0,0,0,3115
KNCT,5291,0,0,0,0,0,5291
KNDI,4739,0,0,0,0,0,4739
KNF,773,0,0,0,0,0,773
KNG,2080,0,0,0,0,0,2080
KNGZ,2269,0,0,0,0,0,2269
KNO,2763,0,0,0,0,0,2763
KNOP,3330,0,0,0,0,0,3330
KNOV,418,0,0,0,0,0,418
KNOW,591,0,0,0,0,0,591
KNRG,278,0,0,0,0,0,278
KNRX,193,0,0,0,0,0,193
KNSA,2038,0,0,0,0,0,2038
KNSL,2498,0,0,0,0,0,2498
KNTK,1919,0,0,0,0,0,1919
KNX,7976,0,0,0,0,0,7976
KO,16235,0,0,0,0,0,16235
KOCT,1699,0,0,0,0,0,1699
KOD,1947,0,0,0,0,0,1947
KODK,3215,0,0,0,0,0,3215
KOF,8258,0,0,0,0,0,8258
KOID,272,0,0,0,0,0,272
KOKU,1568,0,0,0,0,0,1568
KOLD,3707,0,0,0,0,0,3707
KOMP,1934,0,0,0,0,0,1934
KONG,1244,0,0,0,0,0,1244
KOOL,567,0,0,0,0,0,567
KOP,5138,0,0,0,0,0,5138
KOPN,8615,0,0,0,0,0,8615
KORE,1396,0,0,0,0,0,1396
KORP,2129,0,0,0,0,0,2129
KORU,3330,0,0,0,0,0,3330
KOS,3810,0,0,0,0,0,3810
KOSS,11670,0,0,0,0,0,11670
KOYN,199,0,0,0,0,0,199
KOYNU,215,0,0,0,0,0,215
KOYNW,83,0,0,0,1,1,82
KPDD,331,0,0,0,0,0,331
KPET,29,0,0,0,0,0,29
KPHO,146,0,0,0,0,0,146
KPLT,1636,0,0,0,0,0,1636
KPRO,603,0,0,0,0,0,603
KPRX,2864,0,0,0,0,0,2864
KPTI,3183,0,0,0,0,0,3183
KQQQ,490,0,0,0,0,0,490
KR,16235,0,0,0,0,0,16235
KRAQ,74,0,0,0,0,0,74
KRAQU,110,0,0,0,0,0,110
KRBN,1489,0,0,0,0,0,1489
KRC,7404,0,0,0,0,0,7404
KRE,5040,0,0,0,0,0,5040
KREF,2304,0,0,0,0,0,2304
KRG,5509,0,0,0,0,0,5509
KRKR,1671,0,0,0,0,0,1671
KRMA,2510,0,0,0,0,0,2510
KRMD,8117,0,0,0,0,0,8117
KRMN,349,0,0,0,0,0,349
KRNT,2831,0,0,0,0,0,2831
KRNY,5374,0,0,0,0,0,5374
KRO,5678,0,0,0,0,0,5678
KROP,1250,0,0,0,0,0,1250
KROS,1568,0,0,0,0,0,1568
KRP,2367,0,0,0,0,0,2367
KRRO,1697,0,0,0,0,0,1697
KRSP,153,0,0,0,0,0,153
KRT,1312,0,0,0,0,0,1312
KRUS,1741,0,0,0,0,0,1741
KRWX,23,0,0,0,0,0,23
KRYP,105,0,0,0,0,0,105
KRYS,2209,0,0,0,0,0,2209
KSA,2715,0,0,0,0,0,2715
KSCP,1113,0,0,0,0,0,1113
KSEP,461,0,0,0,0,0,461
KSLV,192,0,0,0,0,0,192
KSPI,617,0,0,0,0,0,617
KSPY,495,0,0,0,0,0,495
KSS,8592,0,0,0,0,0,8592
KSTR,1363,0,0,0,0,0,1363
KT,6819,0,0,0,0,0,6819
KTB,1787,0,0,0,0,0,1787
KTCC,10844,0,0,0,0,0,10844
KTEC,1274,0,0,0,0,0,1274
KTF,9494,0,0,0,0,0,9494
KTH,6386,0,0,0,0,0,6386
KTN,5681,0,0,0,0,0,5681
KTOS,6705,0,0,0,0,0,6705
KTTA,1206,0,0,0,0,0,1206
KTTAW,83,0,0,0,1,1,82
KTUP,202,0,0,0,0,0,202
KTWO,90,0,0,0,0,0,90
KTWOU,109,0,0,0,0,0,109
KULR,2001,0,0,0,0,0,2001
KURA,2716,0,0,0,0,0,2716
KURE,2117,0,0,0,0,0,2117
KUST,4815,0,0,0,0,0,4815
KVAC,703,0,0,0,0,0,703
KVACU,740,0,0,0,0,0,740
KVACW,83,0,0,0,1,1,82
KVHI,7613,0,0,0,0,0,7613
KVLE,1408,0,0,0,0,0,1408
KVUE,795,0,0,0,0,0,795
KVYO,700,0,0,0,0,0,700
KWEB,3251,0,0,0,0,0,3251
KWIN,166,0,0,0,0,0,166
KWM,287,0,0,0,0,0,287
KWMWW,82,0,0,0,0,0,82
KWR,11670,0,0,0,0,0,11670
KWT,1465,0,0,0,0,0,1465
KWY,6283,0,0,0,0,0,6283
KXI,4976,0,0,0,0,0,4976
KXIN,2176,0,0,0,0,0,2176
KYC,42,0,0,0,0,0,42
KYIV,397,0,0,0,0,0,397
KYIVW,215,0,0,0,0,0,215
KYLD,168,0,0,0,0,0,168
KYMR,1474,0,0,0,0,0,1474
KYN,5477,0,0,0,0,0,5477
KYNB,2925,0,0,0,0,0,2925
KYTX,602,0,0,0,0,0,602
KZIA,6916,0,0,0,0,0,6916
L,11670,0,0,0,0,0,11670
LAB,3872,0,0,0,0,0,3872
LABD,2793,0,0,0,0,0,2793
LABT,51,0,0,0,0,0,51
LABU,2793,0,0,0,0,0,2793
LABX,226,0,0,0,0,0,226
LAC,692,0,0,0,0,0,692
LACG,141,0,0,0,0,0,141
LAD,7432,0,0,0,0,0,7432
LADM,7,0,0,0,0,0,7
LADR,3121,0,0,0,0,0,3121
LAES,782,0,0,0,0,0,782
LAFA,151,0,0,0,0,0,151
LAFAR,151,0,0,0,0,0,151
LAFAU,174,0,0,0,0,0,174
LAKE,10032,0,0,0,0,0,10032
LALT,858,0,0,0,0,0,858
LAMR,7528,0,0,0,0,0,7528
LAND,3379,0,0,0,0,0,3379
LANDO,1434,0,0,0,0,0,1434
LANDP,771,0,0,0,0,0,771
LANV,1334,0,0,0,0,0,1334
LAPR,568,0,0,0,0,0,568
LAR,4476,0,0,0,0,0,4476
LARK,8122,0,0,0,0,0,8122
LASC,9,0,0,0,0,0,9
LASE,943,0,0,0,0,0,943
LASR,2059,0,0,0,0,0,2059
LATA,163,0,0,0,0,0,163
LATAU,199,0,0,0,0,0,199
LATAW,153,0,0,0,0,0,153
LATR,42,0,0,0,0,0,42
LAUR,2369,0,0,0,0,0,2369
LAW,1245,0,0,0,0,0,1245
LAWR,244,0,0,0,0,0,244
LAZ,5325,0,0,0,0,0,5325
LAZR,1,0,0,0,0,0,1
LB,506,0,0,0,0,0,506
LBAY,1413,0,0,0,0,0,1413
LBGJ,425,0,0,0,0,0,425
LBO,650,0,0,0,0,0,650
LBRDA,2933,0,0,0,0,0,2933
LBRDK,2932,0,0,0,0,0,2932
LBRDP,1389,0,0,0,0,0,1389
LBRT,2131,0,0,0,0,0,2131
LBRX,205,0,0,0,0,0,205
LBTYA,5557,0,0,0,0,0,5557
LBTYB,5553,0,0,0,0,0,5553
LBTYK,5238,0,0,0,0,0,5238
LCAP,321,0,0,0,0,0,321
LCCC,261,0,0,0,0,0,261
LCCCU,297,0,0,0,0,0,297
LCDL,303,0,0,0,0,0,303
LCDS,478,0,0,0,0,0,478
LCF,973,0,0,0,0,0,973
LCFY,1073,0,0,0,0,0,1073
LCFYW,82,0,0,0,0,0,82
LCID,1455,0,0,0,0,0,1455
LCII,10355,0,0,0,0,0,10355
LCLG,981,0,0,0,0,0,981
LCLN,32,0,0,0,0,0,32
LCNB,6713,0,0,0,0,0,6713
LCO,122,0,0,0,0,0,122
LCOW,291,0,0,0,0,0,291
LCR,1633,0,0,0,0,0,1633
LCTD,1317,0,0,0,0,0,1317
LCTO,4,0,1,0,0,1,3
LCTU,1317,0,0,0,0,0,1317
LCTX,8644,0,0,0,0,0,8644
LCUT,8834,0,0,0,0,0,8834
LDDR,370,0,0,0,0,0,370
LDEM,1607,0,0,0,0,0,1607
LDI,1355,0,0,0,0,0,1355
LDOS,4959,0,0,0,0,0,4959
LDP,3503,0,0,0,0,0,3503
LDRC,409,0,0,0,0,0,409
LDRH,410,0,0,0,0,0,410
LDRI,413,0,0,0,0,0,413
LDRT,409,0,0,0,0,0,409
LDRX,294,0,0,0,0,0,294
LDSF,1883,0,0,0,0,0,1883
LDUR,3131,0,0,0,0,0,3131
LE,3092,0,0,0,0,0,3092
LEA,4188,0,0,0,0,0,4188
LEAD,2639,0,0,0,0,0,2639
LECO,8115,0,0,0,0,0,8115
LEDS,3915,0,0,0,0,0,3915
LEE,11670,0,0,0,0,0,11670
LEGH,1898,0,0,0,0,0,1898
LEGN,1528,0,0,0,0,0,1528
LEGO,78,0,0,0,0,0,78
LEGR,2122,0,0,0,0,0,2122
LEMB,3697,0,0,0,0,0,3697
LEN,11670,0,0,0,0,0,11670
LEND,34,0,0,0,0,0,34
LENS,360,0,0,0,0,0,360
LENZ,1262,0,0,0,0,0,1262
LEO,9769,0,0,0,0,0,9769
LESL,1426,0,0,0,0,0,1426
LEU,7031,0,0,0,0,0,7031
LEUX,95,0,0,0,0,0,95
LEVI,1833,0,0,0,0,0,1833
LEXI,1257,0,0,0,0,0,1257
LEXX,1376,0,0,0,0,0,1376
LFAC,112,0,0,0,0,0,112
LFACU,145,0,0,0,0,0,145
LFAI,452,0,0,0,0,0,452
LFAO,452,0,0,0,0,0,452
LFAW,452,0,0,0,0,0,452
LFBE,362,0,0,0,0,0,362
LFCR,7645,0,0,0,0,0,7645
LFDR,301,0,0,0,0,0,301
LFEQ,2196,0,0,0,0,0,2196
LFGY,370,0,0,0,0,0,370
LFMD,4638,0,0,0,0,0,4638
LFMDP,1192,0,0,0,0,0,1192
LFS,185,0,0,0,0,0,185
LFSC,419,0,0,0,0,0,419
LFST,1273,0,0,0,0,0,1273
LFT,3342,0,0,0,0,0,3342
LFTO,22,0,0,0,0,0,22
LFUS,8505,0,0,0,0,0,8505
LFVN,8115,0,0,0,0,0,8115
LFWD,2970,0,0,0,0,0,2970
LGCF,641,0,0,0,0,0,641
LGCL,586,0,0,0,0,0,586
LGCY,444,0,0,0,0,0,444
LGDX,339,0,0,0,0,0,339
LGH,1692,0,0,0,0,0,1692
LGHL,1769,0,0,0,0,0,1769
LGHT,623,0,0,0,0,0,623
LGI,5582,0,0,0,0,0,5582
LGIH,3182,0,0,0,0,0,3182
LGL,11670,0,0,0,0,0,11670
LGLV,3363,0,0,0,0,0,3363
LGN,204,0,0,0,0,0,204
LGND,8464,0,0,0,0,0,8464
LGO,4074,0,0,0,0,0,4074
LGOV,1873,0,0,0,0,0,1873
LGPS,322,0,0,0,0,0,322
LGRO,719,0,0,0,0,0,719
LGVN,1354,0,0,0,0,0,1354
LH,9133,0,0,0,0,0,9133
LHAI,239,0,0,0,0,0,239
LHSW,315,0,0,0,0,0,315
LI,1490,0,0,0,0,0,1490
LIAE,301,0,0,0,0,0,301
LIAM,301,0,0,0,0,0,301
LIAU,301,0,0,0,0,0,301
LIBD,375,0,0,0,0,0,375
LICN,856,0,0,0,0,0,856
LIDR,1377,0,0,0,0,0,1377
LIDRW,1378,0,0,0,0,0,1378
LIEN,1107,0,0,0,0,0,1107
LIF,521,0,0,0,0,0,521
LIFE,109,0,0,0,0,0,109
LIFT,196,0,0,0,0,0,196
LII,6775,0,0,0,0,0,6775
LILA,2768,0,0,0,0,0,2768
LILAK,2775,0,0,0,0,0,2775
LILAP,25,0,0,0,0,0,25
LIME,5065,0,0,0,1,1,5064
LIMI,446,0,0,0,0,0,446
LIMN,295,0,0,0,0,0,295
LIMNW,83,0,0,0,1,1,82
LIN,8572,0,0,0,0,0,8572
LINC,5291,0,0,0,0,0,5291
LIND,3271,0,0,0,0,0,3271
LINE,488,0,0,0,0,0,488
LINK,6166,0,0,0,0,0,6166
LINT,156,0,0,0,0,0,156
LION,1091,0,0,0,0,0,1091
LIQT,3732,0,0,0,0,0,3732
LIT,4012,0,0,0,0,0,4012
LITB,3290,0,0,0,0,0,3290
LITE,2754,0,0,0,0,0,2754
LITL,298,0,0,0,0,0,298
LITP,858,0,0,0,0,0,858
LITS,5671,0,0,0,0,0,5671
LITU,31,0,0,0,0,0,31
LITX,111,0,0,0,0,0,111
LITZ,51,0,0,0,0,0,51
LIVE,6148,0,0,0,0,0,6148
LIVN,2693,0,0,0,0,0,2693
LJAN,629,0,0,0,0,0,629
LJUL,505,0,0,0,0,0,505
LKFN,7267,0,0,0,0,0,7267
LKFT,3610,0,0,0,0,0,3610
LKOR,2709,0,0,0,0,0,2709
LKQ,5723,0,0,0,0,0,5723
LKSP,165,0,0,0,0,0,165
LKSPU,187,0,0,0,0,0,187
LLDR,456,0,0,0,0,0,456
LLY,13636,0,0,0,0,0,13636
LLYVA,732,0,0,0,0,0,732
LLYVK,732,0,0,0,0,0,732
LLYX,478,0,0,0,0,0,478
LMAT,4957,0,0,0,0,0,4957
LMB,2994,0,0,0,0,0,2994
LMBS,2932,0,0,0,0,0,2932
LMFA,2651,0,0,0,0,0,2651
LMND,1509,0,0,0,0,0,1509
LMNR,5722,0,0,0,0,0,5722
LMNX,180,0,0,0,0,0,180
LMRI,141,0,0,0,0,0,141
LMT,16234,0,0,0,0,0,16234
LMTL,230,0,0,0,0,0,230
LMUB,325,0,0,0,0,0,325
LNAI,2113,0,0,0,0,0,2113
LNC,11670,0,0,0,0,0,11670
LND,3555,0,0,0,0,0,3555
LNG,8118,0,0,0,0,0,8118
LNGX,170,0,0,0,0,0,170
LNKS,395,0,0,0,0,0,395
LNN,9501,0,0,0,0,0,9501
LNOK,115,0,0,0,0,0,115
LNSR,1445,0,0,0,0,0,1445
LNT,13456,0,0,0,0,0,13456
LNTH,2773,0,0,0,0,0,2773
LNZA,1199,0,0,0,0,0,1199
LNZAW,83,0,0,0,1,1,82
LOAN,6828,0,0,0,0,0,6828
LOAR,550,0,0,0,0,0,550
LOB,2754,0,0,0,0,0,2754
LOBO,574,0,0,0,0,0,574
LOCL,1310,0,0,0,0,0,1310
LOCO,3004,0,0,0,0,0,3004
LOCT,692,0,0,0,0,0,692
LODE,4014,0,0,0,0,0,4014
LODI,396,0,0,0,0,0,396
LOFF,15,0,0,0,0,0,15
LOGI,7364,0,0,0,0,0,7364
LOGO,278,0,0,0,0,0,278
LOHA,36,0,0,0,0,0,36
LOMA,2179,0,0,0,0,0,2179
LONA,1455,0,0,0,0,0,1455
LONZ,1021,0,0,0,0,0,1021
LOOP,2166,0,0,0,0,0,2166
LOPE,4431,0,0,0,0,0,4431
LOPP,1360,0,0,0,0,0,1360
LOT,1297,0,0,0,0,0,1297
LOTI,191,0,0,0,0,0,191
LOTWW,82,0,0,0,0,0,82
LOUP,1991,0,0,0,0,0,1991
LOVE,2016,0,0,0,0,0,2016
LOWV,821,0,0,0,0,0,821
LPA,569,0,0,0,0,0,569
LPAA,461,0,0,0,0,0,461
LPAAU,497,0,0,0,0,0,497
LPAAW,82,0,0,0,0,0,82
LPBB,399,0,0,0,0,0,399
LPBBU,436,0,0,0,0,0,436
LPBBW,390,0,0,0,0,0,390
LPCN,3194,0,0,0,0,0,3194
LPCV,102,0,0,0,0,0,102
LPCVU,136,0,0,0,0,0,136
LPG,3058,0,0,0,0,0,3058
LPL,5524,0,0,0,0,0,5524
LPLA,3929,0,0,0,0,0,3929
LPRE,314,0,0,0,0,0,314
LPRO,2081,0,0,0,0,0,2081
LPSN,6599,0,0,0,0,0,6599
LPTH,7641,0,0,0,0,0,7641
LPX,11670,0,0,0,0,0,11670
LQ,43,0,0,0,0,0,43
LQAI,666,0,0,0,0,0,666
LQD,6022,0,0,0,0,0,6022
LQDA,1996,0,0,0,0,0,1996
LQDB,1286,0,0,0,0,0,1286
LQDH,3031,0,0,0,0,0,3031
LQDI,2046,0,0,0,0,0,2046
LQDM,53,0,0,0,0,0,53
LQDT,5121,0,0,0,0,0,5121
LQDW,969,0,0,0,0,0,969
LQID,37,0,0,0,0,0,37
LQTI,343,0,0,0,0,0,343
LRCC,1,0,0,0,0,0,1
LRCU,221,0,0,0,0,0,221
LRCX,10624,0,0,0,0,0,10624
LRE,695,0,0,0,0,0,695
LRGC,700,0,0,0,0,0,700
LRGE,2287,0,0,0,0,0,2287
LRGF,2812,0,0,0,0,0,2812
LRGG,536,0,0,0,0,0,536
LRHC,687,0,0,0,0,0,687
LRMR,3029,0,0,0,0,0,3029
LRN,4668,0,0,0,0,0,4668
LRND,1105,0,0,0,0,0,1105
LRNX,9,0,0,0,0,0,9
LRNZ,1595,0,0,0,0,0,1595
LSAF,1949,0,0,0,0,0,1949
LSAK,6846,0,0,0,0,0,6846
LSAT,1428,0,0,0,0,0,1428
LSBK,5094,0,0,0,0,0,5094
LSCC,9229,0,0,0,0,0,9229
LSCP,9,0,0,0,0,0,9
LSE,385,0,0,0,0,0,385
LSEQ,648,0,0,0,0,0,648
LSF,1452,0,0,0,0,0,1452
LSGR,757,0,0,0,0,0,757
LSH,506,0,0,0,0,0,506
LSPD,1460,0,0,0,0,0,1460
LST,366,0,0,0,0,0,366
LSTA,6880,0,0,0,0,0,6880
LSTB,9,0,0,0,0,0,9
LSTR,8391,0,0,0,0,0,8391
LSVD,301,0,0,0,0,0,301
LTAX,120,0,0,0,0,0,120
LTBR,5410,0,0,0,0,0,5410
LTC,8529,0,0,0,0,0,8529
LTCC,172,0,0,0,0,0,172
LTGRU,22,0,0,0,0,0,22
LTH,1190,0,0,0,0,0,1190
LTL,4558,0,0,0,0,0,4558
LTM,488,0,0,0,0,0,488
LTPZ,4232,0,0,0,0,0,4232
LTRN,1524,0,0,0,0,0,1524
LTRX,6517,0,0,0,0,0,6517
LTRYW,83,0,0,0,1,1,82
LTTI,342,0,0,0,0,0,342
LU,1425,0,0,0,0,0,1425
LUCD,1185,0,0,0,0,0,1185
LUCK,1306,0,0,0,0,0,1306
LUCY,976,0,0,0,0,0,976
LUCYW,976,0,0,0,0,0,976
LUD,340,0,0,0,0,0,340
LULG,166,0,0,0,0,0,166
LULU,4765,0,0,0,0,0,4765
LUMN,11670,0,0,0,0,0,11670
LUNG,1446,0,0,0,0,0,1446
LUNL,120,0,0,0,0,0,120
LUNR,1161,0,0,0,0,0,1161
LUV,11722,0,0,0,0,0,11722
LUXE,1370,0,0,0,0,0,1370
LVDS,247,0,0,0,0,0,247
LVHD,2644,0,0,0,0,0,2644
LVHI,2498,0,0,0,0,0,2498
LVIG,82,0,0,0,0,0,82
LVLN,157,0,0,0,0,0,157
LVLU,1165,0,0,0,0,0,1165
LVO,2231,0,0,0,0,0,2231
LVS,5422,0,0,0,0,0,5422
LVWR,1408,0,0,0,0,0,1408
LW,2424,0,0,0,0,0,2424
LWAC,223,0,0,0,0,0,223
LWACU,259,0,0,0,0,0,259
LWACW,83,0,0,0,1,1,82
LWAY,9448,0,0,0,0,0,9448
LWLG,5066,0,0,0,0,0,5066
LX,2144,0,0,0,0,0,2144
LXEH,1446,0,0,0,0,0,1446
LXEO,668,0,0,0,0,0,668
LXFR,3457,0,0,0,0,0,3457
LXP,8230,0,0,0,0,0,8230
LXRX,6599,0,0,0,0,0,6599
LXU,11722,0,0,0,0,0,11722
LYB,4072,0,0,0,0,0,4072
LYEL,1268,0,0,0,0,0,1268
LYFT,1827,0,0,0,0,0,1827
LYG,6189,0,0,0,0,0,6189
LYLD,497,0,0,0,0,0,497
LYTS,10409,0,0,0,0,0,10409
LYV,5165,0,0,0,0,0,5165
LZ,1259,0,0,0,0,0,1259
LZB,13456,0,0,0,0,0,13456
LZM,1144,0,0,0,0,0,1144
LZMH,340,0,0,0,0,0,340
M,8664,0,0,0,0,0,8664
MA,5059,0,0,0,0,0,5059
MAA,8162,0,0,0,0,0,8162
MAAS,1827,0,0,0,0,0,1827
MAAY,167,0,0,0,0,0,167
MAC,8134,0,0,0,0,0,8134
MACI,494,0,0,0,0,0,494
MACIU,513,0,0,0,0,0,513
MACIW,82,0,0,0,0,0,82
MADE,493,0,0,0,0,0,493
MAGA,2213,0,0,0,0,0,2213
MAGC,439,0,0,0,0,0,439
MAGG,715,0,0,0,0,0,715
MAGH,226,0,0,0,0,0,226
MAGN,11670,0,0,0,0,0,11670
MAGO,129,0,0,0,0,0,129
MAGS,812,0,0,0,0,0,812
MAGX,589,0,0,0,0,0,589
MAGY,302,0,0,0,0,0,302
MAIA,988,0,0,0,0,0,988
MAIN,4714,0,0,0,0,0,4714
MAIR,56,0,0,0,0,0,56
MAKO,3625,0,0,0,0,0,3625
MAKX,1195,0,0,0,0,0,1195
MAMA,1247,0,0,0,0,0,1247
MAMB,1324,0,0,0,0,0,1324
MAMK,252,0,0,0,0,0,252
MAMO,567,0,0,0,0,0,567
MAN,9507,0,0,0,0,0,9507
MANE,105,0,0,0,0,0,105
MANH,7094,0,0,0,0,0,7094
MANI,200,0,0,0,0,0,200
MANU,3494,0,0,0,0,0,3494
MAPP,704,0,0,0,0,0,704
MAR,7116,0,0,0,0,0,7116
MARA,3562,0,0,0,0,0,3562
MARM,570,0,0,0,0,0,570
MARO,392,0,0,0,0,0,392
MARPS,11670,0,0,0,0,0,11670
MARS,85,0,0,0,0,0,85
MART,840,0,0,0,0,0,840
MARU,338,0,0,0,0,0,338
MARW,840,0,0,0,0,0,840
MARZ,1343,0,0,0,0,0,1343
MAS,11670,0,0,0,0,0,11670
MASK,373,0,0,0,0,0,373
MASS,1391,0,0,0,0,0,1391
MAT,12616,0,0,0,0,0,12616
MATE,137,0,0,0,0,0,137
MATH,2187,0,0,0,0,0,2187
MATV,7712,0,0,0,0,0,7712
MATW,8044,0,0,0,0,0,8044
MATX,13406,0,0,0,0,0,13406
MAUG,45,0,0,0,0,0,45
MAVF,337,0,0,0,0,0,337
MAX,1427,0,0,0,0,0,1427
MAXI,943,0,0,0,0,0,943
MAXJ,505,0,0,0,0,0,505
MAYC,45,0,0,0,0,0,45
MAYM,284,0,0,0,0,0,284
MAYP,546,0,0,0,0,0,546
MAYS,10469,0,0,0,0,0,10469
MAYT,798,0,0,0,0,0,798
MAYU,546,0,0,0,0,0,546
MAYW,798,0,0,0,0,0,798
MAYZ,1300,0,0,0,0,0,1300
MAZE,358,0,0,0,0,0,358
MB,310,0,0,0,0,0,310
MBAI,2852,0,0,0,0,0,2852
MBAV,447,0,0,0,0,0,447
MBAVU,483,0,0,0,0,0,483
MBAVW,83,0,0,0,1,1,82
MBB,4857,0,0,0,0,0,4857
MBBA,111,0,0,0,0,0,111
MBBB,1403,0,0,0,0,0,1403
MBBC,1309,0,0,0,0,0,1309
MBC,894,0,0,0,0,0,894
MBCE,1324,0,0,0,0,0,1324
MBI,9827,0,0,0,0,0,9827
MBIN,2182,0,0,0,0,0,2182
MBINL,406,0,0,0,0,0,406
MBINM,947,0,0,0,0,0,947
MBINN,1332,0,0,0,0,0,1332
MBIO,2229,0,0,0,0,0,2229
MBLY,925,0,0,0,0,0,925
MBND,1359,0,0,0,0,0,1359
MBNKO,282,0,0,0,0,0,282
MBOT,8630,0,0,0,0,0,8630
MBOX,1298,0,0,0,0,0,1298
MBRX,2537,0,0,0,0,0,2537
MBS,595,0,0,0,0,0,595
MBSD,2976,0,0,0,0,0,2976
MBSF,590,0,0,0,0,0,590
MBSX,296,0,0,0,0,0,296
MBUU,3125,0,0,0,0,0,3125
MBVI,179,0,0,0,0,0,179
MBVIU,215,0,0,0,0,0,215
MBVIW,82,0,0,0,0,0,82
MBWM,6782,0,0,0,0,0,6782
MBX,453,0,0,0,0,0,453
MC,3073,0,0,0,0,0,3073
MCAH,11,0,0,0,0,0,11
MCAHU,46,0,0,0,0,0,46
MCB,2174,0,0,0,0,0,2174
MCBS,1717,0,0,0,0,0,1717
MCD,15100,0,0,0,0,0,15100
MCDS,386,0,0,0,0,0,386
MCFT,2758,0,0,0,0,0,2758
MCGA,238,0,0,0,0,0,238
MCGAU,258,0,0,0,0,0,258
MCGAW,83,0,0,0,1,1,82
MCH,998,0,0,0,0,0,998
MCHB,3620,0,0,0,0,0,3620
MCHG,14,0,0,0,0,0,14
MCHI,3838,0,0,0,0,0,3838
MCHP,8381,0,0,0,0,0,8381
MCHPP,324,0,0,0,0,0,324
MCHS,498,0,0,0,0,0,498
MCHU,27,0,0,0,0,0,27
MCHX,5601,0,0,0,0,0,5601
MCI,11670,0,0,0,0,0,11670
MCK,7964,0,0,0,0,0,7964
MCN,5517,0,0,0,0,0,5517
MCO,7972,0,0,0,0,0,7972
MCOW,214,0,0,0,0,0,214
MCRB,2772,0,0,0,0,0,2772
MCRI,8284,0,0,0,0,0,8284
MCRP,334,0,0,0,0,0,334
MCS,11670,0,0,0,0,0,11670
MCTA,177,0,0,0,0,0,177
MCVT,71,0,0,0,0,0,71
MCY,10233,0,0,0,0,0,10233
MD,7748,0,0,0,0,0,7748
MDA,80,0,0,0,0,0,80
MDAA,189,0,0,0,0,0,189
MDAI,1319,0,0,0,0,0,1319
MDAIW,82,0,0,0,0,0,82
MDB,2188,0,0,0,0,0,2188
MDBH,699,0,0,0,0,0,699
MDCR,16,0,0,0,0,0,16
MDCX,409,0,0,0,0,0,409
MDCXW,279,0,0,0,1,1,278
MDEV,1263,0,0,0,0,0,1263
MDGL,4884,0,0,0,0,0,4884
MDIA,1633,0,0,0,0,0,1633
MDIV,3492,0,0,0,0,0,3492
MDLN,137,0,0,0,0,0,137
MDLV,801,0,0,0,0,0,801
MDLZ,6302,0,0,0,0,0,6302
MDPL,584,0,0,0,0,0,584
MDRR,1909,0,0,0,0,0,1909
MDST,561,0,0,0,0,0,561
MDT,13407,0,0,0,0,0,13407
MDU,13456,0,0,0,0,0,13456
MDV,1102,0,0,0,0,0,1102
MDWD,3092,0,0,0,0,0,3092
MDXG,4628,0,0,0,0,0,4628
MDXH,1170,0,0,0,0,0,1170
MDY,7844,0,0,0,0,0,7844
MDYG,5190,0,0,0,0,0,5190
MDYV,5190,0,0,0,0,0,5190
MEAR,2851,0,0,0,0,0,2851
MEC,1799,0,0,0,0,0,1799
MED,8183,0,0,0,0,0,8183
MEDI,909,0,0,0,0,0,909
MEDP,2488,0,0,0,0,0,2488
MEDX,860,0,0,0,0,0,860
MEGI,1176,0,0,0,0,0,1176
MEGL,982,0,0,0,0,0,982
MEI,11014,0,0,0,0,0,11014
MELI,4755,0,0,0,0,0,4755
MEM,998,0,0,0,0,0,998
MEMA,130,0,0,0,0,0,130
MEME,186,0,0,0,0,0,186
MEMS,622,0,0,0,0,0,622
MEMX,873,0,0,0,0,0,873
MEMY,116,0,0,0,0,0,116
MENS,264,0,0,0,0,0,264
MEOH,8592,0,0,0,0,0,8592
MERC,9561,0,0,0,0,0,9561
MESH,108,0,0,0,0,0,108
MESHU,142,0,0,0,0,0,142
MESO,4140,0,0,0,0,0,4140
MET,6601,0,0,0,0,0,6601
META,3552,0,0,0,0,0,3552
METC,2367,0,0,0,0,0,2367
METCB,765,0,0,0,0,0,765
METCI,233,0,0,0,0,0,233
METCZ,397,0,0,0,0,0,397
METD,518,0,0,0,0,0,518
METL,206,0,0,0,0,0,206
METU,521,0,0,0,0,0,521
METV,1259,0,0,0,0,0,1259
METW,263,0,0,0,0,0,263
MEVO,95,0,0,0,0,0,95
MEVOU,108,0,0,0,0,0,108
MEXX,2306,0,0,0,0,0,2306
MFA,7102,0,0,0,0,0,7102
MFAN,614,0,0,0,0,0,614
MFAO,551,0,0,0,0,0,551
MFC,6735,0,0,0,0,0,6735
MFDX,2218,0,0,0,0,0,2218
MFEB,45,0,0,0,0,0,45
MFEM,2218,0,0,0,0,0,2218
MFG,4943,0,0,0,0,0,4943
MFI,553,0,0,0,0,0,553
MFIC,5597,0,0,0,0,0,5597
MFICL,1,0,0,0,0,0,1
MFIG,143,0,0,0,0,0,143
MFIN,7577,0,0,0,0,0,7577
MFLX,2454,0,0,0,0,0,2454
MFM,9982,0,0,0,0,0,9982
MFMO,143,0,0,0,0,0,143
MFSB,395,0,0,0,0,0,395
MFSG,395,0,0,0,0,0,395
MFSI,395,0,0,0,0,0,395
MFSM,395,0,0,0,0,0,395
MFSV,395,0,0,0,0,0,395
MFUL,1170,0,0,0,0,0,1170
MFUS,2218,0,0,0,0,0,2218
MFUT,527,0,0,0,0,0,527
MFVL,143,0,0,0,0,0,143
MG,4210,0,0,0,0,0,4210
MGA,10517,0,0,0,0,0,10517
MGC,4659,0,0,0,0,0,4659
MGEE,11670,0,0,0,0,0,11670
MGF,9856,0,0,0,0,0,9856
MGIH,816,0,0,0,0,0,816
MGK,4659,0,0,0,0,0,4659
MGKX,23,0,0,0,0,0,23
MGLD,1082,0,0,0,0,0,1082
MGM,9616,0,0,0,0,0,9616
MGMT,1400,0,0,0,0,0,1400
MGN,194,0,0,0,0,0,194
MGNI,3083,0,0,0,0,0,3083
MGNR,605,0,0,0,0,0,605
MGNX,3202,0,0,0,0,0,3202
MGOV,732,0,0,0,0,0,732
MGPI,9495,0,0,0,0,0,9495
MGR,1827,0,0,0,0,0,1827
MGRB,1448,0,0,0,0,0,1448
MGRC,10490,0,0,0,0,0,10490
MGRD,1243,0,0,0,0,0,1243
MGRE,570,0,0,0,0,0,570
MGRT,245,0,0,0,0,0,245
MGRX,826,0,0,0,0,0,826
MGTX,2029,0,0,0,0,0,2029
MGV,4659,0,0,0,0,0,4659
MGX,602,0,0,0,0,0,602
MGY,2266,0,0,0,0,0,2266
MGYR,5144,0,0,0,0,0,5144
MH,239,0,0,0,0,0,239
MHD,7337,0,0,0,0,0,7337
MHF,9474,0,0,0,0,0,9474
MHH,4432,0,0,0,0,0,4432
MHIG,53,0,0,0,0,0,53
MHIP,53,0,0,0,0,0,53
MHK,8625,0,0,0,0,0,8625
MHLA,3757,0,0,0,0,0,3757
MHNC,3168,0,0,0,0,0,3168
MHO,8222,0,0,0,0,0,8222
MHY,200,0,0,0,0,0,200
MI,2666,0,0,0,0,0,2666
MIACU,3,0,0,0,0,0,3
MIAX,224,0,0,0,0,0,224
MIC,7,0,0,0,0,0,7
MICC,144,0,0,0,0,0,144
MID,1493,0,0,0,0,0,1493
MIDD,9800,0,0,0,0,0,9800
MIDE,1345,0,0,0,0,0,1345
MIDU,4399,0,0,0,0,0,4399
MIG,1403,0,0,0,0,0,1403
MIGO,91,0,0,0,0,0,91
MILK,386,0,0,0,0,0,386
MILN,2555,0,0,0,0,0,2555
MIMI,372,0,0,0,0,0,372
MIN,9651,0,0,0,0,0,9651
MIND,7938,0,0,0,0,0,7938
MINE,111,0,0,0,0,0,111
MINN,1335,0,0,0,0,0,1335
MINO,1209,0,0,0,0,0,1209
MINT,4182,0,0,0,0,0,4182
MINV,998,0,0,0,0,0,998
MINY,89,0,0,0,0,0,89
MIR,1475,0,0,0,0,0,1475
MIRA,733,0,0,0,0,0,733
MIRM,1751,0,0,0,0,0,1751
MISL,925,0,0,0,0,0,925
MIST,1799,0,0,0,0,0,1799
MITK,9446,0,0,0,0,0,9446
MITN,605,0,0,0,0,0,605
MITP,533,0,0,0,0,0,533
MITQ,1254,0,0,0,0,0,1254
MITT,3775,0,0,0,0,0,3775
MIVL,22,0,0,0,0,0,22
MIY,8474,0,0,0,0,0,8474
MJ,2661,0,0,0,0,0,2661
MJSC,201,0,0,0,0,0,201
MJUN,16,0,0,0,0,0,16
MKAM,811,0,0,0,0,0,811
MKC,13456,0,0,0,0,0,13456
MKDW,821,0,0,0,0,0,821
MKDWW,82,0,0,0,0,0,82
MKL,9965,0,0,0,0,0,9965
MKLY,190,0,0,0,0,0,190
MKLYU,226,0,0,0,0,0,226
MKOR,746,0,0,0,0,0,746
MKSI,6859,0,0,0,0,0,6859
MKTN,195,0,0,0,0,0,195
MKTW,1459,0,0,0,0,0,1459
MKTX,5449,0,0,0,0,0,5449
MKZR,500,0,0,0,0,0,500
MLAA,75,0,0,0,0,0,75
MLAAU,111,0,0,0,0,0,111
MLAB,10670,0,0,0,0,0,10670
MLCI,10912,0,0,0,0,0,10912
MLCIL,107,0,0,0,0,0,107
MLCO,4915,0,0,0,0,0,4915
MLDR,456,0,0,0,0,0,456
MLEC,1343,0,0,0,0,0,1343
MLECW,83,0,0,0,1,1,82
MLGO,1314,0,0,0,0,0,1314
MLI,8904,0,0,0,0,0,8904
MLKN,11670,0,0,0,0,0,11670
MLM,8148,0,0,0,0,0,8148
MLN,4650,0,0,0,0,0,4650
MLP,8103,0,0,0,0,0,8103
MLPA,3573,0,0,0,0,0,3573
MLPB,2699,0,0,0,0,0,2699
MLPD,541,0,0,0,0,0,541
MLPI,136,0,0,0,0,0,136
MLPR,1530,0,0,0,0,0,1530
MLPX,3247,0,0,0,0,0,3247
MLR,8035,0,0,0,0,0,8035
MLSS,7716,0,0,0,0,0,7716
MLTX,1433,0,0,0,0,0,1433
MLYS,852,0,0,0,0,0,852
MMA,569,0,0,0,0,0,569
MMAR,16,0,0,0,0,0,16
MMAX,317,0,0,0,0,0,317
MMAY,45,0,0,0,0,0,45
MMCA,1138,0,0,0,0,0,1138
MMD,3499,0,0,0,0,0,3499
MMED,84,0,0,0,0,0,84
MMI,3187,0,0,0,0,0,3187
MMID,196,0,0,0,0,0,196
MMIN,2189,0,0,0,0,0,2189
MMIT,2189,0,0,0,0,0,2189
MMK,99,0,0,0,0,0,99
MMKT,445,0,0,0,0,0,445
MMLP,5955,0,0,0,0,0,5955
MMM,16235,0,0,0,0,0,16235
MMMA,137,0,0,0,0,0,137
MMS,7310,0,0,0,0,0,7310
MMSC,1185,0,0,0,0,0,1185
MMSD,293,0,0,0,0,0,293
MMSI,9102,0,0,0,0,0,9102
MMT,9909,0,0,0,0,0,9909
MMTM,3441,0,0,0,0,0,3441
MMTX,139,0,0,0,0,0,139
MMTXU,175,0,0,0,0,0,175
MMU,8551,0,0,0,0,0,8551
MMYT,3998,0,0,0,0,0,3998
MNA,4182,0,0,0,0,0,4182
MNBD,1034,0,0,0,0,0,1034
MNDO,6515,0,0,0,0,0,6515
MNDR,561,0,0,0,0,0,561
MNDY,1273,0,0,0,0,0,1273
MNKD,5520,0,0,0,0,0,5520
MNOV,4922,0,0,0,0,0,4922
MNPR,1643,0,0,0,0,0,1643
MNR,675,0,0,0,0,0,675
MNRO,8796,0,0,0,0,0,8796
MNRS,359,0,0,0,0,0,359
MNSB,5240,0,0,0,0,0,5240
MNSBP,1457,0,0,0,0,0,1457
MNSO,1436,0,0,0,0,0,1436
MNST,10221,0,0,0,0,0,10221
MNSX,9,0,0,0,0,0,9
MNTK,1369,0,0,0,0,0,1369
MNTN,281,0,0,0,0,0,281
MNTS,1635,0,0,0,0,0,1635
MNTSW,83,0,0,0,1,1,82
MNVR,45,0,0,0,0,0,45
MNVT,76,0,0,0,0,0,76
MNY,1400,0,0,0,0,0,1400
MNYWW,1400,0,0,0,0,0,1400
MNZL,156,0,0,0,0,0,156
MOAT,3569,0,0,0,0,0,3569
MOB,968,0,0,0,0,0,968
MOBBW,967,0,0,0,1,1,966
MOBI,40,0,0,0,0,0,40
MOBX,1228,0,0,0,0,0,1228
MOBXW,83,0,0,0,1,1,82
MOD,11036,0,0,0,0,0,11036
MODD,1103,0,0,0,0,0,1103
MODL,935,0,0,0,0,0,935
MOGU,1904,0,0,0,0,0,1904
MOH,5789,0,0,0,0,0,5789
MOLN,1269,0,0,0,0,0,1269
MOMO,2907,0,0,0,0,0,2907
MOO,4738,0,0,0,0,0,4738
MOOD,1035,0,0,0,0,0,1035
MORN,5327,0,0,0,0,0,5327
MORT,3742,0,0,0,0,0,3742
MOS,9683,0,0,0,0,0,9683
MOTG,1928,0,0,0,0,0,1928
MOTI,2761,0,0,0,0,0,2761
MOTO,1666,0,0,0,0,0,1666
MOV,8246,0,0,0,0,0,8246
MOVE,1328,0,0,0,0,0,1328
MP,1517,0,0,0,0,0,1517
MPA,8474,0,0,0,0,0,8474
MPAA,8125,0,0,0,0,0,8125
MPB,7189,0,0,0,0,0,7189
MPC,3779,0,0,0,0,0,3779
MPG,173,0,0,0,0,0,173
MPL,177,0,0,0,0,0,177
MPLT,173,0,0,0,0,0,173
MPLX,3440,0,0,0,0,0,3440
MPLY,285,0,0,0,0,0,285
MPRO,1324,0,0,0,0,0,1324
MPT,5281,0,0,0,0,0,5281
MPTI,942,0,0,0,0,0,942
MPU,7159,0,0,0,0,0,7159
MPV,9494,0,0,0,0,0,9494
MPWC,1,0,0,0,0,0,1
MPWR,5439,0,0,0,0,0,5439
MPWX,50,0,0,0,0,0,50
MQ,1274,0,0,0,0,0,1274
MQQQ,461,0,0,0,0,0,461
MQY,8550,0,0,0,0,0,8550
MRA,28,0,0,0,0,0,28
MRAL,334,0,0,0,0,0,334
MRAM,2448,0,0,0,0,0,2448
MRBK,2175,0,0,0,0,0,2175
MRCP,588,0,0,0,0,0,588
MRCY,7151,0,0,0,0,0,7151
MRDN,4194,0,0,0,0,0,4194
MREO,1810,0,0,0,0,0,1810
MRGR,3409,0,0,0,0,0,3409
MRK,16235,0,0,0,0,0,16235
MRKR,6032,0,0,0,0,0,6032
MRLN,398,0,0,0,0,0,398
MRM,1385,0,0,0,0,0,1385
MRNA,1903,0,0,0,0,0,1903
MRNO,1080,0,0,0,0,0,1080
MRNOW,83,0,0,0,1,1,82
MRNX,105,0,0,0,0,0,105
MRNY,676,0,0,0,0,0,676
MRP,355,0,0,0,0,0,355
MRSH,13456,0,0,0,0,0,13456
MRSK,1514,0,0,0,0,0,1514
MRT,1217,0,0,0,0,0,1217
MRTN,10020,0,0,0,0,0,10020
MRVI,1410,0,0,0,0,0,1410
MRVL,6541,0,0,0,0,0,6541
MRVU,99,0,0,0,0,0,99
MRX,550,0,0,0,0,0,550
MS,8399,0,0,0,0,0,8399
MSA,13455,0,0,0,0,0,13455
MSAI,1162,0,0,0,0,0,1162
MSAIW,83,0,0,0,1,1,82
MSB,13456,0,0,0,0,0,13456
MSBI,2543,0,0,0,0,0,2543
MSBIP,966,0,0,0,0,0,966
MSBT,63,0,0,0,0,0,63
MSC,1937,0,0,0,0,0,1937
MSCI,4687,0,0,0,0,0,4687
MSD,8299,0,0,0,0,0,8299
MSDL,614,0,0,0,0,0,614
MSEP,20,0,0,0,0,0,20
MSEX,13456,0,0,0,0,0,13456
MSFC,7,0,0,0,0,0,7
MSFD,959,0,0,0,0,0,959
MSFL,577,0,0,0,0,0,577
MSFO,717,0,0,0,0,0,717
MSFT,10156,0,0,0,0,0,10156
MSFU,960,0,0,0,0,0,960
MSFW,239,0,0,0,0,0,239
MSFX,622,0,0,0,0,0,622
MSFY,671,0,0,0,0,0,671
MSGE,808,0,0,0,0,0,808
MSGM,1375,0,0,0,0,0,1375
MSGS,2715,0,0,0,0,0,2715
MSGY,251,0,0,0,0,0,251
MSI,16235,0,0,0,0,0,16235
MSIF,360,0,0,0,0,0,360
MSIX,9,0,0,0,0,0,9
MSLC,391,0,0,0,0,0,391
MSLE,3499,0,0,0,0,0,3499
MSM,7687,0,0,0,0,0,7687
MSMR,1161,0,0,0,0,0,1161
MSN,8013,0,0,0,0,0,8013
MSOS,1466,0,0,0,0,0,1466
MSOX,969,0,0,0,0,0,969
MSR,37,0,0,0,0,0,37
MSS,689,0,0,0,0,0,689
MSSM,391,0,0,0,0,0,391
MSSS,584,0,0,0,0,0,584
MSST,157,0,0,0,0,0,157
MST,295,0,0,0,0,0,295
MSTB,1447,0,0,0,0,0,1447
MSTC,7,0,0,0,0,0,7
MSTI,710,0,0,0,0,0,710
MSTP,269,0,0,0,0,0,269
MSTQ,1080,0,0,0,0,0,1080
MSTR,7060,0,0,0,0,0,7060
MSTU,450,0,0,0,0,0,450
MSTW,239,0,0,0,0,0,239
MSTX,473,0,0,0,0,0,473
MSTY,594,0,0,0,0,0,594
MSTZ,450,0,0,0,0,0,450
MSW,403,0,0,0,0,0,403
MT,7272,0,0,0,0,0,7272
MTA,4160,0,0,0,0,0,4160
MTAL,57,0,0,0,0,0,57
MTB,11670,0,0,0,0,0,11670
MTBA,666,0,0,0,0,0,666
MTC,1882,0,0,0,0,0,1882
MTCH,8423,0,0,0,0,0,8423
MTD,7202,0,0,0,0,0,7202
MTDR,3626,0,0,0,0,0,3626
MTEK,1109,0,0,0,0,0,1109
MTEKW,82,0,0,0,0,0,82
MTEN,554,0,0,0,0,0,554
MTEX,6889,0,0,0,0,0,6889
MTG,8790,0,0,0,0,0,8790
MTGP,1652,0,0,0,0,0,1652
MTH,9557,0,0,0,0,0,9557
MTLS,3025,0,0,0,0,0,3025
MTN,7400,0,0,0,0,0,7400
MTNB,3008,0,0,0,0,0,3008
MTNE,11,0,0,0,0,0,11
MTR,11776,0,0,0,0,0,11776
MTRA,268,0,0,0,0,0,268
MTRN,11670,0,0,0,0,0,11670
MTRX,9008,0,0,0,0,0,9008
MTSG,10,0,0,0,0,0,10
MTSI,3597,0,0,0,0,0,3597
MTUL,1359,0,0,0,0,0,1359
MTUM,3324,0,0,0,0,0,3324
MTUS,3029,0,0,0,0,0,3029
MTVA,2492,0,0,0,0,0,2492
MTW,9136,0,0,0,0,0,9136
MTX,8482,0,0,0,0,0,8482
MTYY,197,0,0,0,0,0,197
MTZ,13456,0,0,0,0,0,13456
MU,10605,0,0,0,0,0,10605
MUA,8299,0,0,0,0,0,8299
MUB,4735,0,0,0,0,0,4735
MUC,7131,0,0,0,0,0,7131
MUD,428,0,0,0,0,0,428
MUFG,6352,0,0,0,0,0,6352
MUJ,7123,0,0,0,0,0,7123
MULL,411,0,0,0,0,0,411
MULT,214,0,0,0,0,0,214
MUNA,221,0,0,0,0,0,221
MUNB,221,0,0,0,0,0,221
MUNC,221,0,0,0,0,0,221
MUND,221,0,0,0,0,0,221
MUNI,4163,0,0,0,0,0,4163
MUNX,170,0,0,0,0,0,170
MUNY,281,0,0,0,0,0,281
MUR,11670,0,0,0,0,0,11670
MUSA,3239,0,0,0,0,0,3239
MUSE,406,0,0,0,0,0,406
MUSI,1258,0,0,0,0,0,1258
MUSQ,752,0,0,0,0,0,752
MUST,1943,0,0,0,0,0,1943
MUU,434,0,0,0,0,0,434
MUX,11634,0,0,0,0,0,11634
MUYY,58,0,0,0,0,0,58
MUZ,19,0,0,0,0,0,19
MUZE,73,0,0,0,0,0,73
MUZEU,108,0,0,0,0,0,108
MVAL,569,0,0,0,0,0,569
MVBF,3499,0,0,0,0,0,3499
MVFD,584,0,0,0,0,0,584
MVFG,584,0,0,0,0,0,584
MVIS,7511,0,0,0,0,0,7511
MVLL,334,0,0,0,0,0,334
MVO,4896,0,0,0,0,0,4896
MVPA,609,0,0,0,0,0,609
MVPL,590,0,0,0,0,0,590
MVRL,1527,0,0,0,0,0,1527
MVST,1829,0,0,0,0,0,1829
MVSTW,83,0,0,0,1,1,82
MVV,5041,0,0,0,0,0,5041
MWA,5058,0,0,0,0,0,5058
MWC,36,0,0,0,0,0,36
MWG,817,0,0,0,0,0,817
MWH,99,0,0,0,0,0,99
MWHS,6,0,0,0,0,0,6
MWYN,330,0,0,0,0,0,330
MX,3852,0,0,0,0,0,3852
MXC,8098,0,0,0,0,0,8098
MXCT,1238,0,0,0,0,0,1238
MXE,9037,0,0,0,0,0,9037
MXF,11363,0,0,0,0,0,11363
MXI,4976,0,0,0,0,0,4976
MXL,4096,0,0,0,0,0,4096
MYCF,446,0,0,0,0,0,446
MYCG,446,0,0,0,0,0,446
MYCH,446,0,0,0,0,0,446
MYCI,446,0,0,0,0,0,446
MYCJ,446,0,0,0,0,0,446
MYCK,446,0,0,0,0,0,446
MYCL,446,0,0,0,0,0,446
MYCM,446,0,0,0,0,0,446
MYCN,446,0,0,0,0,0,446
MYCO,201,0,0,0,0,0,201
MYE,11670,0,0,0,0,0,11670
MYFW,2001,0,0,0,0,0,2001
MYGN,7736,0,0,0,0,0,7736
MYHA,90,0,0,0,0,0,90
MYHB,90,0,0,0,0,0,90
MYHC,90,0,0,0,0,0,90
MYHD,90,0,0,0,0,0,90
MYHE,90,0,0,0,0,0,90
MYI,8617,0,0,0,0,0,8617
MYLD,627,0,0,0,0,0,627
MYMF,446,0,0,0,0,0,446
MYMG,446,0,0,0,0,0,446
MYMH,446,0,0,0,0,0,446
MYMI,446,0,0,0,0,0,446
MYMJ,446,0,0,0,0,0,446
MYMK,201,0,0,0,0,0,201
MYN,8637,0,0,0,0,0,8637
MYND,2204,0,0,0,0,0,2204
MYO,2279,0,0,0,0,0,2279
MYPS,1390,0,0,0,0,0,1390
MYRG,4501,0,0,0,0,0,4501
MYSE,1228,0,0,0,0,0,1228
MYSEW,1228,0,0,0,0,0,1228
MYSZ,2490,0,0,0,0,0,2490
MYX,35,0,0,0,0,0,35
MYXXU,58,0,0,0,0,0,58
MYY,5041,0,0,0,0,0,5041
MZTI,11670,0,0,0,0,0,11670
MZYX,53,0,0,0,0,0,53
MZZ,5026,0,0,0,0,0,5026
NAAS,2187,0,0,0,0,0,2187
NABL,1247,0,0,0,0,0,1247
NAC,6819,0,0,0,0,0,6819
NACP,2001,0,0,0,0,0,2001
NAD,6819,0,0,0,0,0,6819
NAGE,4535,0,0,0,0,0,4535
NAII,8226,0,0,0,0,0,8226
NAIL,2735,0,0,0,0,0,2735
NAK,6290,0,0,0,0,0,6290
NAKA,525,0,0,0,0,0,525
NAMI,394,0,0,0,0,0,394
NAMM,271,0,0,0,0,0,271
NAMMW,1196,0,0,0,0,0,1196
NAMS,1357,0,0,0,0,0,1357
NAMSW,1356,0,0,0,0,0,1356
NAN,6819,0,0,0,0,0,6819
NANC,855,0,0,0,0,0,855
NANR,2650,0,0,0,0,0,2650
NAPR,1573,0,0,0,0,0,1573
NASA,67,0,0,0,0,0,67
NAT,7235,0,0,0,0,0,7235
NATH,8396,0,0,0,0,0,8396
NATL,685,0,0,0,0,0,685
NATO,433,0,0,0,0,0,433
NATR,4283,0,0,0,0,0,4283
NAUG,483,0,0,0,0,0,483
NAUT,1484,0,0,0,0,0,1484
NAVI,3072,0,0,0,0,0,3072
NAVN,170,0,0,0,0,0,170
NAZ,8463,0,0,0,0,0,8463
NB,826,0,0,0,0,0,826
NBB,4072,0,0,0,0,0,4072
NBBK,631,0,0,0,0,0,631
NBCE,682,0,0,0,0,0,682
NBCM,927,0,0,0,0,0,927
NBCR,483,0,0,0,0,0,483
NBDS,1064,0,0,0,0,0,1064
NBET,1064,0,0,0,0,0,1064
NBFC,509,0,0,0,0,0,509
NBFR,92,0,0,0,0,0,92
NBGX,385,0,0,0,0,0,385
NBH,5963,0,0,0,0,0,5963
NBHC,3466,0,0,0,0,0,3466
NBIE,83,0,0,0,0,0,83
NBIG,173,0,0,0,0,0,173
NBIL,187,0,0,0,0,0,187
NBIS,427,0,0,0,0,0,427
NBIX,7577,0,0,0,0,0,7577
NBIZ,114,0,0,0,0,0,114
NBJP,454,0,0,0,0,0,454
NBN,9793,0,0,0,0,0,9793
NBOS,611,0,0,0,0,0,611
NBP,1624,0,0,0,0,0,1624
NBR,13456,0,0,0,0,0,13456
NBRG,73,0,0,0,0,0,73
NBRGU,108,0,0,0,0,0,108
NBSD,510,0,0,0,0,0,510
NBSM,574,0,0,0,0,0,574
NBTB,8636,0,0,0,0,0,8636
NBTR,386,0,0,0,0,0,386
NBTX,1396,0,0,0,0,0,1396
NBXG,1283,0,0,0,0,0,1283
NC,12363,0,0,0,0,0,12363
NCA,9759,0,0,0,0,0,9759
NCDL,613,0,0,0,0,0,613
NCEL,1364,0,0,0,0,0,1364
NCEW,386,0,0,0,0,0,386
NCI,552,0,0,0,0,0,552
NCIQ,348,0,0,0,0,0,348
NCL,679,0,0,0,0,0,679
NCLH,3385,0,0,0,0,0,3385
NCLO,391,0,0,0,0,0,391
NCMI,4882,0,0,0,0,0,4882
NCNA,2203,0,0,0,0,0,2203
NCNO,1502,0,0,0,0,0,1502
NCPB,585,0,0,0,0,0,585
NCPL,5053,0,0,0,0,0,5053
NCPLW,82,0,0,0,0,0,82
NCRA,7048,0,0,0,0,0,7048
NCSM,2309,0,0,0,0,0,2309
NCT,319,0,0,0,0,0,319
NCTY,5422,0,0,0,0,0,5422
NCV,5854,0,0,0,0,0,5854
NCZ,5771,0,0,0,0,0,5771
NDAA,428,0,0,0,0,0,428
NDAQ,6042,0,0,0,0,0,6042
NDEC,398,0,0,0,0,0,398
NDIA,722,0,0,0,0,0,722
NDIV,969,0,0,0,0,0,969
NDLS,3274,0,0,0,0,0,3274
NDMO,1470,0,0,0,0,0,1470
NDOW,537,0,0,0,0,0,537
NDRA,2265,0,0,0,0,0,2265
NDSN,11669,0,0,0,0,0,11669
NE,1274,0,0,0,0,0,1274
NEA,5904,0,0,0,0,0,5904
NEAR,3207,0,0,0,0,0,3207
NEBX,207,0,0,0,0,0,207
NECB,5031,0,0,0,0,0,5031
NEE,13456,0,0,0,0,0,13456
NEGG,4076,0,0,0,0,0,4076
NEHI,147,0,0,0,0,0,147
NELS,181,0,0,0,0,0,181
NEM,11670,0,0,0,0,0,11670
NEMD,226,0,0,0,0,0,226
NEMG,158,0,0,0,0,0,158
NEN,9728,0,0,0,0,0,9728
NEO,5612,0,0,0,0,0,5612
NEOG,9284,0,0,0,0,0,9284
NEON,9442,0,0,0,0,0,9442
NEOV,1539,0,0,0,0,0,1539
NEOVW,83,0,0,0,1,1,82
NEPH,5482,0,0,0,0,0,5482
NERD,1782,0,0,0,0,0,1782
NERV,3021,0,0,0,0,0,3021
NESR,500,0,0,0,0,0,500
NET,1711,0,0,0,0,0,1711
NETG,158,0,0,0,0,0,158
NETL,1832,0,0,0,0,0,1832
NEU,11670,0,0,0,0,0,11670
NEUP,1141,0,0,0,0,0,1141
NEWP,4423,0,0,0,0,0,4423
NEWT,6480,0,0,0,0,0,6480
NEWTG,525,0,0,0,0,0,525
NEWTH,451,0,0,0,0,0,451
NEWTI,712,0,0,0,0,0,712
NEWTO,104,0,0,0,0,0,104
NEWTP,223,0,0,0,0,0,223
NEWZ,559,0,0,0,0,0,559
NEXA,2182,0,0,0,0,0,2182
NEXM,4218,0,0,0,0,0,4218
NEXN,1267,0,0,0,0,0,1267
NEXR,967,0,0,0,0,0,967
NEXT,2780,0,0,0,0,0,2780
NFBK,4692,0,0,0,0,0,4692
NFE,1867,0,0,0,0,0,1867
NFEB,357,0,0,0,0,0,357
NFG,13406,0,0,0,0,0,13406
NFGC,1459,0,0,0,0,0,1459
NFJ,5371,0,0,0,0,0,5371
NFLP,673,0,0,0,0,0,673
NFLT,2741,0,0,0,0,0,2741
NFLU,443,0,0,0,0,0,443
NFLW,263,0,0,0,0,0,263
NFLX,6068,0,0,0,0,0,6068
NFLY,730,0,0,0,0,0,730
NFRA,3203,0,0,0,0,0,3203
NFRX,108,0,0,0,0,0,108
NFTY,3609,0,0,0,0,0,3609
NFX,1,0,0,0,0,0,1
NFXL,439,0,0,0,0,0,439
NFXS,439,0,0,0,0,0,439
NG,5681,0,0,0,0,0,5681
NGEN,1824,0,0,0,0,0,1824
NGG,5258,0,0,0,0,0,5258
NGHT,62,0,0,0,0,0,62
NGIF,23,0,0,0,0,0,23
NGL,3807,0,0,0,0,0,3807
NGNE,3101,0,0,0,0,0,3101
NGS,5963,0,0,0,0,0,5963
NGVC,3506,0,0,0,0,0,3506
NGVT,2558,0,0,0,0,0,2558
NHC,9952,0,0,0,0,0,9952
NHI,8746,0,0,0,0,0,8746
NHIC,305,0,0,0,0,0,305
NHICU,339,0,0,0,0,0,339
NHICW,83,0,0,0,1,1,82
NHIV,20,0,0,0,0,0,20
NHIVU,57,0,0,0,0,0,57
NHP,52,0,0,0,0,0,52
NHPAP,1651,0,0,0,0,0,1651
NHPBP,1193,0,0,0,0,0,1193
NHS,5771,0,0,0,0,0,5771
NHTC,7810,0,0,0,0,0,7810
NHYB,196,0,0,0,0,0,196
NHYM,364,0,0,0,0,0,364
NI,13456,0,0,0,0,0,13456
NIC,3303,0,0,0,0,0,3303
NICE,7660,0,0,0,0,0,7660
NICM,58,0,0,0,0,0,58
NICO,42,0,0,0,0,0,42
NIE,4872,0,0,0,0,0,4872
NIHI,201,0,0,0,0,0,201
NIKL,825,0,0,0,0,0,825
NIM,8506,0,0,0,0,0,8506
NINE,67,0,0,0,0,0,67
NIO,1963,0,0,0,0,0,1963
NIOBW,83,0,0,0,1,1,82
NIOG,136,0,0,0,0,0,136
NIPG,486,0,0,0,0,0,486
NIQ,240,0,0,0,0,0,240
NISM,37,0,0,0,0,0,37
NITE,510,0,0,0,0,0,510
NIU,1936,0,0,0,0,0,1936
NIVF,1078,0,0,0,0,0,1078
NIVFW,82,0,0,0,0,0,82
NIXT,456,0,0,0,0,0,456
NIXX,3463,0,0,0,0,0,3463
NJAN,1635,0,0,0,0,0,1635
NJNK,459,0,0,0,0,0,459
NJR,11670,0,0,0,0,0,11670
NJUL,1509,0,0,0,0,0,1509
NJUN,524,0,0,0,0,0,524
NKE,11490,0,0,0,0,0,11490
NKLR,188,0,0,0,0,0,188
NKSH,6688,0,0,0,0,0,6688
NKTR,8098,0,0,0,0,0,8098
NKTX,1504,0,0,0,0,0,1504
NKX,5904,0,0,0,0,0,5904
NL,11670,0,0,0,0,0,11670
NLOP,673,0,0,0,0,0,673
NLR,4752,0,0,0,0,0,4752
NLSI,142,0,0,0,0,0,142
NLY,7229,0,0,0,0,0,7229
NMAD,4702,0,0,0,0,0,4702
NMAI,1158,0,0,0,0,0,1158
NMAR,338,0,0,0,0,0,338
NMAX,318,0,0,0,0,0,318
NMAY,296,0,0,0,0,0,296
NMB,455,0,0,0,0,0,455
NMBL,168,0,0,0,0,0,168
NMCO,1709,0,0,0,0,0,1709
NMFC,3803,0,0,0,0,0,3803
NMFCZ,653,0,0,0,0,0,653
NMG,1378,0,0,0,0,0,1378
NMI,9614,0,0,0,0,0,9614
NMIH,3181,0,0,0,0,0,3181
NML,3340,0,0,0,0,0,3340
NMM,4689,0,0,0,0,0,4689
NMP,211,0,0,0,0,0,211
NMPAU,255,0,0,0,0,0,255
NMR,6176,0,0,0,0,0,6176
NMRA,704,0,0,0,0,0,704
NMRK,2148,0,0,0,0,0,2148
NMS,2952,0,0,0,0,0,2952
NMT,8382,0,0,0,0,0,8382
NMTC,2088,0,0,0,0,0,2088
NMZ,5690,0,0,0,0,0,5690
NN,1424,0,0,0,0,0,1424
NNBR,8131,0,0,0,0,0,8131
NNDM,2598,0,0,0,0,0,2598
NNE,541,0,0,0,0,0,541
NNI,5675,0,0,0,0,0,5675
NNN,10515,0,0,0,0,0,10515
NNNN,346,0,0,0,0,0,346
NNOV,418,0,0,0,0,0,418
NNOX,1474,0,0,0,0,0,1474
NNVC,5204,0,0,0,0,0,5204
NNY,9759,0,0,0,0,0,9759
NOA,4933,0,0,0,0,0,4933
NOAH,3935,0,0,0,0,0,3935
NOBL,3202,0,0,0,0,0,3202
NOC,11217,0,0,0,0,0,11217
NOCT,1699,0,0,0,0,0,1699
NODE,287,0,0,0,0,0,287
NODK,2339,0,0,0,0,0,2339
NOEM,368,0,0,0,0,0,368
NOEMU,403,0,0,0,0,0,403
NOEMW,83,0,0,0,1,1,82
NOEQ,73,0,0,0,0,0,73
NOG,4838,0,0,0,0,0,4838
NOK,8056,0,0,0,0,0,8056
NOMA,168,0,0,0,0,0,168
NOMD,2893,0,0,0,0,0,2893
NORW,4245,0,0,0,0,0,4245
NOV,7467,0,0,0,0,0,7467
NOVM,407,0,0,0,0,0,407
NOVP,298,0,0,0,0,0,298
NOVT,6863,0,0,0,0,0,6863
NOVTU,164,0,0,0,0,0,164
NOVZ,1424,0,0,0,0,0,1424
NOW,3523,0,0,0,0,0,3523
NOWL,246,0,0,0,0,0,246
NP,191,0,0,0,0,0,191
NPAC,265,0,0,0,0,0,265
NPACU,301,0,0,0,0,0,301
NPACW,83,0,0,0,1,1,82
NPB,347,0,0,0,0,0,347
NPCE,1307,0,0,0,0,0,1307
NPCT,1303,0,0,0,0,0,1303
NPFD,1141,0,0,0,0,0,1141
NPFE,81,0,0,0,0,0,81
NPFI,584,0,0,0,0,0,584
NPK,11670,0,0,0,0,0,11670
NPKI,9022,0,0,0,0,0,9022
NPO,6067,0,0,0,0,0,6067
NPT,176,0,0,0,0,0,176
NPV,8382,0,0,0,0,0,8382
NPWR,1233,0,0,0,0,0,1233
NRC,3299,0,0,0,0,0,3299
NRDS,1170,0,0,0,0,0,1170
NRDY,1406,0,0,0,0,0,1406
NREF,1610,0,0,0,0,0,1610
NRES,591,0,0,0,0,0,591
NRG,5683,0,0,0,0,0,5683
NRGD,345,0,0,0,0,0,345
NRGU,345,0,0,0,0,0,345
NRGV,1324,0,0,0,0,0,1324
NRIM,8972,0,0,0,0,0,8972
NRIX,1494,0,0,0,0,0,1494
NRK,5904,0,0,0,0,0,5904
NRO,5706,0,0,0,0,0,5706
NRP,5970,0,0,0,0,0,5970
NRSH,650,0,0,0,0,0,650
NRSN,1146,0,0,0,0,0,1146
NRSNW,82,0,0,0,0,0,82
NRT,11670,0,0,0,0,0,11670
NRUC,1800,0,0,0,0,0,1800
NRXP,2157,0,0,0,0,0,2157
NRXS,729,0,0,0,0,0,729
NSA,2818,0,0,0,0,0,2818
NSC,11112,0,0,0,0,0,11112
NSCI,196,0,0,0,0,0,196
NSEP,461,0,0,0,0,0,461
NSI,645,0,0,0,0,0,645
NSIT,7914,0,0,0,0,0,7914
NSLR,3819,0,0,0,0,0,3819
NSLRL,1140,0,0,0,0,0,1140
NSP,7404,0,0,0,0,0,7404
NSPR,3830,0,0,0,0,0,3830
NSRX,225,0,0,0,0,0,225
NSSC,11219,0,0,0,0,0,11219
NSTS,1119,0,0,0,0,0,1119
NSYS,8323,0,0,0,0,0,8323
NTAP,7704,0,0,0,0,0,7704
NTB,2463,0,0,0,0,0,2463
NTCL,389,0,0,0,0,0,389
NTCT,6765,0,0,0,0,0,6765
NTES,6541,0,0,0,0,0,6541
NTGR,5769,0,0,0,0,0,5769
NTHI,321,0,0,0,0,0,321
NTIC,8628,0,0,0,0,0,8628
NTIP,5688,0,0,0,0,0,5688
NTLA,2555,0,0,0,0,0,2555
NTNX,2453,0,0,0,0,0,2453
NTR,2138,0,0,0,0,0,2138
NTRA,2769,0,0,0,0,0,2769
NTRB,1194,0,0,0,0,0,1194
NTRBW,1194,0,0,0,0,0,1194
NTRL,1612,0,0,0,0,0,1612
NTRP,3954,0,0,0,0,0,3954
NTRS,11670,0,0,0,0,0,11670
NTRSO,1678,0,0,0,0,0,1678
NTSD,75,0,0,0,0,0,75
NTSE,1287,0,0,0,0,0,1287
NTSI,1286,0,0,0,0,0,1286
NTSK,200,0,0,0,0,0,200
NTST,1480,0,0,0,0,0,1480
NTSX,1991,0,0,0,0,0,1991
NTWK,6986,0,0,0,0,0,6986
NTWO,380,0,0,0,0,0,380
NTWOU,417,0,0,0,0,0,417
NTWOW,58,0,0,0,0,0,58
NTZ,8343,0,0,0,0,0,8343
NU,1146,0,0,0,0,0,1146
NUAG,2464,0,0,0,0,0,2464
NUAI,1127,0,0,0,0,0,1127
NUAIW,83,0,0,0,1,1,82
NUBD,2200,0,0,0,0,0,2200
NUCL,91,0,0,0,0,0,91
NUDG,23,0,0,0,0,0,23
NUDM,2279,0,0,0,0,0,2279
NUDV,1197,0,0,0,0,0,1197
NUE,11670,0,0,0,0,0,11670
NUEM,2279,0,0,0,0,0,2279
NUG,158,0,0,0,0,0,158
NUGO,1197,0,0,0,0,0,1197
NUGT,3916,0,0,0,0,0,3916
NUGY,157,0,0,0,0,0,157
NUHY,1702,0,0,0,0,0,1702
NUIF,12,0,0,0,0,0,12
NUKX,87,0,0,0,0,0,87
NUKZ,614,0,0,0,0,0,614
NULC,1782,0,0,0,0,0,1782
NULG,2395,0,0,0,0,0,2395
NULV,2384,0,0,0,0,0,2384
NUMG,2397,0,0,0,0,0,2397
NUMI,364,0,0,0,0,0,364
NUMV,2397,0,0,0,0,0,2397
NURE,2397,0,0,0,0,0,2397
NUS,7449,0,0,0,0,0,7449
NUSA,2327,0,0,0,0,0,2327
NUSB,584,0,0,0,0,0,584
NUSC,2399,0,0,0,0,0,2399
NUTR,223,0,0,0,0,0,223
NUTX,1067,0,0,0,0,0,1067
NUV,9837,0,0,0,0,0,9837
NUVB,1471,0,0,0,0,0,1471
NUVL,1239,0,0,0,0,0,1239
NUW,4367,0,0,0,0,0,4367
NUWE,3616,0,0,0,0,0,3616
NVA,489,0,0,0,0,0,489
NVAX,7695,0,0,0,0,0,7695
NVBT,921,0,0,0,0,0,921
NVBU,418,0,0,0,0,0,418
NVBW,921,0,0,0,0,0,921
NVC,7,0,0,0,0,0,7
NVCR,2705,0,0,0,0,0,2705
NVCT,1107,0,0,0,0,0,1107
NVD,720,0,0,0,0,0,720
NVDA,6905,0,0,0,0,0,6905
NVDB,206,0,0,0,0,0,206
NVDD,705,0,0,0,0,0,705
NVDG,389,0,0,0,0,0,389
NVDL,892,0,0,0,0,0,892
NVDQ,679,0,0,0,0,0,679
NVDS,998,0,0,0,0,0,998
NVDU,705,0,0,0,0,0,705
NVDW,346,0,0,0,0,0,346
NVDX,679,0,0,0,0,0,679
NVDY,790,0,0,0,0,0,790
NVEC,7831,0,0,0,0,0,7831
NVG,5991,0,0,0,0,0,5991
NVGS,4903,0,0,0,0,0,4903
NVII,278,0,0,0,0,0,278
NVIR,845,0,0,0,0,0,845
NVIT,157,0,0,0,0,0,157
NVMI,6597,0,0,0,0,0,6597
NVNI,1133,0,0,0,0,0,1133
NVNIW,83,0,0,0,1,1,82
NVNO,2035,0,0,0,0,0,2035
NVO,11387,0,0,0,0,0,11387
NVOH,374,0,0,0,0,0,374
NVOX,397,0,0,0,0,0,397
NVPS,12,0,0,0,0,0,12
NVR,10318,0,0,0,0,0,10318
NVRI,11670,0,0,0,0,0,11670
NVS,7460,0,0,0,0,0,7460
NVST,1708,0,0,0,0,0,1708
NVT,2061,0,0,0,0,0,2061
NVTC,3,0,1,0,0,1,2
NVTS,1181,0,0,0,0,0,1181
NVTX,207,0,0,0,0,0,207
NVVE,1552,0,0,0,0,0,1552
NVX,1109,0,0,0,0,0,1109
NVYY,288,0,0,0,0,0,288
NWAX,112,0,0,0,0,0,112
NWBI,7967,0,0,0,0,0,7967
NWE,4658,0,0,0,0,0,4658
NWFL,7129,0,0,0,0,0,7129
NWG,4707,0,0,0,0,0,4707
NWGL,706,0,0,0,0,0,706
NWL,11670,0,0,0,0,0,11670
NWN,13456,0,0,0,0,0,13456
NWPX,7698,0,0,0,0,0,7698
NWS,3281,0,0,0,0,0,3281
NWSA,3281,0,0,0,0,0,3281
NWTG,725,0,0,0,0,0,725
NX,11670,0,0,0,0,0,11670
NXB,160,0,0,0,0,0,160
NXDR,1168,0,0,0,0,0,1168
NXDT,5038,0,0,0,0,0,5038
NXE,3242,0,0,0,0,0,3242
NXG,3462,0,0,0,0,0,3462
NXGL,1137,0,0,0,0,0,1137
NXGLW,83,0,0,0,1,1,82
NXL,953,0,0,0,0,0,953
NXP,8634,0,0,0,0,0,8634
NXPG,24,0,0,0,0,0,24
NXPI,4002,0,0,0,0,0,4002
NXPL,6708,0,0,0,0,0,6708
NXPX,27,0,0,0,0,0,27
NXRT,2841,0,0,0,0,0,2841
NXST,5687,0,0,0,0,0,5687
NXT,853,0,0,0,0,0,853
NXTC,1799,0,0,0,0,0,1799
NXTE,944,0,0,0,0,0,944
NXTG,3866,0,0,0,0,0,3866
NXTI,557,0,0,0,0,0,557
NXTS,3933,0,0,0,0,0,3933
NXTT,995,0,0,0,0,0,995
NXUS,196,0,0,0,0,0,196
NXXT,1206,0,0,0,0,0,1206
NYAX,950,0,0,0,0,0,950
NYC,1477,0,0,0,0,0,1477
NYF,4712,0,0,0,0,0,4712
NYM,163,0,0,0,0,0,163
NYNY,42,0,0,0,0,0,42
NYSX,70,0,0,0,0,0,70
NYT,13406,0,0,0,0,0,13406
NYXH,1303,0,0,0,0,0,1303
NYYY,35,0,0,0,0,0,35
NZAC,2917,0,0,0,0,0,2917
NZF,6228,0,0,0,0,0,6228
O,7981,0,0,0,0,0,7981
OABI,1195,0,0,0,0,0,1195
OABIW,82,0,0,0,0,0,82
OACC,388,0,0,0,0,0,388
OACCU,424,0,0,0,0,0,424
OACCW,83,0,0,0,1,1,82
OACP,1069,0,0,0,0,0,1069
OAEM,954,0,0,0,0,0,954
OAIM,953,0,0,0,0,0,953
OAKG,141,0,0,0,0,0,141
OAKI,141,0,0,0,0,0,141
OAKM,397,0,0,0,0,0,397
OALC,1162,0,0,0,0,0,1162
OARK,904,0,0,0,0,0,904
OASC,515,0,0,0,0,0,515
OBA,223,0,0,0,0,0,223
OBAI,105,0,0,0,0,0,105
OBAWU,259,0,0,0,0,0,259
OBAWW,82,0,0,0,0,0,82
OBDC,1751,0,0,0,0,0,1751
OBE,5190,0,0,0,0,0,5190
OBIL,911,0,0,0,0,0,911
OBIO,1487,0,0,0,0,0,1487
OBK,2051,0,0,0,0,0,2051
OBND,1197,0,0,0,0,0,1197
OBOR,2213,0,0,0,0,0,2213
OBT,5716,0,0,0,0,0,5716
OBTC,1354,0,0,0,0,0,1354
OC,4948,0,0,0,0,0,4948
OCC,7613,0,0,0,0,0,7613
OCCI,1946,0,0,0,0,0,1946
OCCIM,439,0,0,0,0,0,439
OCCIN,1149,0,0,0,0,0,1149
OCDB,42,0,0,0,0,0,42
OCFC,7549,0,0,0,0,0,7549
OCG,1394,0,0,0,0,0,1394
OCGN,2913,0,0,0,0,0,2913
OCIO,2266,0,0,0,0,0,2266
OCS,1289,0,0,0,0,0,1289
OCSAW,82,0,0,0,0,0,82
OCSL,4544,0,0,0,0,0,4544
OCTB,182,0,0,0,0,0,182
OCTH,692,0,0,0,0,0,692
OCTJ,692,0,0,0,0,0,692
OCTM,427,0,0,0,0,0,427
OCTP,534,0,0,0,0,0,534
OCTT,1446,0,0,0,0,0,1446
OCTU,441,0,0,0,0,0,441
OCTV,31,0,0,0,0,0,31
OCTW,1446,0,0,0,0,0,1446
OCTZ,1446,0,0,0,0,0,1446
OCUL,3004,0,0,0,0,0,3004
ODC,11668,0,0,0,0,0,11668
ODD,744,0,0,0,0,0,744
ODDS,1062,0,0,0,0,0,1062
ODDZ,42,0,0,0,0,0,42
ODFL,8735,0,0,0,0,0,8735
ODHY,256,0,0,0,0,0,256
ODTE,65,0,0,0,0,0,65
ODTX,40,0,0,0,0,0,40
ODV,4584,0,0,0,0,0,4584
ODVWZ,83,0,0,0,1,1,82
ODYS,1378,0,0,0,0,0,1378
OEC,3004,0,0,0,0,0,3004
OEF,6458,0,0,0,0,0,6458
OEFA,2735,0,0,0,0,0,2735
OEI,176,0,0,0,0,0,176
OESX,4664,0,0,0,0,0,4664
OFAL,282,0,0,0,0,0,282
OFG,9894,0,0,0,0,0,9894
OFIX,8609,0,0,0,0,0,8609
OFLX,5265,0,0,0,0,0,5265
OFRM,103,0,0,0,0,0,103
OFS,3433,0,0,0,0,0,3433
OFSSH,1175,0,0,0,0,0,1175
OFSSO,239,0,0,0,0,0,239
OGC,4535,0,0,0,0,0,4535
OGCP,3204,0,0,0,0,0,3204
OGE,13456,0,0,0,0,0,13456
OGEN,5626,0,0,0,0,0,5626
OGI,1791,0,0,0,0,0,1791
OGIG,2032,0,0,0,0,0,2032
OGN,1291,0,0,0,0,0,1291
OGS,3135,0,0,0,0,0,3135
OGSP,560,0,0,0,0,0,560
OHAC,21,0,0,0,0,0,21
OHACU,31,0,0,0,0,0,31
OHI,8536,0,0,0,0,0,8536
OI,8702,0,0,0,0,0,8702
OIA,9519,0,0,0,0,0,9519
OIH,6377,0,0,0,0,0,6377
OII,12774,0,0,0,0,0,12774
OILD,1167,0,0,0,0,0,1167
OILK,2455,0,0,0,0,0,2455
OILT,635,0,0,0,0,0,635
OILU,1167,0,0,0,0,0,1167
OIM,83,0,0,0,0,0,83
OIMAU,119,0,0,0,0,0,119
OIO,1064,0,0,0,0,0,1064
OIS,6387,0,0,0,0,0,6387
OKE,11532,0,0,0,0,0,11532
OKLC,2,0,1,0,0,1,1
OKLL,260,0,0,0,0,0,260
OKLO,1254,0,0,0,0,0,1254
OKLS,151,0,0,0,0,0,151
OKTA,2323,0,0,0,0,0,2323
OKTG,158,0,0,0,0,0,158
OKUR,1317,0,0,0,0,0,1317
OKYO,1037,0,0,0,0,0,1037
OLB,3486,0,0,0,0,0,3486
OLED,7607,0,0,0,0,0,7607
OLLI,2759,0,0,0,0,0,2759
OLMA,1411,0,0,0,0,0,1411
OLN,13456,0,0,0,0,0,13456
OLOX,2271,0,0,0,0,0,2271
OLP,10885,0,0,0,0,0,10885
OLPX,1195,0,0,0,0,0,1195
OM,1458,0,0,0,0,0,1458
OMAB,4929,0,0,0,0,0,4929
OMAH,336,0,0,0,0,0,336
OMC,11670,0,0,0,0,0,11670
OMCL,6262,0,0,0,0,0,6262
OMDA,271,0,0,0,0,0,271
OMER,4210,0,0,0,0,0,4210
OMEX,6713,0,0,0,0,0,6713
OMF,3198,0,0,0,0,0,3198
OMFL,2172,0,0,0,0,0,2172
OMFS,2172,0,0,0,0,0,2172
OMH,825,0,0,0,0,0,825
OMSE,288,0,0,0,0,0,288
ON,6583,0,0,0,0,0,6583
ONB,10592,0,0,0,0,0,10592
ONBPO,1518,0,0,0,0,0,1518
ONBPP,1541,0,0,0,0,0,1541
ONC,2620,0,0,0,0,0,2620
ONCH,204,0,0,0,0,0,204
ONCHU,254,0,0,0,0,0,254
ONCHW,83,0,0,0,1,1,82
ONCO,1097,0,0,0,0,0,1097
ONCY,6226,0,0,0,0,0,6226
OND,1174,0,0,0,0,0,1174
ONDC,1,0,0,0,0,0,1
ONDG,120,0,0,0,0,0,120
ONDL,129,0,0,0,0,0,129
ONDS,1401,0,0,0,0,0,1401
ONDU,120,0,0,0,0,0,120
ONEG,378,0,0,0,0,0,378
ONEH,108,0,0,0,0,0,108
ONEO,2661,0,0,0,0,0,2661
ONEQ,5726,0,0,0,0,0,5726
ONEV,2661,0,0,0,0,0,2661
ONEW,1610,0,0,0,0,0,1610
ONEY,2661,0,0,0,0,0,2661
ONEZ,358,0,0,0,0,0,358
ONFO,967,0,0,0,0,0,967
ONFOW,83,0,0,0,1,1,82
ONG,24,0,0,0,0,0,24
ONIT,7491,0,0,0,0,0,7491
ONL,1157,0,0,0,0,0,1157
ONLN,1937,0,0,0,0,0,1937
ONMD,1263,0,0,0,0,0,1263
ONMDW,82,0,0,0,0,0,82
ONOF,1375,0,0,0,0,0,1375
ONON,1206,0,0,0,0,0,1206
ONT,1495,0,0,0,0,0,1495
ONTO,1680,0,0,0,0,0,1680
ONTX,9,0,0,0,0,0,9
ONX,27,0,0,0,0,0,27
OOMA,2757,0,0,0,0,0,2757
OOSP,561,0,0,0,0,0,561
OPAD,1396,0,0,0,0,0,1396
OPAL,1285,0,0,0,0,0,1285
OPBK,5260,0,0,0,0,0,5260
OPCH,7519,0,0,0,0,0,7519
OPEG,141,0,0,0,0,0,141
OPEN,1519,0,0,0,0,0,1519
OPENL,133,0,0,0,0,0,133
OPENW,133,0,0,0,0,0,133
OPENZ,133,0,0,0,0,0,133
OPER,2007,0,0,0,0,0,2007
OPEX,175,0,0,0,0,0,175
OPFI,1410,0,0,0,0,0,1410
OPHC,5796,0,0,0,0,0,5796
OPI,12,0,0,0,0,0,12
OPK,7717,0,0,0,0,0,7717
OPLN,4165,0,0,0,0,0,4165
OPP,2455,0,0,0,0,0,2455
OPPE,2852,0,0,0,0,0,2852
OPPJ,3274,0,0,0,0,0,3274
OPRA,1995,0,0,0,0,0,1995
OPRT,1702,0,0,0,0,0,1702
OPRX,4679,0,0,0,0,0,4679
OPTH,32,0,0,0,0,0,32
OPTT,4830,0,0,0,0,0,4830
OPTU,2271,0,0,0,0,0,2271
OPTX,1114,0,0,0,0,0,1114
OPTXW,83,0,0,0,1,1,82
OPTZ,552,0,0,0,0,0,552
OPXS,4069,0,0,0,0,0,4069
OPY,11024,0,0,0,0,0,11024
OR,2514,0,0,0,0,0,2514
ORA,5445,0,0,0,0,0,5445
ORAC,6,0,0,0,0,0,6
ORBS,1036,0,0,0,0,0,1036
ORBX,57,0,0,0,0,0,57
ORC,3367,0,0,0,0,0,3367
ORCL,10157,0,0,0,0,0,10157
ORCS,156,0,0,0,0,0,156
ORCU,156,0,0,0,0,0,156
ORCX,353,0,0,0,0,0,353
ORGO,2387,0,0,0,0,0,2387
ORI,11670,0,0,0,0,0,11670
ORIC,1557,0,0,0,0,0,1557
ORIO,2297,0,0,0,0,0,2297
ORIQ,207,0,0,0,0,0,207
ORIQU,254,0,0,0,0,0,254
ORIQW,82,0,0,0,0,0,82
ORKA,7271,0,0,0,0,0,7271
ORKT,488,0,0,0,0,0,488
ORLA,2357,0,0,0,0,0,2357
ORLG,118,0,0,0,0,0,118
ORLY,8357,0,0,0,0,0,8357
ORMP,4826,0,0,0,0,0,4826
ORN,4663,0,0,0,0,0,4663
ORO,179,0,0,0,0,0,179
ORR,369,0,0,0,0,0,369
ORRF,6828,0,0,0,0,0,6828
OSBC,8213,0,0,0,0,0,8213
OSCG,166,0,0,0,0,0,166
OSCR,1342,0,0,0,0,0,1342
OSCV,2002,0,0,0,0,0,2002
OSCX,195,0,0,0,0,0,195
OSEA,959,0,0,0,0,0,959
OSG,3315,0,0,0,0,0,3315
OSIS,7233,0,0,0,0,0,7233
OSK,10268,0,0,0,0,0,10268
OSPN,7074,0,0,0,0,0,7074
OSPRU,5,0,0,0,0,0,5
OSRH,826,0,0,0,0,0,826
OSRHW,82,0,0,0,0,0,82
OSS,2117,0,0,0,0,0,2117
OSSL,28,0,0,0,0,0,28
OST,1051,0,0,0,0,0,1051
OSTX,483,0,0,0,0,0,483
OSUR,9983,0,0,0,0,0,9983
OSW,2167,0,0,0,0,0,2167
OTAI,6,0,0,0,0,0,6
OTEX,7661,0,0,0,0,0,7661
OTF,267,0,0,0,0,0,267
OTGA,168,0,0,0,0,0,168
OTGAU,204,0,0,0,0,0,204
OTGAW,133,0,0,0,0,0,133
OTGL,246,0,0,0,0,0,246
OTIS,1582,0,0,0,0,0,1582
OTLK,2529,0,0,0,0,0,2529
OTLY,1287,0,0,0,0,0,1287
OTTR,13456,0,0,0,0,0,13456
OUNZ,3052,0,0,0,0,0,3052
OUSA,2761,0,0,0,0,0,2761
OUSM,2390,0,0,0,0,0,2390
OUST,1440,0,0,0,0,0,1440
OUT,3086,0,0,0,0,0,3086
OVB,1699,0,0,0,0,0,1699
OVBC,7968,0,0,0,0,0,7968
OVF,1699,0,0,0,0,0,1699
OVID,2304,0,0,0,0,0,2304
OVL,1699,0,0,0,0,0,1699
OVLH,1373,0,0,0,0,0,1373
OVLY,5716,0,0,0,0,0,5716
OVM,1699,0,0,0,0,0,1699
OVS,1699,0,0,0,0,0,1699
OVT,1373,0,0,0,0,0,1373
OVV,6101,0,0,0,0,0,6101
OWL,1395,0,0,0,0,0,1395
OWLS,180,0,0,0,0,0,180
OWLT,1421,0,0,0,0,0,1421
OWN,23,0,0,0,0,0,23
OWNB,332,0,0,0,0,0,332
OWNS,1241,0,0,0,0,0,1241
OXBR,3087,0,0,0,0,0,3087
OXBRW,83,0,0,0,1,1,82
OXLC,3886,0,0,0,0,0,3886
OXLCG,339,0,0,0,0,0,339
OXLCI,500,0,0,0,0,0,500
OXLCL,1331,0,0,0,0,0,1331
OXLCM,76,0,0,0,0,0,76
OXLCN,1020,0,0,0,0,0,1020
OXLCO,1230,0,0,0,0,0,1230
OXLCZ,1121,0,0,0,0,0,1121
OXM,11670,0,0,0,0,0,11670
OXSQ,5688,0,0,0,0,0,5688
OXSQG,1285,0,0,0,0,0,1285
OXSQH,226,0,0,0,0,0,226
OXY,11217,0,0,0,0,0,11217
OYSE,248,0,0,0,0,0,248
OYSER,248,0,0,0,0,0,248
OYSEU,281,0,0,0,0,0,281
OZ,1183,0,0,0,0,0,1183
OZEM,532,0,0,0,0,0,532
OZK,7287,0,0,0,0,0,7287
OZKAP,1174,0,0,0,0,0,1174
P,2702,0,0,0,0,0,2702
PAA,6948,0,0,0,0,0,6948
PAAA,739,0,0,0,0,0,739
PAAC,64,0,0,0,0,0,64
PAACU,99,0,0,0,0,0,99
PAAS,7818,0,0,0,0,0,7818
PAAU,80,0,0,0,0,0,80
PAB,1312,0,0,0,0,0,1312
PABD,616,0,0,0,0,0,616
PABU,1056,0,0,0,0,0,1056
PAC,5121,0,0,0,0,0,5121
PACB,3945,0,0,0,0,0,3945
PACH,223,0,0,0,0,0,223
PACHU,263,0,0,0,0,0,263
PACHW,82,0,0,0,0,0,82
PACK,2090,0,0,0,0,0,2090
PACS,560,0,0,0,0,0,560
PAG,7471,0,0,0,0,0,7471
PAGP,3198,0,0,0,0,0,3198
PAGS,2123,0,0,0,0,0,2123
PAHC,3076,0,0,0,0,0,3076
PAI,11670,0,0,0,0,0,11670
PAII,205,0,0,0,0,0,205
PAL,540,0,0,0,0,0,540
PALC,1514,0,0,0,0,0,1514
PALD,320,0,0,0,0,0,320
PALI,4847,0,0,0,0,0,4847
PALL,4147,0,0,0,0,0,4147
PALO,58,0,0,0,0,0,58
PALOU,95,0,0,0,0,0,95
PALU,320,0,0,0,0,0,320
PAM,4209,0,0,0,0,0,4209
PAMC,1514,0,0,0,0,0,1514
PAMT,10031,0,0,0,0,0,10031
PANG,324,0,0,0,0,0,324
PANL,3153,0,0,0,0,0,3153
PANW,3509,0,0,0,0,0,3509
PAPI,679,0,0,0,0,0,679
PAPL,670,0,0,0,0,0,670
PAPR,1826,0,0,0,0,0,1826
PAR,10983,0,0,0,0,0,10983
PARK,147,0,0,0,0,0,147
PARR,3477,0,0,0,0,0,3477
PASG,1596,0,0,0,0,0,1596
PASW,243,0,0,0,0,0,243
PATH,1308,0,0,0,0,0,1308
PATK,11670,0,0,0,0,0,11670
PATN,451,0,0,0,0,0,451
PATX,120,0,0,0,0,0,120
PAUG,1738,0,0,0,0,0,1738
PAVE,2345,0,0,0,0,0,2345
PAVM,2499,0,0,0,0,0,2499
PAVS,1681,0,0,0,0,0,1681
PAWZ,1921,0,0,0,0,0,1921
PAX,1369,0,0,0,0,0,1369
PAXS,1113,0,0,0,0,0,1113
PAY,1283,0,0,0,0,0,1283
PAYC,3074,0,0,0,0,0,3074
PAYH,129,0,0,0,0,0,129
PAYM,129,0,0,0,0,0,129
PAYO,1435,0,0,0,0,0,1435
PAYP,80,0,0,0,0,0,80
PAYR,186,0,0,0,0,0,186
PAYS,4713,0,0,0,0,0,4713
PAYX,10798,0,0,0,0,0,10798
PB,6952,0,0,0,0,0,6952
PBA,3960,0,0,0,0,0,3960
PBAP,568,0,0,0,0,0,568
PBAU,539,0,0,0,0,0,539
PBD,4796,0,0,0,0,0,4796
PBDC,943,0,0,0,0,0,943
PBDE,529,0,0,0,0,0,529
PBE,5291,0,0,0,0,0,5291
PBEU,149,0,0,0,0,0,149
PBF,3409,0,0,0,0,0,3409
PBFB,608,0,0,0,0,0,608
PBFR,515,0,0,0,0,0,515
PBFS,1751,0,0,0,0,0,1751
PBH,5383,0,0,0,0,0,5383
PBHC,7707,0,0,0,0,0,7707
PBI,13636,0,0,0,0,0,13636
PBJ,5291,0,0,0,0,0,5291
PBJA,624,0,0,0,0,0,624
PBJL,541,0,0,0,0,0,541
PBJN,524,0,0,0,0,0,524
PBK,563,0,0,0,0,0,563
PBL,885,0,0,0,0,0,885
PBLS,18,0,0,0,0,0,18
PBM,1145,0,0,0,0,0,1145
PBMR,588,0,0,0,0,0,588
PBMWW,83,0,0,0,1,1,82
PBMY,546,0,0,0,0,0,546
PBNV,301,0,0,0,0,0,301
PBOC,534,0,0,0,0,0,534
PBOG,149,0,0,0,0,0,149
PBOT,180,0,0,0,0,0,180
PBP,4659,0,0,0,0,0,4659
PBPH,149,0,0,0,0,0,149
PBQQ,373,0,0,0,0,0,373
PBR,6513,0,0,0,0,0,6513
PBRG,136,0,0,0,0,0,136
PBSC,10,0,0,0,0,0,10
PBSE,519,0,0,0,0,0,519
PBT,11515,0,0,0,0,0,11515
PBTP,2206,0,0,0,0,0,2206
PBUS,2206,0,0,0,0,0,2206
PBW,5369,0,0,0,0,0,5369
PBYI,3570,0,0,0,0,0,3570
PC,445,0,0,0,0,0,445
PCAP,248,0,0,0,0,0,248
PCAPU,282,0,0,0,0,0,282
PCAPW,83,0,0,0,1,1,82
PCAR,11670,0,0,0,0,0,11670
PCB,1985,0,0,0,0,0,1985
PCCE,578,0,0,0,0,0,578
PCEB,42,0,0,0,0,0,42
PCEF,4119,0,0,0,0,0,4119
PCF,9822,0,0,0,0,0,9822
PCFI,319,0,0,0,0,0,319
PCG,13636,0,0,0,0,0,13636
PCGG,714,0,0,0,0,0,714
PCHI,322,0,0,0,0,0,322
PCI,233,0,0,0,0,0,233
PCIG,578,0,0,0,0,0,578
PCL,231,0,0,0,0,0,231
PCLA,368,0,0,0,0,0,368
PCLC,34,0,0,0,0,0,34
PCLG,192,0,0,0,0,0,192
PCLN,180,0,0,0,0,0,180
PCLO,397,0,0,0,0,0,397
PCM,8269,0,0,0,0,0,8269
PCMM,397,0,0,0,0,0,397
PCN,6174,0,0,0,0,0,6174
PCOR,1287,0,0,0,0,0,1287
PCPI,64,0,0,0,0,0,64
PCPP,21,0,0,0,0,0,21
PCQ,6292,0,0,0,0,0,6292
PCR,197,0,0,0,0,0,197
PCRX,3877,0,0,0,0,0,3877
PCS,233,0,0,0,0,0,233
PCSA,3101,0,0,0,0,0,3101
PCSC,517,0,0,0,0,0,517
PCSG,34,0,0,0,0,0,34
PCT,1502,0,0,0,0,0,1502
PCTTU,1550,0,0,0,0,0,1550
PCTTW,82,0,0,0,0,0,82
PCTY,3093,0,0,0,0,0,3093
PCVX,1523,0,0,0,0,0,1523
PCY,4712,0,0,0,0,0,4712
PCYO,8111,0,0,0,0,0,8111
PD,1818,0,0,0,0,0,1818
PDBA,969,0,0,0,0,0,969
PDBC,2930,0,0,0,0,0,2930
PDC,740,0,0,0,0,0,740
PDCC,493,0,0,0,0,0,493
PDD,1996,0,0,0,0,0,1996
PDDL,246,0,0,0,0,0,246
PDEC,1656,0,0,0,0,0,1656
PDEX,10054,0,0,0,0,0,10054
PDFS,6269,0,0,0,0,0,6269
PDI,3547,0,0,0,0,0,3547
PDLB,2201,0,0,0,0,0,2201
PDM,4125,0,0,0,0,0,4125
PDN,4721,0,0,0,0,0,4721
PDO,1363,0,0,0,0,0,1363
PDP,4868,0,0,0,0,0,4868
PDPA,388,0,0,0,0,0,388
PDS,7454,0,0,0,0,0,7454
PDSB,2706,0,0,0,0,0,2706
PDT,9204,0,0,0,0,0,9204
PDX,1868,0,0,0,0,0,1868
PDYN,1198,0,0,0,0,0,1198
PDYNW,984,0,0,0,1,1,983
PEB,4167,0,0,0,0,0,4167
PEBK,10258,0,0,0,0,0,10258
PEBO,8407,0,0,0,0,0,8407
PECE,22,0,0,0,0,0,22
PECEU,30,0,0,0,0,0,30
PECO,1346,0,0,0,0,0,1346
PED,5831,0,0,0,0,0,5831
PEG,11722,0,0,0,0,0,11722
PEGA,7538,0,0,0,0,0,7538
PEJ,5291,0,0,0,0,0,5291
PEMX,777,0,0,0,0,0,777
PEN,2714,0,0,0,0,0,2714
PENG,2291,0,0,0,0,0,2291
PENN,8081,0,0,0,0,0,8081
PEO,11670,0,0,0,0,0,11670
PEP,13636,0,0,0,0,0,13636
PEPG,1044,0,0,0,0,0,1044
PEPS,303,0,0,0,0,0,303
PERF,922,0,0,0,0,0,922
PERI,5139,0,0,0,0,0,5139
PESI,8451,0,0,0,0,0,8451
PETS,6841,0,0,0,0,0,6841
PETZ,2208,0,0,0,0,0,2208
PEVC,356,0,0,0,0,0,356
PEW,622,0,0,0,0,0,622
PEX,3358,0,0,0,0,0,3358
PEXL,1937,0,0,0,0,0,1937
PEY,5426,0,0,0,0,0,5426
PEZ,4962,0,0,0,0,0,4962
PFAI,304,0,0,0,0,0,304
PFBC,6760,0,0,0,0,0,6760
PFD,8924,0,0,0,0,0,8924
PFDE,128,0,0,0,0,0,128
PFE,13636,0,0,0,0,0,13636
PFEB,1614,0,0,0,0,0,1614
PFF,4847,0,0,0,0,0,4847
PFFA,2045,0,0,0,0,0,2045
PFFD,2213,0,0,0,0,0,2213
PFFL,1953,0,0,0,0,0,1953
PFFR,2364,0,0,0,0,0,2364
PFFV,1514,0,0,0,0,0,1514
PFG,6214,0,0,0,0,0,6214
PFGC,2706,0,0,0,0,0,2706
PFH,1466,0,0,0,0,0,1466
PFI,4962,0,0,0,0,0,4962
PFIG,3722,0,0,0,0,0,3722
PFIS,6060,0,0,0,0,0,6060
PFIX,1294,0,0,0,0,0,1294
PFL,5750,0,0,0,0,0,5750
PFLA,23,0,0,0,0,0,23
PFLD,1663,0,0,0,0,0,1663
PFLT,3832,0,0,0,0,0,3832
PFM,5233,0,0,0,0,0,5233
PFN,5456,0,0,0,0,0,5456
PFO,8663,0,0,0,0,0,8663
PFOE,128,0,0,0,0,0,128
PFRL,1028,0,0,0,0,0,1028
PFS,5904,0,0,0,0,0,5904
PFSA,247,0,0,0,0,0,247
PFSI,3309,0,0,0,0,0,3309
PFX,3887,0,0,0,0,0,3887
PFXF,3510,0,0,0,0,0,3510
PFXNZ,1162,0,0,0,0,0,1162
PG,16235,0,0,0,0,0,16235
PGAC,361,0,0,0,0,0,361
PGACU,394,0,0,0,0,0,394
PGC,6840,0,0,0,0,0,6840
PGEN,3246,0,0,0,0,0,3246
PGF,4927,0,0,0,0,0,4927
PGHY,3279,0,0,0,0,0,3279
PGJ,5426,0,0,0,0,0,5426
PGNY,1681,0,0,0,0,0,1681
PGP,5310,0,0,0,0,0,5310
PGR,11670,0,0,0,0,0,11670
PGRI,175,0,0,0,0,0,175
PGRO,1283,0,0,0,0,0,1283
PGX,4636,0,0,0,0,0,4636
PGY,1308,0,0,0,0,0,1308
PGYWW,1009,0,0,0,1,1,1008
PGZ,3276,0,0,0,0,0,3276
PH,11670,0,0,0,0,0,11670
PHAR,1388,0,0,0,0,0,1388
PHAT,1681,0,0,0,0,0,1681
PHDG,3414,0,0,0,0,0,3414
PHEQ,679,0,0,0,0,0,679
PHG,11670,0,0,0,0,0,11670
PHGE,1839,0,0,0,0,0,1839
PHI,13406,0,0,0,0,0,13406
PHIN,758,0,0,0,0,0,758
PHIO,3558,0,0,0,0,0,3558
PHK,5836,0,0,0,0,0,5836
PHM,11670,0,0,0,0,0,11670
PHO,5176,0,0,0,0,0,5176
PHOE,300,0,0,0,0,0,300
PHR,1751,0,0,0,0,0,1751
PHUN,2433,0,0,0,0,0,2433
PHVS,1359,0,0,0,0,0,1359
PHYL,1952,0,0,0,0,0,1952
PHYS,4114,0,0,0,0,0,4114
PI,2503,0,0,0,0,0,2503
PICB,4047,0,0,0,0,0,4047
PICK,3626,0,0,0,0,0,3626
PICS,109,0,0,0,0,0,109
PID,5233,0,0,0,0,0,5233
PIE,4653,0,0,0,0,0,4653
PIEL,130,0,0,0,0,0,130
PIEQ,415,0,0,0,0,0,415
PIFI,1445,0,0,0,0,0,1445
PII,9774,0,0,0,0,0,9774
PIII,1319,0,0,0,0,0,1319
PIIIW,83,0,0,0,1,1,82
PILL,2169,0,0,0,0,0,2169
PIM,9625,0,0,0,0,0,9625
PINC,17,0,0,0,0,0,17
PINE,1661,0,0,0,0,0,1661
PINK,1189,0,0,0,0,0,1189
PINS,1813,0,0,0,0,0,1813
PIO,4796,0,0,0,0,0,4796
PIPE,343,0,0,0,0,0,343
PIPR,5662,0,0,0,0,0,5662
PIT,885,0,0,0,0,0,885
PIZ,4653,0,0,0,0,0,4653
PJAN,1886,0,0,0,0,0,1886
PJBF,637,0,0,0,0,0,637
PJFG,891,0,0,0,0,0,891
PJFM,637,0,0,0,0,0,637
PJFV,891,0,0,0,0,0,891
PJIO,637,0,0,0,0,0,637
PJP,5291,0,0,0,0,0,5291
PJT,2712,0,0,0,0,0,2712
PJUL,1986,0,0,0,0,0,1986
PJUN,1783,0,0,0,0,0,1783
PJUS,31,0,0,0,0,0,31
PK,2388,0,0,0,0,0,2388
PKB,5204,0,0,0,0,0,5204
PKBK,5796,0,0,0,0,0,5796
PKE,11670,0,0,0,0,0,11670
PKG,6648,0,0,0,0,0,6648
PKOH,13456,0,0,0,0,0,13456
PKW,4914,0,0,0,0,0,4914
PKX,7983,0,0,0,0,0,7983
PL,1305,0,0,0,0,0,1305
PLA,33,0,0,0,0,0,33
PLAB,9906,0,0,0,0,0,9906
PLAG,4228,0,0,0,0,0,4228
PLAY,2950,0,0,0,0,0,2950
PLBC,5928,0,0,0,0,0,5928
PLBL,228,0,0,0,0,0,228
PLBY,1468,0,0,0,0,0,1468
PLCE,7242,0,0,0,0,0,7242
PLD,7197,0,0,0,0,0,7197
PLG,5193,0,0,0,0,0,5193
PLGI,141,0,0,0,0,0,141
PLGO,757,0,0,0,0,0,757
PLMK,358,0,0,0,0,0,358
PLMKU,369,0,0,0,0,0,369
PLMKW,83,0,0,0,1,1,82
PLMR,1814,0,0,0,0,0,1814
PLNT,2744,0,0,0,0,0,2744
PLOW,4067,0,0,0,0,0,4067
PLPC,6839,0,0,0,0,0,6839
PLRX,1530,0,0,0,0,0,1530
PLRZ,421,0,0,0,0,0,421
PLSE,2547,0,0,0,0,0,2547
PLSM,115,0,0,0,0,0,115
PLTA,206,0,0,0,0,0,206
PLTD,390,0,0,0,0,0,390
PLTG,300,0,0,0,0,0,300
PLTK,1372,0,0,0,0,0,1372
PLTL,7,0,0,0,0,0,7
PLTM,2115,0,0,0,0,0,2115
PLTR,1447,0,0,0,0,0,1447
PLTS,199,0,0,0,0,0,199
PLTU,391,0,0,0,0,0,391
PLTW,346,0,0,0,0,0,346
PLTY,436,0,0,0,0,0,436
PLTZ,271,0,0,0,0,0,271
PLU,124,0,0,0,0,0,124
PLUG,6710,0,0,0,0,0,6710
PLUL,120,0,0,0,0,0,120
PLUN,12,0,0,0,0,0,12
PLUR,5791,0,0,0,0,0,5791
PLUS,7454,0,0,0,0,0,7454
PLUT,355,0,0,0,0,0,355
PLX,7078,0,0,0,0,0,7078
PLXS,10181,0,0,0,0,0,10181
PLYX,107,0,0,0,0,0,107
PLYY,197,0,0,0,0,0,197
PM,4605,0,0,0,0,0,4605
PMAP,317,0,0,0,0,0,317
PMAR,1595,0,0,0,0,0,1595
PMAU,233,0,0,0,0,0,233
PMAX,459,0,0,0,0,0,459
PMAY,1552,0,0,0,0,0,1552
PMBS,447,0,0,0,0,0,447
PMCB,3397,0,0,0,0,0,3397
PMDE,148,0,0,0,0,0,148
PMEC,687,0,0,0,0,0,687
PMFB,357,0,0,0,0,0,357
PMI,213,0,0,0,0,0,213
PMIO,386,0,0,0,0,0,386
PMJA,377,0,0,0,0,0,377
PMJL,255,0,0,0,0,0,255
PMJN,275,0,0,0,0,0,275
PML,6045,0,0,0,0,0,6045
PMM,9413,0,0,0,0,0,9413
PMMF,354,0,0,0,0,0,354
PMMR,338,0,0,0,0,0,338
PMMY,296,0,0,0,0,0,296
PMN,4902,0,0,0,0,0,4902
PMNV,168,0,0,0,0,0,168
PMO,8336,0,0,0,0,0,8336
PMOC,191,0,0,0,0,0,191
PMSE,212,0,0,0,0,0,212
PMT,4259,0,0,0,0,0,4259
PMTR,262,0,0,0,0,0,262
PMTRU,288,0,0,0,0,0,288
PMTRW,83,0,0,0,1,1,82
PMTS,2700,0,0,0,0,0,2700
PMTU,694,0,0,0,0,0,694
PMTV,348,0,0,0,0,0,348
PMTW,267,0,0,0,0,0,267
PMVP,1450,0,0,0,0,0,1450
PN,337,0,0,0,0,0,337
PNBK,8014,0,0,0,0,0,8014
PNC,12763,0,0,0,0,0,12763
PNFP,6505,0,0,0,0,0,6505
PNI,6045,0,0,0,0,0,6045
PNNT,4834,0,0,0,0,0,4834
PNOV,1676,0,0,0,0,0,1676
PNQI,4543,0,0,0,0,0,4543
PNR,13406,0,0,0,0,0,13406
PNRG,11670,0,0,0,0,0,11670
PNTG,1699,0,0,0,0,0,1699
PNW,13456,0,0,0,0,0,13456
POAS,160,0,0,0,0,0,160
POCI,8678,0,0,0,0,0,8678
POCT,1950,0,0,0,0,0,1950
PODC,708,0,0,0,0,0,708
PODD,4816,0,0,0,0,0,4816
POEL,45,0,0,0,0,0,45
POET,4535,0,0,0,0,0,4535
POLA,2406,0,0,0,0,0,2406
POLE,422,0,0,0,0,0,422
POLEU,457,0,0,0,0,0,457
POLEW,82,0,0,0,0,0,82
POM,186,0,0,0,0,0,186
PONO,43,0,0,0,0,0,43
PONOU,79,0,0,0,0,0,79
PONX,207,0,0,0,0,0,207
PONY,400,0,0,0,0,0,400
POOL,7731,0,0,0,0,0,7731
POR,5097,0,0,0,0,0,5097
POST,3630,0,0,0,0,0,3630
POW,172,0,0,0,0,0,172
POWA,4917,0,0,0,0,0,4917
POWI,7183,0,0,0,0,0,7183
POWL,11670,0,0,0,0,0,11670
POWR,3626,0,0,0,0,0,3626
POWW,2365,0,0,0,0,0,2365
POWWP,1286,0,0,0,0,0,1286
PPA,5204,0,0,0,0,0,5204
PPBT,2669,0,0,0,0,0,2669
PPC,9701,0,0,0,0,0,9701
PPCB,3394,0,0,0,0,0,3394
PPG,11670,0,0,0,0,0,11670
PPH,6646,0,0,0,0,0,6646
PPHC,110,0,0,0,0,0,110
PPI,1132,0,0,0,0,0,1132
PPIH,9204,0,0,0,0,0,9204
PPL,11670,0,0,0,0,0,11670
PPLC,92,0,0,0,0,0,92
PPLI,8423,0,0,0,0,0,8423
PPLT,4147,0,0,0,0,0,4147
PPSI,3313,0,0,0,0,0,3313
PPT,9666,0,0,0,0,0,9666
PPTA,1351,0,0,0,0,0,1351
PPTY,2080,0,0,0,0,0,2080
PQAP,340,0,0,0,0,0,340
PQDI,1520,0,0,0,0,0,1520
PQJA,377,0,0,0,0,0,377
PQJL,372,0,0,0,0,0,372
PQNT,180,0,0,0,0,0,180
PQOC,375,0,0,0,0,0,375
PQUS,90,0,0,0,0,0,90
PQV,4,0,0,0,0,0,4
PQX,4,0,0,0,0,0,4
PQXV,4,0,0,0,0,0,4
PQXX,4,0,0,0,0,0,4
PR,2570,0,0,0,0,0,2570
PRAA,5950,0,0,0,0,0,5950
PRAB,81,0,0,0,0,0,81
PRAE,637,0,0,0,0,0,637
PRAX,1435,0,0,0,0,0,1435
PRAY,1105,0,0,0,0,0,1105
PRCH,1628,0,0,0,0,0,1628
PRCS,390,0,0,0,0,0,390
PRCT,1206,0,0,0,0,0,1206
PRDO,7152,0,0,0,0,0,7152
PRE,1248,0,0,0,0,0,1248
PREF,2259,0,0,0,0,0,2259
PRENW,82,0,0,0,0,0,82
PRF,5166,0,0,0,0,0,5166
PRFD,868,0,0,0,0,0,868
PRFX,1467,0,0,0,0,0,1467
PRFZ,4978,0,0,0,0,0,4978
PRG,11003,0,0,0,0,0,11003
PRGO,8698,0,0,0,0,0,8698
PRGS,8796,0,0,0,0,0,8796
PRH,971,0,0,0,0,0,971
PRHI,2739,0,0,0,0,0,2739
PRHIZ,204,0,0,0,0,0,204
PRI,4090,0,0,0,0,0,4090
PRIM,4506,0,0,0,0,0,4506
PRIV,340,0,0,0,0,0,340
PRIZ,23,0,0,0,0,0,23
PRK,9025,0,0,0,0,0,9025
PRKS,3323,0,0,0,0,0,3323
PRLB,3611,0,0,0,0,0,3611
PRLD,1450,0,0,0,0,0,1450
PRM,1167,0,0,0,0,0,1167
PRMB,8573,0,0,0,0,0,8573
PRME,929,0,0,0,0,0,929
PRMR,143,0,0,0,0,0,143
PRN,4962,0,0,0,0,0,4962
PRNT,2504,0,0,0,0,0,2504
PROF,1679,0,0,0,0,0,1679
PROK,1259,0,0,0,0,0,1259
PROP,3365,0,0,0,0,0,3365
PROV,7552,0,0,0,0,0,7552
PRPL,2685,0,0,0,0,0,2685
PRPO,2265,0,0,0,0,0,2265
PRQR,2966,0,0,0,0,0,2966
PRS,1977,0,0,0,0,0,1977
PRSD,206,0,0,0,0,0,206
PRSO,6279,0,0,0,0,0,6279
PRSU,5545,0,0,0,0,0,5545
PRT,2055,0,0,0,0,0,2055
PRTA,3403,0,0,0,0,0,3403
PRTH,2407,0,0,0,0,0,2407
PRTO,71,0,0,0,0,0,71
PRTS,4881,0,0,0,0,0,4881
PRU,6178,0,0,0,0,0,6178
PRVA,1303,0,0,0,0,0,1303
PRVS,390,0,0,0,0,0,390
PRVT,768,0,0,0,1,1,767
PRXG,312,0,0,0,0,0,312
PRXI,9,0,0,0,0,0,9
PRXV,312,0,0,0,0,0,312
PRZO,738,0,0,0,0,0,738
PS,47,0,0,0,0,0,47
PSA,11499,0,0,0,0,0,11499
PSAI,41,0,0,0,0,0,41
PSBD,618,0,0,0,0,0,618
PSC,2459,0,0,0,0,0,2459
PSCC,4087,0,0,0,0,0,4087
PSCD,4087,0,0,0,0,0,4087
PSCE,4087,0,0,0,0,0,4087
PSCF,4087,0,0,0,0,0,4087
PSCH,4087,0,0,0,0,0,4087
PSCI,4087,0,0,0,0,0,4087
PSCJ,1258,0,0,0,0,0,1258
PSCM,4087,0,0,0,0,0,4087
PSCQ,1193,0,0,0,0,0,1193
PSCT,4087,0,0,0,0,0,4087
PSCU,4087,0,0,0,0,0,4087
PSCW,1321,0,0,0,0,0,1321
PSCX,1388,0,0,0,0,0,1388
PSDM,735,0,0,0,0,0,735
PSEC,5521,0,0,0,0,0,5521
PSEP,1719,0,0,0,0,0,1719
PSET,2587,0,0,0,0,0,2587
PSF,3924,0,0,0,0,0,3924
PSFD,1388,0,0,0,0,0,1388
PSFE,1440,0,0,0,0,0,1440
PSFF,1384,0,0,0,0,0,1384
PSFJ,1258,0,0,0,0,0,1258
PSFM,1321,0,0,0,0,0,1321
PSFO,1194,0,0,0,0,0,1194
PSH,637,0,0,0,0,0,637
PSHG,3899,0,0,0,0,0,3899
PSI,5291,0,0,0,0,0,5291
PSIG,492,0,0,0,0,0,492
PSIL,1205,0,0,0,0,0,1205
PSIX,3575,0,0,0,0,0,3575
PSK,4225,0,0,0,0,0,4225
PSKY,5177,0,0,0,0,0,5177
PSL,4962,0,0,0,0,0,4962
PSLV,3943,0,0,0,0,0,3943
PSMD,1388,0,0,0,0,0,1388
PSMJ,1257,0,0,0,0,0,1257
PSMO,1193,0,0,0,0,0,1193
PSMR,1321,0,0,0,0,0,1321
PSMT,7255,0,0,0,0,0,7255
PSN,1800,0,0,0,0,0,1800
PSNL,1770,0,0,0,0,0,1770
PSNY,1289,0,0,0,0,0,1289
PSNYW,184,0,0,0,0,0,184
PSO,7453,0,0,0,0,0,7453
PSP,4954,0,0,0,0,0,4954
PSQ,5041,0,0,0,0,0,5041
PSQA,454,0,0,0,0,0,454
PSQH,1255,0,0,0,0,0,1255
PSQO,454,0,0,0,0,0,454
PSR,4430,0,0,0,0,0,4430
PST,4558,0,0,0,0,0,4558
PSTL,1795,0,0,0,0,0,1795
PSTP,1086,0,0,0,0,0,1086
PSTR,547,0,0,0,0,0,547
PSTV,6283,0,0,0,0,0,6283
PSUS,47,0,0,0,0,0,47
PSWD,746,0,0,0,0,0,746
PSX,3578,0,0,0,0,0,3578
PTA,1427,0,0,0,0,0,1427
PTACU,35,0,0,0,0,0,35
PTBD,1683,0,0,0,0,0,1683
PTC,9209,0,0,0,0,0,9209
PTCT,3280,0,0,0,0,0,3280
PTEN,8223,0,0,0,0,0,8223
PTEU,2651,0,0,0,0,0,2651
PTF,4962,0,0,0,0,0,4962
PTGX,2488,0,0,0,0,0,2488
PTH,4962,0,0,0,0,0,4962
PTHS,597,0,0,0,0,0,597
PTIN,1802,0,0,0,0,0,1802
PTIR,460,0,0,0,0,0,460
PTL,571,0,0,0,0,0,571
PTLC,2782,0,0,0,0,0,2782
PTLE,430,0,0,0,0,0,430
PTLO,1180,0,0,0,0,0,1180
PTMC,2782,0,0,0,0,0,2782
PTN,7224,0,0,0,0,0,7224
PTNM,276,0,0,0,0,0,276
PTNQ,2782,0,0,0,0,0,2782
PTNT,42,0,0,0,0,0,42
PTON,1702,0,0,0,0,0,1702
PTOR,78,0,0,0,0,0,78
PTORU,113,0,0,0,0,0,113
PTRB,1147,0,0,0,0,0,1147
PTRN,199,0,0,0,0,0,199
PTY,5918,0,0,0,0,0,5918
PUBM,1398,0,0,0,0,0,1398
PUI,5204,0,0,0,0,0,5204
PUK,6542,0,0,0,0,0,6542
PUL,1,0,0,0,0,0,1
PULM,3091,0,0,0,0,0,3091
PULS,2071,0,0,0,0,0,2071
PUMP,2338,0,0,0,0,0,2338
PURR,147,0,0,0,0,0,147
PUSA,350,0,0,0,0,0,350
PUSH,506,0,0,0,0,0,506
PVAL,1283,0,0,0,0,0,1283
PVEX,256,0,0,0,0,0,256
PVH,11670,0,0,0,0,0,11670
PVI,4687,0,0,0,0,0,4687
PVL,3687,0,0,0,0,0,3687
PVLA,2893,0,0,0,0,0,2893
PW,13456,0,0,0,0,0,13456
PWB,5369,0,0,0,0,0,5369
PWER,651,0,0,0,0,0,651
PWP,1408,0,0,0,0,0,1408
PWR,7142,0,0,0,0,0,7142
PWRD,1108,0,0,0,0,0,1108
PWRL,28,0,0,0,0,0,28
PWS,2151,0,0,0,0,0,2151
PWV,5369,0,0,0,0,0,5369
PWZ,4707,0,0,0,0,0,4707
PXE,5204,0,0,0,0,0,5204
PXED,185,0,0,0,0,0,185
PXF,4788,0,0,0,0,0,4788
PXH,4721,0,0,0,0,0,4721
PXI,4962,0,0,0,0,0,4962
PXJ,5204,0,0,0,0,0,5204
PXLW,6570,0,0,0,0,0,6570
PXS,2681,0,0,0,0,0,2681
PY,2587,0,0,0,0,0,2587
PYLD,762,0,0,0,0,0,762
PYPD,1513,0,0,0,0,0,1513
PYPG,314,0,0,0,0,0,314
PYPL,2767,0,0,0,0,0,2767
PYPU,71,0,0,0,0,0,71
PYPY,696,0,0,0,0,0,696
PYT,5521,0,0,0,0,0,5521
PYXS,1189,0,0,0,0,0,1189
PYZ,4962,0,0,0,0,0,4962
PZA,4707,0,0,0,0,0,4707
PZG,2826,0,0,0,0,0,2826
PZIV,66,0,0,0,0,0,66
PZLV,66,0,0,0,0,0,66
PZT,4712,0,0,0,0,0,4712
PZZA,8326,0,0,0,0,0,8326
Q,173,0,0,0,0,0,173
QABA,4279,0,0,0,0,0,4279
QADR,32,0,0,0,0,0,32
QADRU,69,0,0,0,0,0,69
QAI,4347,0,0,0,0,0,4347
QALT,217,0,0,0,0,0,217
QARP,2074,0,0,0,0,0,2074
QAT,3063,0,0,0,0,0,3063
QB,258,0,0,0,0,0,258
QBER,504,0,0,0,0,0,504
QBF,354,0,0,0,0,0,354
QBIF,66,0,0,0,0,0,66
QBIG,395,0,0,0,0,0,395
QBIV,66,0,0,0,0,0,66
QBKF,66,0,0,0,0,0,66
QBKV,66,0,0,0,0,0,66
QBQF,66,0,0,0,0,0,66
QBQV,66,0,0,0,0,0,66
QBSF,255,0,0,0,0,0,255
QBSV,66,0,0,0,0,0,66
QBTS,1396,0,0,0,0,0,1396
QBTX,300,0,0,0,0,0,300
QBTZ,187,0,0,0,0,0,187
QBUF,505,0,0,0,0,0,505
QBUL,504,0,0,0,0,0,504
QBY,149,0,0,0,0,0,149
QCAP,553,0,0,0,0,0,553
QCJA,366,0,0,0,0,0,366
QCJL,491,0,0,0,0,0,491
QCLN,4878,0,0,0,0,0,4878
QCLR,1219,0,0,0,0,0,1219
QCLS,3131,0,0,0,0,0,3131
QCMD,259,0,0,0,0,0,259
QCML,315,0,0,0,0,0,315
QCMU,259,0,0,0,0,0,259
QCOC,427,0,0,0,0,0,427
QCOM,8700,0,0,0,0,0,8700
QCRH,8242,0,0,0,0,0,8242
QDEC,1390,0,0,0,0,0,1390
QDEF,3405,0,0,0,0,0,3405
QDEL,8919,0,0,0,0,0,8919
QDF,3405,0,0,0,0,0,3405
QDIV,2003,0,0,0,0,0,2003
QDPL,1241,0,0,0,0,0,1241
QDTE,584,0,0,0,0,0,584
QDTY,349,0,0,0,0,0,349
QDVO,468,0,0,0,0,0,468
QEFA,3039,0,0,0,0,0,3039
QEMM,3039,0,0,0,0,0,3039
QETA,650,0,0,0,0,0,650
QETAU,688,0,0,0,0,0,688
QETH,490,0,0,0,0,0,490
QEW,76,0,0,0,0,0,76
QFHD,119,0,0,0,0,0,119
QFIN,1898,0,0,0,0,0,1898
QFLR,613,0,0,0,0,0,613
QFRD,119,0,0,0,0,0,119
QGEN,7552,0,0,0,0,0,7552
QGRD,249,0,0,0,0,0,249
QGRO,1963,0,0,0,0,0,1963
QGRW,885,0,0,0,0,0,885
QH,1504,0,0,0,0,0,1504
QHDG,470,0,0,0,0,0,470
QHY,2562,0,0,0,0,0,2562
QID,5026,0,0,0,0,0,5026
QIDX,377,0,0,0,0,0,377
QIG,2562,0,0,0,0,0,2562
QINT,1959,0,0,0,0,0,1959
QIS,750,0,0,0,0,0,750
QJL,3,0,0,0,0,0,3
QJN,24,0,0,0,0,0,24
QJUN,1266,0,0,0,0,0,1266
QLC,2710,0,0,0,0,0,2710
QLD,5041,0,0,0,0,0,5041
QLDY,200,0,0,0,0,0,200
QLEP,10,0,0,0,0,0,10
QLTA,3616,0,0,0,0,0,3616
QLTI,421,0,0,0,0,0,421
QLTY,660,0,0,0,0,0,660
QLV,1753,0,0,0,0,0,1753
QLVD,1753,0,0,0,0,0,1753
QLVE,1753,0,0,0,0,0,1753
QLYS,3460,0,0,0,0,0,3460
QMAG,471,0,0,0,0,0,471
QMAR,1329,0,0,0,0,0,1329
QMCO,6773,0,0,0,0,0,6773
QMFE,343,0,0,0,0,0,343
QMID,613,0,0,0,0,0,613
QMMM,492,0,0,0,0,0,492
QMMY,533,0,0,0,0,0,533
QMNV,407,0,0,0,0,0,407
QMOM,2662,0,0,0,0,0,2662
QMY,37,0,0,0,0,0,37
QNC,92,0,0,0,0,0,92
QNCX,1799,0,0,0,0,0,1799
QNDX,9,0,0,0,0,0,9
QNRX,2496,0,0,0,0,0,2496
QNST,4124,0,0,0,0,0,4124
QNT,22,0,0,0,0,0,22
QNTM,2029,0,0,0,0,0,2029
QNTU,4,0,0,0,0,0,4
QNXT,424,0,0,0,0,0,424
QOWZ,646,0,0,0,0,0,646
QPUX,229,0,0,0,0,0,229
QPX,1385,0,0,0,0,0,1385
QQA,494,0,0,0,0,0,494
QQDN,267,0,0,0,0,0,267
QQEW,5076,0,0,0,0,0,5076
QQH,1692,0,0,0,0,0,1692
QQHG,292,0,0,0,0,0,292
QQJL,3,0,0,0,0,0,3
QQJN,24,0,0,0,0,0,24
QQLV,394,0,0,0,0,0,394
QQMG,1175,0,0,0,0,0,1175
QQMY,45,0,0,0,0,0,45
QQQ,6873,0,0,0,0,0,6873
QQQA,1287,0,0,0,0,0,1287
QQQD,583,0,0,0,0,0,583
QQQE,3593,0,0,0,0,0,3593
QQQG,469,0,0,0,0,0,469
QQQH,1642,0,0,0,0,0,1642
QQQI,610,0,0,0,0,0,610
QQQJ,1438,0,0,0,0,0,1438
QQQM,1438,0,0,0,0,0,1438
QQQP,441,0,0,0,0,0,441
QQQS,934,0,0,0,0,0,934
QQQT,511,0,0,0,0,0,511
QQQU,584,0,0,0,0,0,584
QQQX,4887,0,0,0,0,0,4887
QQQY,704,0,0,0,0,0,704
QQUP,267,0,0,0,0,0,267
QQWZ,291,0,0,0,0,0,291
QQXL,223,0,0,0,0,0,223
QQXT,4822,0,0,0,0,0,4822
QRED,41,0,0,0,0,0,41
QRFT,1791,0,0,0,0,0,1791
QRHC,4150,0,0,0,0,0,4150
QRMI,1219,0,0,0,0,0,1219
QRVO,2893,0,0,0,0,0,2893
QS,1478,0,0,0,0,0,1478
QSEA,289,0,0,0,0,0,289
QSEAU,326,0,0,0,0,0,326
QSI,1415,0,0,0,0,0,1415
QSIG,2562,0,0,0,0,0,2562
QSIX,446,0,0,0,0,0,446
QSML,613,0,0,0,0,0,613
QSOL,139,0,0,0,0,0,139
QSPT,1202,0,0,0,0,0,1202
QSR,2907,0,0,0,0,0,2907
QSU,177,0,0,0,0,0,177
QTAC,138,0,0,0,0,0,138
QTAP,1321,0,0,0,0,0,1321
QTEC,5076,0,0,0,0,0,5076
QTEX,1250,0,0,0,0,0,1250
QTEXW,1250,0,0,0,0,0,1250
QTI,1170,0,0,0,0,0,1170
QTJA,1130,0,0,0,0,0,1130
QTJL,1258,0,0,0,0,0,1258
QTOC,1194,0,0,0,0,0,1194
QTOP,424,0,0,0,0,0,424
QTPI,385,0,0,0,0,0,385
QTR,1219,0,0,0,0,0,1219
QTRX,2154,0,0,0,0,0,2154
QTTB,2079,0,0,0,0,0,2079
QTUM,1968,0,0,0,0,0,1968
QTUP,19,0,0,0,0,0,19
QTWO,3092,0,0,0,0,0,3092
QUAD,4025,0,0,0,0,0,4025
QUAL,3261,0,0,0,0,0,3261
QUBT,4887,0,0,0,0,0,4887
QUBX,260,0,0,0,0,0,260
QUCY,1169,0,0,0,0,0,1169
QUIK,6719,0,0,0,0,0,6719
QUIZ,221,0,0,0,0,0,221
QULL,1357,0,0,0,0,0,1357
QUMS,192,0,0,0,0,0,192
QUMSU,230,0,0,0,0,0,230
QURE,3122,0,0,0,0,0,3122
QUS,2822,0,0,0,0,0,2822
QUSA,293,0,0,0,0,0,293
QVAL,2942,0,0,0,0,0,2942
QVML,1259,0,0,0,0,0,1259
QVMM,1259,0,0,0,0,0,1259
QVMS,1259,0,0,0,0,0,1259
QVMT,2699,0,0,0,0,0,2699
QVOL,38,0,0,0,0,0,38
QVOY,896,0,0,0,0,0,896
QWLD,3039,0,0,0,0,0,3039
QXL,3463,0,0,0,0,0,3463
QXO,3575,0,0,0,0,0,3575
QXQ,515,0,0,0,0,0,515
QYLD,3158,0,0,0,0,0,3158
QYLG,1452,0,0,0,0,0,1452
R,11722,0,0,0,0,0,11722
RA,2409,0,0,0,0,0,2409
RAA,341,0,0,0,0,0,341
RAAA,250,0,0,0,0,0,250
RAAR,99,0,0,0,0,0,99
RAAX,2071,0,0,0,0,0,2071
RAAY,100,0,0,0,0,0,100
RAC,304,0,0,0,0,0,304
RACC,32,0,0,0,0,0,32
RACE,2691,0,0,0,0,0,2691
RACK,24,0,0,0,0,0,24
RADX,395,0,0,0,0,0,395
RAFE,1643,0,0,0,0,0,1643
RAIL,5346,0,0,0,0,0,5346
RAIN,377,0,0,0,0,0,377
RAINW,83,0,0,0,1,1,82
RAL,259,0,0,0,0,0,259
RAM,9,0,0,0,0,0,9
RAMP,10722,0,0,0,0,0,10722
RAND,11670,0,0,0,0,0,11670
RANG,370,0,0,0,0,0,370
RANGU,384,0,0,0,0,0,384
RANI,1238,0,0,0,0,0,1238
RANK,5,0,0,0,0,0,5
RAPP,520,0,0,0,0,0,520
RARE,3125,0,0,0,0,0,3125
RAUS,204,0,0,0,0,0,204
RAVE,8266,0,0,0,0,0,8266
RAVI,3451,0,0,0,0,0,3451
RAY,536,0,0,0,0,0,536
RAYA,891,0,0,0,0,0,891
RAYJ,565,0,0,0,0,0,565
RB,258,0,0,0,0,0,258
RBA,7125,0,0,0,0,0,7125
RBB,2248,0,0,0,0,0,2248
RBBN,6566,0,0,0,0,0,6566
RBC,5258,0,0,0,0,0,5258
RBCAA,7032,0,0,0,0,0,7032
RBIL,342,0,0,0,0,0,342
RBKB,1876,0,0,0,0,0,1876
RBLD,4455,0,0,0,0,0,4455
RBLU,337,0,0,0,0,0,337
RBLX,1337,0,0,0,0,0,1337
RBLY,236,0,0,0,0,0,236
RBNE,309,0,0,0,0,0,309
RBRK,550,0,0,0,0,0,550
RBUF,505,0,0,0,0,0,505
RC,3371,0,0,0,0,0,3371
RCAT,6154,0,9,0,0,9,6145
RCAX,106,0,0,0,0,0,106
RCD,385,0,0,0,0,0,385
RCEL,3556,0,0,0,0,0,3556
RCG,7594,0,0,0,0,0,7594
RCGE,340,0,0,0,0,0,340
RCI,7670,0,0,0,0,0,7670
RCKT,2862,0,0,0,0,0,2862
RCKTW,83,0,0,0,1,1,82
RCKY,8412,0,0,0,0,0,8412
RCL,8354,0,0,0,0,0,8354
RCLO,176,0,0,0,0,0,176
RCLR,100,0,0,0,0,0,100
RCLY,99,0,0,0,0,0,99
RCMT,10788,0,0,0,0,0,10788
RCON,4259,0,0,0,0,0,4259
RCS,8128,0,0,0,0,0,8128
RCT,324,0,0,0,0,0,324
RCTR,234,0,0,0,0,0,234
RCUS,2088,0,0,0,0,0,2088
RDAC,398,0,0,0,0,0,398
RDACU,433,0,0,0,0,0,433
RDAG,261,0,0,0,0,0,261
RDAGU,296,0,0,0,0,0,296
RDAGW,83,0,0,0,1,1,82
RDCM,7238,0,0,0,0,0,7238
RDDT,574,0,0,0,0,0,574
RDFI,1432,0,0,0,0,0,1432
RDGT,4215,0,0,0,0,0,4215
RDHL,3394,0,0,0,0,0,3394
RDI,10723,0,0,0,0,0,10723
RDIB,6663,0,0,0,0,0,6663
RDIV,3209,0,0,0,0,0,3209
RDN,8477,0,0,0,0,0,8477
RDNT,7422,0,0,0,0,0,7422
RDNW,2368,0,0,0,0,0,2368
RDOG,4558,0,0,0,0,0,4558
RDTE,456,0,0,0,0,0,456
RDTL,322,0,0,0,0,0,322
RDTY,335,0,0,0,0,0,335
RDVI,929,0,0,0,0,0,929
RDVT,2080,0,0,0,0,0,2080
RDVY,3142,0,0,0,0,0,3142
RDW,1374,0,0,0,0,0,1374
RDWR,6731,0,0,0,0,0,6731
RDWU,108,0,0,0,0,0,108
RDY,6345,0,0,0,0,0,6345
RDYY,207,0,0,0,0,0,207
RDZN,1122,0,0,0,0,0,1122
RDZNW,83,0,0,0,1,1,82
REA,43,0,0,0,0,0,43
REAI,768,0,0,0,0,0,768
REAL,1764,0,0,0,0,0,1764
REAX,1378,0,0,0,0,0,1378
REBN,977,0,0,0,0,0,977
RECS,1703,0,0,0,0,0,1703
RECT,511,0,0,0,0,0,511
REED,4908,0,0,0,0,0,4908
REET,3015,0,0,0,0,0,3015
REFA,141,0,0,0,0,0,141
REFI,1147,0,0,0,0,0,1147
REFR,10076,0,0,0,0,0,10076
REG,8225,0,0,0,0,0,8225
REGCO,720,0,0,0,0,0,720
REGCP,721,0,0,0,0,0,721
REGL,2870,0,0,0,0,0,2870
REGN,8879,0,0,0,0,0,8879
REGS,78,0,0,0,0,0,78
REI,4841,0,0,0,0,0,4841
REIT,1345,0,0,0,0,0,1345
REK,4100,0,0,0,0,0,4100
REKR,2224,0,0,0,0,0,2224
RELL,10754,0,0,0,0,0,10754
RELX,7989,0,0,0,0,0,7989
RELY,1200,0,0,0,0,0,1200
REM,4823,0,0,0,0,0,4823
REMC,140,0,0,0,0,0,140
REMG,276,0,0,0,0,0,276
REMX,3944,0,0,0,0,0,3944
RENT,1176,0,0,0,0,0,1176
RENX,701,0,0,0,0,0,701
REPL,2000,0,0,0,0,0,2000
REPX,6922,0,0,0,0,0,6922
RERE,1267,0,0,0,0,0,1267
RES,10599,0,0,0,0,0,10599
RESM,140,0,0,0,0,0,140
RETL,4019,0,0,0,0,0,4019
RETO,2160,0,0,0,0,0,2160
REVB,1413,0,0,0,0,0,1413
REVBW,83,0,0,0,1,1,82
REVS,1703,0,0,0,0,0,1703
REW,4886,0,0,0,0,0,4886
REX,10574,0,0,0,0,0,10574
REXC,57,0,0,0,0,0,57
REXR,3260,0,0,0,0,0,3260
REYN,1615,0,0,0,0,0,1615
REZ,4823,0,0,0,0,0,4823
REZI,1930,0,0,0,0,0,1930
RF,11670,0,0,0,0,0,11670
RFAI,502,0,0,0,0,0,502
RFAIU,534,0,0,0,0,0,534
RFAM,90,0,0,0,0,0,90
RFAMU,98,0,0,0,0,0,98
RFCI,2526,0,0,0,0,0,2526
RFDA,2455,0,0,0,0,0,2455
RFDI,2571,0,0,0,0,0,2571
RFEM,2528,0,0,0,0,0,2528
RFFC,2519,0,0,0,0,0,2519
RFG,5115,0,0,0,0,0,5115
RFI,8152,0,0,0,0,0,8152
RFIL,8116,0,0,0,0,0,8116
RFIX,392,0,0,0,0,0,392
RFL,2080,0,0,0,0,0,2080
RFLR,451,0,0,0,0,0,451
RFM,1576,0,0,0,0,0,1576
RFMZ,1347,0,0,0,0,0,1347
RFV,5115,0,0,0,0,0,5115
RGA,4480,0,0,0,0,0,4480
RGC,1248,0,0,0,0,0,1248
RGCO,8160,0,0,0,0,0,8160
RGEF,422,0,0,0,0,0,422
RGEN,10124,0,0,0,0,0,10124
RGLD,11360,0,0,0,0,0,11360
RGLO,276,0,0,0,0,0,276
RGNT,146,0,0,0,0,0,146
RGNX,2715,0,0,0,0,0,2715
RGP,6424,0,0,0,0,0,6424
RGR,13406,0,0,0,0,0,13406
RGS,8822,0,0,0,0,0,8822
RGT,3203,0,0,0,0,0,3203
RGTI,1307,0,0,0,0,0,1307
RGTIW,83,0,0,0,1,1,82
RGTU,260,0,0,0,0,0,260
RGTX,317,0,0,0,0,0,317
RGTZ,185,0,0,0,0,0,185
RGYY,152,0,0,0,0,0,152
RH,3437,0,0,0,0,0,3437
RHI,11670,0,0,0,0,0,11670
RHLD,343,0,0,0,0,0,343
RHP,8735,0,0,0,0,0,8735
RHRX,1167,0,0,0,0,0,1167
RHTX,1167,0,0,0,0,0,1167
RIBB,334,0,0,0,0,0,334
RIBBU,369,0,0,0,0,0,369
RICK,7731,0,0,0,0,0,7731
RIET,1201,0,0,0,0,0,1201
RIFR,287,0,0,0,0,0,287
RIG,8332,0,0,0,0,0,8332
RIGL,6436,0,0,0,0,0,6436
RIGS,3203,0,0,0,0,0,3203
RILA,377,0,0,0,0,0,377
RILY,4754,0,0,0,0,0,4754
RILYG,1149,0,0,0,0,0,1149
RILYL,1463,0,0,0,0,0,1463
RILYN,1704,0,0,0,0,0,1704
RILYP,1696,0,0,0,0,0,1696
RILYT,1367,0,0,0,0,0,1367
RILYZ,1232,0,0,0,0,0,1232
RIME,7963,0,0,0,0,0,7963
RINF,3640,0,0,0,0,0,3640
RING,3626,0,0,0,0,0,3626
RINT,287,0,0,0,0,0,287
RIO,9070,0,0,0,0,0,9070
RIOT,2581,0,0,0,0,0,2581
RIOX,376,0,0,0,0,0,376
RISE,51,0,0,0,0,0,51
RISN,1499,0,0,0,0,0,1499
RISR,1194,0,0,0,0,0,1194
RITA,1146,0,0,0,0,0,1146
RITM,3314,0,0,0,0,0,3314
RITR,467,0,0,0,0,0,467
RIV,2637,0,0,0,0,0,2637
RIVN,1166,0,0,0,0,0,1166
RIZE,31,0,0,0,0,0,31
RJDI,190,0,0,0,0,0,190
RJET,1985,0,0,0,0,0,1985
RJF,10837,0,0,0,0,0,10837
RJMI,190,0,0,0,0,0,190
RJVI,190,0,0,0,0,0,190
RKDA,2801,0,0,0,0,0,2801
RKLB,1408,0,0,0,0,0,1408
RKLX,330,0,0,0,0,0,330
RKLZ,157,0,0,0,0,0,157
RKNG,114,0,0,0,0,0,114
RKSG,63,0,0,0,0,0,63
RKT,1485,0,0,0,0,0,1485
RKTL,120,0,0,0,0,0,120
RKTO,1856,0,0,0,0,0,1856
RKX,5,0,0,0,0,0,5
RL,7311,0,0,0,0,0,7311
RLAY,1500,0,0,0,0,0,1500
RLGT,4948,0,0,0,0,0,4948
RLI,11670,0,0,0,0,0,11670
RLJ,3810,0,0,0,0,0,3810
RLMD,3028,0,0,0,0,0,3028
RLTY,1094,0,0,0,0,0,1094
RLX,1369,0,0,0,0,0,1369
RLY,3568,0,0,0,0,0,3568
RLYB,1239,0,0,0,0,0,1239
RM,3588,0,0,0,0,0,3588
RMAX,3208,0,0,0,0,0,3208
RMBC,9,0,0,0,0,0,9
RMBI,1762,0,0,0,0,0,1762
RMBS,7331,0,0,0,0,0,7331
RMBX,4,0,0,0,0,0,4
RMCA,475,0,0,0,0,0,475
RMCF,10177,0,0,0,0,0,10177
RMCO,1298,0,0,0,0,0,1298
RMCOW,82,0,0,0,0,0,82
RMD,7824,0,0,0,0,0,7824
RMHY,9,0,0,0,0,0,9
RMI,1931,0,0,0,0,0,1931
RMIF,770,0,0,0,0,0,770
RMIX,65,0,0,0,0,0,65
RMM,1745,0,0,0,0,0,1745
RMME,147,0,0,0,0,0,147
RMMZ,1102,0,0,0,0,0,1102
RMNI,2728,0,0,0,0,0,2728
RMNY,475,0,0,0,0,0,475
RMOP,475,0,0,0,0,0,475
RMR,2654,0,0,0,0,0,2654
RMRC,92,0,0,0,0,0,92
RMSG,1194,0,0,0,0,0,1194
RMSGW,83,0,0,0,1,1,82
RMT,8193,0,0,0,0,0,8193
RMTI,7154,0,0,0,0,0,7154
RNA,89,0,0,0,0,0,89
RNAC,2523,0,0,0,0,0,2523
RNAZ,1254,0,0,0,0,0,1254
RND,546,0,0,0,0,0,546
RNEM,2260,0,0,0,0,0,2260
RNG,3211,0,0,0,0,0,3211
RNGR,2236,0,0,0,0,0,2236
RNGT,153,0,0,0,0,0,153
RNGTU,189,0,0,0,0,0,189
RNGTW,133,0,0,0,0,0,133
RNIN,285,0,0,0,0,0,285
RNP,5794,0,0,0,0,0,5794
RNR,7786,0,0,0,0,0,7786
RNRG,2793,0,0,0,0,0,2793
RNST,8609,0,0,0,0,0,8609
RNTX,2266,0,0,0,0,0,2266
RNTY,305,0,0,0,0,0,305
RNW,1363,0,0,0,0,0,1363
RNWWW,1363,0,0,0,0,0,1363
RNWZ,894,0,0,0,0,0,894
RNXT,1219,0,0,0,0,0,1219
ROAD,2053,0,0,0,0,0,2053
ROAM,2855,0,0,0,0,0,2855
ROBN,358,0,0,0,0,0,358
ROBO,3194,0,0,0,0,0,3194
ROBT,2096,0,0,0,0,0,2096
ROC,93,0,0,0,0,0,93
ROCK,8220,0,0,0,0,0,8220
ROCQ,74,0,0,0,0,0,74
ROCY,75,0,0,0,0,0,75
RODM,2855,0,0,0,0,0,2855
ROE,735,0,0,0,0,0,735
ROG,11670,0,0,0,0,0,11670
ROIV,1399,0,0,0,0,0,1399
ROK,11217,0,0,0,0,0,11217
ROKT,1934,0,0,0,0,0,1934
ROKU,2203,0,0,0,0,0,2203
ROL,11670,0,0,0,0,0,11670
ROLR,425,0,0,0,0,0,425
ROM,4887,0,0,0,0,0,4887
ROMA,624,0,0,0,0,0,624
ROMO,1675,0,0,0,0,0,1675
RONB,139,0,0,0,0,0,139
ROOT,1427,0,0,0,0,0,1427
ROP,8658,0,0,0,0,0,8658
ROPE,386,0,0,0,0,0,386
ROSC,2838,0,0,0,0,0,2838
ROST,10305,0,0,0,0,0,10305
ROUS,2855,0,0,0,0,0,2855
RPAR,1647,0,0,0,0,0,1647
RPAY,2003,0,0,0,0,0,2003
RPC,1180,0,0,0,0,0,1180
RPD,2758,0,0,0,0,0,2758
RPG,5115,0,0,0,0,0,5115
RPGL,182,0,0,0,0,0,182
RPHS,1069,0,0,0,0,0,1069
RPID,1249,0,0,0,0,0,1249
RPM,11670,0,0,0,0,0,11670
RPRX,1521,0,0,0,0,0,1521
RPT,2864,0,0,0,0,0,2864
RPV,5115,0,0,0,0,0,5115
RQI,6129,0,0,0,0,0,6129
RR,658,0,0,0,0,0,658
RRBI,1803,0,0,0,0,0,1803
RRC,11604,0,0,0,0,0,11604
RREV,32,0,0,0,0,0,32
RREVU,46,0,0,0,0,0,46
RRGB,6029,0,0,0,0,0,6029
RRR,2562,0,0,0,0,0,2562
RRX,11670,0,0,0,0,0,11670
RS,8003,0,0,0,0,0,8003
RSBA,386,0,0,0,0,0,386
RSBT,854,0,0,0,0,0,854
RSBY,469,0,0,0,0,0,469
RSDE,383,0,0,0,0,0,383
RSEE,1117,0,0,0,0,0,1117
RSF,1775,0,0,0,0,0,1775
RSG,7046,0,0,0,0,0,7046
RSI,1556,0,0,0,0,0,1556
RSIT,42,0,0,0,0,0,42
RSJN,510,0,0,0,0,0,510
RSKD,1239,0,0,0,0,0,1239
RSMC,433,0,0,0,0,0,433
RSMR,323,0,0,0,0,0,323
RSMV,370,0,0,0,0,0,370
RSP,5832,0,0,0,0,0,5832
RSPA,494,0,0,0,0,0,494
RSPC,1923,0,0,0,0,0,1923
RSPD,4944,0,0,0,0,0,4944
RSPE,1161,0,0,0,0,0,1161
RSPF,4944,0,0,0,0,0,4944
RSPG,4944,0,0,0,0,0,4944
RSPH,4944,0,0,0,0,0,4944
RSPM,4944,0,0,0,0,0,4944
RSPN,4944,0,0,0,0,0,4944
RSPR,2738,0,0,0,0,0,2738
RSPS,4944,0,0,0,0,0,4944
RSPT,4944,0,0,0,0,0,4944
RSPU,4944,0,0,0,0,0,4944
RSSB,647,0,0,0,0,0,647
RSSE,447,0,0,0,0,0,447
RSSL,522,0,0,0,0,0,522
RSSS,3932,0,0,0,0,0,3932
RSST,710,0,0,0,0,0,710
RSSX,276,0,0,0,0,0,276
RSSY,527,0,0,0,0,0,527
RSVR,1381,0,0,0,0,0,1381
RSVRW,1368,0,0,0,0,0,1368
RTAC,270,0,0,0,0,0,270
RTACU,285,0,0,0,0,0,285
RTACW,270,0,0,0,0,0,270
RTAI,1432,0,0,0,0,0,1432
RTB,4089,0,0,0,0,0,4089
RTH,6320,0,0,0,0,0,6320
RTO,7453,0,0,0,0,0,7453
RTRE,524,0,0,0,0,0,524
RTX,16172,0,0,0,0,0,16172
RTXG,271,0,0,0,0,0,271
RTYY,148,0,0,0,0,0,148
RUBI,232,0,0,0,0,0,232
RULE,1170,0,0,0,0,0,1170
RUM,1313,0,0,0,0,0,1313
RUMBW,83,0,0,0,1,1,82
RUN,2745,0,0,0,0,0,2745
RUNN,771,0,0,0,0,0,771
RUSC,287,0,0,0,0,0,287
RUSHA,5722,0,0,0,0,0,5722
RUSHB,7567,0,0,0,0,0,7567
RVER,566,0,0,0,0,0,566
RVI,84,0,0,0,0,0,84
RVLV,1779,0,0,0,0,0,1779
RVMD,1606,0,0,0,0,0,1606
RVMDW,83,0,0,0,1,1,82
RVNL,303,0,0,0,0,0,303
RVNU,3292,0,0,0,0,0,3292
RVP,6329,0,0,0,0,0,6329
RVSB,8229,0,0,0,0,0,8229
RVSN,1069,0,0,0,0,0,1069
RVSNW,82,0,0,0,0,0,82
RVT,9981,0,0,0,0,0,9981
RVTY,13456,0,0,0,0,0,13456
RW,263,0,0,0,0,0,263
RWAY,1180,0,0,0,0,0,1180
RWAYI,105,0,0,0,0,0,105
RWAYL,986,0,0,0,0,0,986
RWEM,1141,0,0,0,0,0,1141
RWIN,62,0,0,0,0,0,62
RWJ,4621,0,0,0,0,0,4621
RWK,4611,0,0,0,0,0,4611
RWL,4611,0,0,0,0,0,4611
RWLC,1141,0,0,0,0,0,1141
RWM,4892,0,0,0,0,0,4892
RWO,4558,0,0,0,0,0,4558
RWR,6250,0,0,0,0,0,6250
RWT,7780,0,0,0,0,0,7780
RWTN,607,0,0,0,0,0,607
RWTO,509,0,0,0,0,0,509
RWTP,359,0,0,0,0,0,359
RWTQ,152,0,0,0,0,0,152
RWTS,26,0,0,0,0,0,26
RWX,4915,0,0,0,0,0,4915
RXD,4887,0,0,0,0,0,4887
RXI,4977,0,0,0,0,0,4977
RXL,4887,0,0,0,0,0,4887
RXO,924,0,0,0,0,0,924
RXRX,1311,0,0,0,0,0,1311
RXST,1238,0,0,0,0,0,1238
RXT,1486,0,0,0,0,0,1486
RY,7730,0,0,0,0,0,7730
RYAAY,7321,0,0,0,0,0,7321
RYAM,3032,0,0,0,0,0,3032
RYAN,1244,0,0,0,0,0,1244
RYDE,585,0,0,0,0,0,585
RYET,312,0,0,0,0,0,312
RYLD,1812,0,0,0,0,0,1812
RYLG,940,0,0,0,0,0,940
RYM,1365,0,0,0,0,0,1365
RYN,8148,0,0,0,0,0,8148
RYOJ,224,0,0,0,0,0,224
RYTM,2196,0,0,0,0,0,2196
RYZ,2994,0,0,0,0,0,2994
RZC,935,0,0,0,0,0,935
RZG,5115,0,0,0,0,0,5115
RZLT,3389,0,0,0,0,0,3389
RZLV,1166,0,0,0,0,0,1166
RZLVW,83,0,0,0,1,1,82
RZV,5115,0,0,0,0,0,5115
S,1259,0,0,0,0,0,1259
SA,5588,0,0,0,0,0,5588
SAA,4892,0,0,0,0,0,4892
SAAQ,74,0,0,0,0,0,74
SAAQU,110,0,0,0,0,0,110
SABA,9647,0,0,0,0,0,9647
SABR,3072,0,0,0,0,0,3072
SABS,1357,0,0,0,0,0,1357
SABSW,83,0,0,0,1,1,82
SAC,112,0,0,0,0,0,112
SACH,2362,0,0,0,0,0,2362
SAEF,1162,0,0,0,0,0,1162
SAFE,9224,0,1024,0,0,1024,8200
SAFT,5940,0,0,0,0,0,5940
SAFX,377,0,0,0,0,0,377
SAGP,1115,0,0,0,0,0,1115
SAGT,334,0,0,0,0,0,334
SAGU,30,0,0,0,0,0,30
SAH,7204,0,0,0,0,0,7204
SAIA,5992,0,0,0,0,0,5992
SAIC,3220,0,0,0,0,0,3220
SAIH,1261,0,0,0,0,0,1261
SAIHW,82,0,0,0,0,0,82
SAIL,349,0,0,0,0,0,349
SAJ,919,0,0,0,0,0,919
SAM,7704,0,0,0,0,0,7704
SAMG,3275,0,0,0,0,0,3275
SAMM,565,0,0,0,0,0,565
SAMT,1115,0,0,0,0,0,1115
SAN,9807,0,0,0,0,0,9807
SANA,1360,0,0,0,0,0,1360
SANG,4118,0,0,0,0,0,4118
SANM,8364,0,0,0,0,0,8364
SAP,7750,0,0,0,0,0,7750
SAPH,374,0,0,0,0,0,374
SAR,4850,0,0,0,0,0,4850
SARK,1167,0,0,0,0,0,1167
SARO,440,0,0,0,0,0,440
SASS,86,0,0,0,0,0,86
SAT,1047,0,0,0,0,0,1047
SATA,165,0,0,0,0,0,165
SATL,1325,0,0,0,0,0,1325
SATLW,83,0,0,0,1,1,82
SATO,1190,0,0,0,0,0,1190
SAUG,721,0,0,0,0,0,721
SAV,100,0,0,0,0,0,100
SAWG,484,0,0,0,0,0,484
SAWS,484,0,0,0,0,0,484
SAY,889,0,0,0,0,0,889
SAZ,803,0,0,0,0,0,803
SB,4553,0,0,0,0,0,4553
SBAC,6805,0,0,0,0,0,6805
SBAR,307,0,0,0,0,0,307
SBB,4892,0,0,0,0,0,4892
SBC,947,0,0,0,0,0,947
SBCF,10688,0,0,0,0,0,10688
SBCWW,82,0,0,0,0,0,82
SBET,7326,0,0,0,0,0,7326
SBEV,1864,0,0,0,0,0,1864
SBFG,6918,0,0,0,0,0,6918
SBFM,1100,0,0,0,0,0,1100
SBFMW,82,0,0,0,0,0,82
SBGI,7821,0,0,0,0,0,7821
SBH,4936,0,0,0,0,0,4936
SBI,8664,0,0,0,0,0,8664
SBIL,246,0,0,0,0,0,246
SBIO,2894,0,0,0,0,0,2894
SBIT,567,0,0,0,0,0,567
SBLK,4676,0,0,0,0,0,4676
SBMT,46,0,0,0,0,0,46
SBND,1199,0,0,0,0,0,1199
SBR,10963,0,0,0,0,0,10963
SBRA,6105,0,0,0,0,0,6105
SBS,6077,0,0,0,0,0,6077
SBSI,7080,0,0,0,0,0,7080
SBSW,3370,0,0,0,0,0,3370
SBTU,177,0,0,0,0,0,177
SBU,158,0,0,0,0,0,158
SBUX,8565,0,0,0,0,0,8565
SBXD,437,0,0,0,0,0,437
SBXE,113,0,0,0,0,0,113
SCA,28,0,0,0,0,0,28
SCAG,257,0,0,0,0,0,257
SCAGW,82,0,0,0,0,0,82
SCAP,642,0,0,0,0,0,642
SCC,4886,0,0,0,0,0,4886
SCCD,1137,0,0,0,0,0,1137
SCCE,1084,0,0,0,0,0,1084
SCCF,1040,0,0,0,0,0,1040
SCCG,968,0,0,0,0,0,968
SCCO,7674,0,0,0,0,0,7674
SCCR,355,0,0,0,0,0,355
SCD,5626,0,0,0,0,0,5626
SCDL,1357,0,0,0,0,0,1357
SCDS,386,0,0,0,0,0,386
SCDV,390,0,0,0,0,0,390
SCEC,329,0,0,0,0,0,329
SCEP,141,0,0,0,0,0,141
SCHA,4192,0,0,0,0,0,4192
SCHB,4192,0,0,0,0,0,4192
SCHC,4143,0,0,0,0,0,4143
SCHD,3697,0,0,0,0,0,3697
SCHE,4143,0,0,0,0,0,4143
SCHF,4192,0,0,0,0,0,4192
SCHG,4151,0,0,0,0,0,4151
SCHH,3891,0,0,0,0,0,3891
SCHI,1691,0,0,0,0,0,1691
SCHJ,1691,0,0,0,0,0,1691
SCHK,2193,0,0,0,0,0,2193
SCHL,8651,0,0,0,0,0,8651
SCHM,3891,0,0,0,0,0,3891
SCHO,4003,0,0,0,0,0,4003
SCHP,4003,0,0,0,0,0,4003
SCHQ,1691,0,0,0,0,0,1691
SCHR,4003,0,0,0,0,0,4003
SCHV,4163,0,0,0,0,0,4163
SCHW,9770,0,0,0,0,0,9770
SCHX,4192,0,0,0,0,0,4192
SCHY,1302,0,0,0,0,0,1302
SCHZ,3766,0,0,0,0,0,3766
SCI,11670,0,0,0,0,0,11670
SCII,116,0,0,0,0,0,116
SCIIU,151,0,0,0,0,0,151
SCIO,589,0,0,0,0,0,589
SCJ,4659,0,0,0,0,0,4659
SCJL,3,0,0,0,0,0,3
SCJN,24,0,0,0,0,0,24
SCKT,6841,0,0,0,0,0,6841
SCL,13456,0,0,0,0,0,13456
SCLX,1340,0,0,0,0,0,1340
SCLXW,83,0,0,0,1,1,82
SCLZ,591,0,0,0,0,0,591
SCM,3433,0,0,0,0,0,3433
SCMB,935,0,0,0,0,0,935
SCMC,141,0,0,0,0,0,141
SCMY,40,0,0,0,0,0,40
SCNI,2805,0,0,0,0,0,2805
SCNM,141,0,0,0,0,0,141
SCNX,3121,0,0,0,0,0,3121
SCO,4428,0,0,0,0,0,4428
SCOP,479,0,0,0,0,0,479
SCOR,4786,0,0,0,0,0,4786
SCOW,214,0,0,0,0,0,214
SCPQ,99,0,0,0,0,0,99
SCPQU,133,0,0,0,0,0,133
SCSB,68,0,0,0,0,0,68
SCSC,8128,0,0,0,0,0,8128
SCUB,68,0,0,0,0,0,68
SCUS,475,0,0,0,0,0,475
SCWO,7581,0,0,0,0,0,7581
SCYB,750,0,0,0,0,0,750
SCYX,3062,0,0,0,0,0,3062
SCZ,4669,0,0,0,0,0,4669
SCZM,3458,0,0,0,0,0,3458
SD,2451,0,0,0,0,0,2451
SDA,1311,0,0,0,0,0,1311
SDAWW,83,0,0,0,1,1,82
SDCI,2053,0,0,0,0,0,2053
SDCP,301,0,0,0,0,0,301
SDD,4892,0,0,0,0,0,4892
SDEM,2843,0,0,0,0,0,2843
SDEV,4701,0,0,0,0,0,4701
SDFI,518,0,0,0,0,0,518
SDG,2565,0,0,0,0,0,2565
SDGR,1611,0,0,0,0,0,1611
SDHC,622,0,0,0,0,0,622
SDHI,273,0,0,0,0,0,273
SDHIU,317,0,0,0,0,0,317
SDHY,1407,0,0,0,0,0,1407
SDIV,3790,0,0,0,0,0,3790
SDMF,95,0,0,0,0,0,95
SDOG,3513,0,0,0,0,0,3513
SDOT,1606,0,0,0,0,0,1606
SDOW,4124,0,0,0,0,0,4124
SDP,4859,0,0,0,0,0,4859
SDRL,933,0,0,0,0,0,933
SDS,5026,0,0,0,0,0,5026
SDSI,934,0,0,0,0,0,934
SDST,1340,0,0,0,0,0,1340
SDSTW,83,0,0,0,1,1,82
SDTY,354,0,0,0,0,0,354
SDVD,728,0,0,0,0,0,728
SDVY,2177,0,0,0,0,0,2177
SDY,5190,0,0,0,0,0,5190
SE,2187,0,0,0,0,0,2187
SEA,1118,0,0,0,0,0,1118
SEAT,1181,0,0,0,0,0,1181
SEATW,1382,0,0,0,0,0,1382
SEB,13455,0,0,0,0,0,13455
SECR,499,0,0,0,0,0,499
SECT,2219,0,0,0,0,0,2219
SECU,111,0,0,0,0,0,111
SECZ,3,0,0,0,0,0,3
SEDG,2836,0,0,0,0,0,2836
SEED,5603,0,0,0,0,0,5603
SEEM,434,0,0,0,0,0,434
SEER,1401,0,0,0,0,0,1401
SEF,4544,0,0,0,0,0,4544
SEG,485,0,0,0,0,0,485
SEGG,766,0,0,0,0,0,766
SEI,2299,0,0,0,0,0,2299
SEIC,11412,0,0,0,0,0,11412
SEIE,434,0,0,0,0,0,434
SEIM,1036,0,0,0,0,0,1036
SEIQ,1035,0,0,0,0,0,1035
SEIS,434,0,0,0,0,0,434
SEIV,1036,0,0,0,0,0,1036
SEIX,1809,0,0,0,0,0,1809
SELF,7397,0,0,0,0,0,7397
SELV,1036,0,0,0,0,0,1036
SEMG,287,0,0,0,0,0,287
SEMI,1070,0,0,0,0,0,1070
SEMY,157,0,0,0,0,0,157
SENEA,7066,0,0,0,0,0,7066
SENEB,11670,0,0,0,0,0,11670
SENS,2648,0,0,0,0,0,2648
SEPI,208,0,0,0,0,0,208
SEPM,447,0,0,0,0,0,447
SEPN,423,0,0,0,0,0,423
SEPP,536,0,0,0,0,0,536
SEPT,712,0,0,0,0,0,712
SEPU,461,0,0,0,0,0,461
SEPW,712,0,0,0,0,0,712
SEPZ,1467,0,0,0,0,0,1467
SER,1908,0,0,0,0,0,1908
SERA,1249,0,0,0,0,0,1249
SERV,583,0,0,0,0,0,583
SES,1344,0,0,0,0,0,1344
SETH,669,0,0,0,0,0,669
SETM,858,0,0,0,0,0,858
SEV,180,0,0,0,0,0,180
SEVN,5058,0,0,0,0,0,5058
SEZL,705,0,0,0,0,0,705
SF,10826,0,0,0,0,0,10826
SFB,110,0,0,0,0,0,110
SFBC,4651,0,0,0,0,0,4651
SFBS,3054,0,0,0,0,0,3054
SFD,361,0,0,0,0,0,361
SFEB,596,0,0,0,0,0,596
SFGV,618,0,0,0,0,0,618
SFHG,431,0,0,0,0,0,431
SFIX,2167,0,0,0,0,0,2167
SFL,5548,0,0,0,0,0,5548
SFLO,635,0,0,0,0,0,635
SFLR,915,0,0,0,0,0,915
SFM,3251,0,0,0,0,0,3251
SFNC,10407,0,0,0,0,0,10407
SFST,6711,0,0,0,0,0,6711
SFTX,146,0,0,0,0,0,146
SFTY,258,0,0,0,0,0,258
SFWL,818,0,0,0,0,0,818
SFY,1818,0,0,0,0,0,1818
SFYF,1800,0,0,0,0,0,1800
SG,1160,0,0,0,0,0,1160
SGA,8394,0,0,0,0,0,8394
SGC,13456,0,0,0,0,0,13456
SGDJ,2833,0,0,0,0,0,2833
SGDM,3012,0,0,0,0,0,3012
SGHC,1409,0,0,0,0,0,1409
SGHT,1249,0,0,0,0,0,1249
SGI,5671,0,0,0,0,0,5671
SGLC,818,0,0,0,0,0,818
SGLY,4559,0,0,0,0,0,4559
SGML,2012,0,0,0,0,0,2012
SGMT,747,0,0,0,0,0,747
SGOL,4231,0,0,0,0,0,4231
SGOV,1532,0,0,0,0,0,1532
SGP,103,0,0,0,0,0,103
SGRP,7635,0,0,0,0,0,7635
SGRT,220,0,0,0,0,0,220
SGRW,118,0,0,0,0,0,118
SGRY,2706,0,0,0,0,0,2706
SGU,7687,0,0,0,0,0,7687
SGVA,17,0,0,0,0,0,17
SGVT,267,0,0,0,0,0,267
SH,5041,0,0,0,0,0,5041
SHAG,2294,0,0,0,0,0,2294
SHAK,2874,0,0,0,0,0,2874
SHAZ,96,0,0,0,0,0,96
SHBI,6347,0,0,0,0,0,6347
SHC,1410,0,0,0,0,0,1410
SHDG,926,0,0,0,0,0,926
SHE,2597,0,0,0,0,0,2597
SHEH,437,0,0,0,0,0,437
SHEL,10662,0,0,0,0,0,10662
SHEN,6841,0,0,0,0,0,6841
SHFS,1223,0,0,0,0,0,1223
SHFSW,82,0,0,0,0,0,82
SHG,5736,0,0,0,0,0,5736
SHIM,661,0,0,0,0,0,661
SHIP,4637,0,0,0,0,0,4637
SHLD,704,0,0,0,0,0,704
SHLS,1365,0,0,0,0,0,1365
SHM,4707,0,0,0,0,0,4707
SHMD,546,0,0,0,0,0,546
SHMDW,83,0,0,0,1,1,82
SHNY,845,0,0,0,0,0,845
SHO,5460,0,0,0,0,0,5460
SHOC,939,0,0,0,0,0,939
SHOE,8384,0,0,0,0,0,8384
SHOO,8195,0,0,0,0,0,8195
SHOP,2798,0,0,0,0,0,2798
SHOTU,18,0,0,0,0,0,18
SHPH,964,0,0,0,0,0,964
SHPP,1020,0,0,0,0,0,1020
SHPU,230,0,0,0,0,0,230
SHRD,16,0,0,0,0,0,16
SHRT,667,0,0,0,0,0,667
SHRY,2271,0,0,0,0,0,2271
SHUS,1265,0,0,0,0,0,1265
SHV,4901,0,0,0,0,0,4901
SHW,11670,0,0,0,0,0,11670
SHY,6022,0,0,0,0,0,6022
SHYD,3137,0,0,0,0,0,3137
SHYG,3197,0,0,0,0,0,3197
SHYL,2132,0,0,0,0,0,2132
SHYM,1330,0,0,0,0,0,1330
SI,234,0,0,0,0,0,234
SIBN,1938,0,0,0,0,0,1938
SID,7453,0,0,0,0,0,7453
SIDU,1143,0,0,0,0,0,1143
SIEB,11669,0,0,0,0,0,11669
SIF,13456,0,0,0,0,0,13456
SIFI,1205,0,0,0,0,0,1205
SIFY,6718,0,0,0,0,0,6718
SIG,9565,0,0,0,0,0,9565
SIGA,7249,0,0,0,0,0,7249
SIGI,11670,0,0,0,0,0,11670
SIGIP,1402,0,0,0,0,0,1402
SIHY,1205,0,0,0,0,0,1205
SII,4118,0,0,0,0,0,4118
SIJ,4887,0,0,0,0,0,4887
SIL,4078,0,0,0,0,0,4078
SILC,8147,0,0,0,0,0,8147
SILJ,3419,0,0,0,0,0,3419
SILO,1378,0,0,0,0,0,1378
SIM,8309,0,0,0,0,0,8309
SIMA,462,0,0,0,0,0,462
SIMAU,499,0,0,0,0,0,499
SIMAW,82,0,0,0,0,0,82
SIMO,5286,0,0,0,0,0,5286
SIMS,2141,0,0,0,0,0,2141
SIMX,9,0,0,0,0,0,9
SIND,7,0,0,0,0,0,7
SINT,3116,0,0,0,0,0,3116
SIO,973,0,0,0,0,0,973
SION,353,0,0,0,0,0,353
SIOO,141,0,0,0,0,0,141
SIRI,8006,0,0,0,0,0,8006
SITC,8413,0,0,0,0,0,8413
SITE,2551,0,0,0,0,0,2551
SITM,1663,0,0,0,0,0,1663
SIVR,4263,0,0,0,0,0,4263
SIXA,1546,0,0,0,0,0,1546
SIXD,524,0,0,0,0,0,524
SIXF,608,0,0,0,0,0,608
SIXH,1546,0,0,0,0,0,1546
SIXJ,1130,0,0,0,0,0,1130
SIXL,1546,0,0,0,0,0,1546
SIXO,1194,0,0,0,0,0,1194
SIXP,588,0,0,0,0,0,588
SIXS,1546,0,0,0,0,0,1546
SIXZ,546,0,0,0,0,0,546
SIZE,3324,0,0,0,0,0,3324
SJ,1843,0,0,0,0,0,1843
SJB,3845,0,0,0,0,0,3845
SJCP,456,0,0,0,0,0,456
SJLD,301,0,0,0,0,0,301
SJM,7972,0,0,0,0,0,7972
SJNK,3581,0,0,0,0,0,3581
SJT,11515,0,0,0,0,0,11515
SKE,6143,0,0,0,0,0,6143
SKF,4887,0,0,0,0,0,4887
SKIL,1745,0,0,0,0,0,1745
SKIN,1408,0,0,0,0,0,1408
SKK,436,0,0,0,0,0,436
SKM,7553,0,0,0,0,0,7553
SKOR,2926,0,0,0,0,0,2926
SKRE,627,0,0,0,0,0,627
SKT,8332,0,0,0,0,0,8332
SKWD,871,0,0,0,0,0,871
SKY,13406,0,0,0,0,0,13406
SKYA,1059,0,0,0,0,0,1059
SKYE,2891,0,0,0,0,0,2891
SKYH,1399,0,0,0,0,0,1399
SKYQ,434,0,0,0,0,0,434
SKYT,1308,0,0,0,0,0,1308
SKYU,1370,0,0,0,0,0,1370
SKYW,10083,0,0,0,0,0,10083
SKYX,1103,0,0,0,0,0,1103
SKYY,3772,0,0,0,0,0,3772
SLAB,6609,0,0,0,0,0,6609
SLAI,3170,0,0,0,0,0,3170
SLB,11217,0,0,0,0,0,11217
SLBT,355,0,0,0,0,0,355
SLDB,2121,0,0,0,0,0,2121
SLDE,263,0,0,0,0,0,263
SLDP,1289,0,0,0,0,0,1289
SLDPW,83,0,0,0,1,1,82
SLDR,428,0,0,0,0,0,428
SLE,1850,0,0,0,0,0,1850
SLF,6610,0,0,0,0,0,6610
SLG,7266,0,0,0,0,0,7266
SLGB,181,0,0,0,0,0,181
SLGL,2117,0,0,0,0,0,2117
SLGN,7392,0,0,0,0,0,7392
SLI,2095,0,0,0,0,0,2095
SLJY,221,0,0,0,0,0,221
SLM,10779,0,0,0,0,0,10779
SLMBP,5280,0,0,0,0,0,5280
SLMT,862,0,0,0,0,0,862
SLN,1463,0,0,0,0,0,1463
SLND,1136,0,0,0,0,0,1136
SLNG,4815,0,0,0,0,0,4815
SLNH,6807,0,0,0,0,0,6807
SLNHP,1223,0,0,0,0,0,1223
SLNZ,406,0,0,0,0,0,406
SLON,246,0,0,0,0,0,246
SLP,7307,0,0,0,0,0,7307
SLQD,3197,0,0,0,0,0,3197
SLQT,1538,0,0,0,0,0,1538
SLRC,4126,0,0,0,0,0,4126
SLS,4608,0,0,0,0,0,4608
SLSN,7194,0,0,0,0,0,7194
SLSR,1480,0,0,0,0,0,1480
SLTY,219,0,0,0,0,0,219
SLV,5078,0,0,0,0,0,5078
SLVM,1200,0,0,0,0,0,1200
SLVO,3325,0,0,0,0,0,3325
SLVP,3626,0,0,0,0,0,3626
SLVR,369,0,0,0,0,0,369
SLVX,96,0,0,0,0,0,96
SLWS,165,0,0,0,0,0,165
SLX,4959,0,0,0,0,0,4959
SLXN,1318,0,0,0,0,0,1318
SLXNW,82,0,0,0,0,0,82
SLYG,6477,0,0,0,0,0,6477
SLYV,6477,0,0,0,0,0,6477
SM,8445,0,0,0,0,0,8445
SMA,316,0,0,0,0,0,316
SMAX,441,0,0,0,0,0,441
SMAY,783,0,0,0,0,0,783
SMB,4617,0,0,0,0,0,4617
SMBC,8112,0,0,0,0,0,8112
SMBK,5722,0,0,0,0,0,5722
SMBS,406,0,0,0,0,0,406
SMC,3460,0,0,0,0,0,3460
SMCC,5,0,0,0,0,0,5
SMCF,641,0,0,0,0,0,641
SMCI,4848,0,0,0,0,0,4848
SMCIP,17,0,0,0,0,0,17
SMCL,389,0,0,0,0,0,389
SMCO,651,0,0,0,0,0,651
SMCP,37,0,0,0,0,0,37
SMCX,469,0,0,0,0,0,469
SMCY,454,0,0,0,0,0,454
SMCZ,317,0,0,0,0,0,317
SMDD,4124,0,0,0,0,0,4124
SMDV,2870,0,0,0,0,0,2870
SMDX,339,0,0,0,0,0,339
SMFG,5141,0,0,0,0,0,5141
SMG,8667,0,0,0,0,0,8667
SMH,6560,0,0,0,0,0,6560
SMHB,1921,0,0,0,0,0,1921
SMHC,9,0,0,0,0,0,9
SMHI,2285,0,0,0,0,0,2285
SMHX,464,0,0,0,0,0,464
SMID,7689,0,0,0,0,0,7689
SMIG,1219,0,0,0,0,0,1219
SMIN,3621,0,0,0,0,0,3621
SMIZ,691,0,0,0,0,0,691
SMJF,146,0,0,0,0,0,146
SMLF,2812,0,0,0,0,0,2812
SMLL,463,0,0,0,0,0,463
SMLV,3363,0,0,0,0,0,3363
SMMD,2260,0,0,0,0,0,2260
SMMT,2851,0,0,0,0,0,2851
SMMU,4130,0,0,0,0,0,4130
SMMV,2468,0,0,0,0,0,2468
SMN,4886,0,0,0,0,0,4886
SMOG,4820,0,0,0,0,0,4820
SMOM,206,0,0,0,0,0,206
SMOT,939,0,0,0,0,0,939
SMOX,146,0,0,0,0,0,146
SMP,11670,0,0,0,0,0,11670
SMPL,2260,0,0,0,0,0,2260
SMR,1091,0,0,0,0,0,1091
SMRF,95,0,0,0,0,0,95
SMRI,704,0,0,0,0,0,704
SMRT,1220,0,0,0,0,0,1220
SMSI,7749,0,0,0,0,0,7749
SMST,469,0,0,0,0,0,469
SMTC,11670,0,0,0,0,0,11670
SMTG,10,0,0,0,0,0,10
SMTH,646,0,0,0,0,0,646
SMTI,8115,0,0,0,0,0,8115
SMTK,525,0,0,0,0,0,525
SMU,248,0,0,0,0,0,248
SMUP,237,0,0,0,0,0,237
SMWB,1293,0,0,0,0,0,1293
SMX,1146,0,0,0,0,0,1146
SMXT,591,0,0,0,0,0,591
SMXWW,83,0,0,0,1,1,82
SMYY,192,0,0,0,0,0,192
SMZ,100,0,0,0,0,0,100
SN,736,0,0,0,0,0,736
SNA,13456,0,0,0,0,0,13456
SNAG,136,0,0,0,0,0,136
SNAL,914,0,0,0,0,0,914
SNAP,2349,0,0,0,0,0,2349
SNAV,873,0,0,0,0,0,873
SND,2428,0,0,0,0,0,2428
SNDA,7212,0,0,0,0,0,7212
SNDC,7,0,0,0,0,0,7
SNDG,38,0,0,0,0,0,38
SNDK,349,0,0,0,0,0,349
SNDL,1741,0,0,0,0,0,1741
SNDQ,51,0,0,0,0,0,51
SNDR,2324,0,0,0,0,0,2324
SNDU,80,0,0,0,0,0,80
SNDX,2601,0,0,0,0,0,2601
SNES,2405,0,0,0,0,0,2405
SNEX,7886,0,0,0,0,0,7886
SNFCA,9798,0,0,0,0,0,9798
SNGX,8118,0,0,0,0,0,8118
SNK,15,0,0,0,0,0,15
SNN,6698,0,0,0,0,0,6698
SNOA,4892,0,0,0,0,0,4892
SNOU,301,0,0,0,0,0,301
SNOV,657,0,0,0,0,0,657
SNOW,1457,0,0,0,0,0,1457
SNOY,518,0,0,0,0,0,518
SNPD,910,0,0,0,0,0,910
SNPE,1766,0,0,0,0,0,1766
SNPG,913,0,0,0,0,0,913
SNPS,8650,0,0,0,0,0,8650
SNSR,2463,0,0,0,0,0,2463
SNT,8379,0,0,0,0,0,8379
SNTG,1254,0,0,0,0,0,1254
SNTH,332,0,0,0,0,0,332
SNTI,1283,0,0,0,0,0,1283
SNWV,428,0,0,0,0,0,428
SNX,5687,0,0,0,0,0,5687
SNXX,111,0,0,0,0,0,111
SNY,6042,0,0,0,0,0,6042
SNYR,425,0,0,0,0,0,425
SO,11217,0,0,0,0,0,11217
SOAR,1117,0,0,0,0,0,1117
SOBO,439,0,0,0,0,0,439
SOBR,4340,0,0,0,0,0,4340
SOC,1310,0,0,0,0,0,1310
SOCA,209,0,0,0,0,0,209
SOCAU,245,0,0,0,0,0,245
SOCAW,82,0,0,0,0,0,82
SOCL,3679,0,0,0,0,0,3679
SOEZ,147,0,0,0,0,0,147
SOFA,100,0,0,0,0,0,100
SOFI,1382,0,0,0,0,0,1382
SOFR,660,0,0,0,0,0,660
SOFX,368,0,0,0,0,0,368
SOGP,1624,0,0,0,0,0,1624
SOHU,6534,0,0,0,0,0,6534
SOJC,2161,0,0,0,0,0,2161
SOJD,1627,0,0,0,0,0,1627
SOJE,1452,0,0,0,0,0,1452
SOJF,368,0,0,0,0,0,368
SOLC,157,0,0,0,0,0,157
SOLM,167,0,0,0,0,0,167
SOLS,178,0,0,0,0,0,178
SOLT,325,0,0,0,0,0,325
SOLV,571,0,0,0,0,0,571
SOLZ,325,0,0,0,0,0,325
SOMN,167,0,0,0,0,0,167
SON,11670,0,0,0,0,0,11670
SONM,1798,0,0,0,0,0,1798
SONO,1991,0,0,0,0,0,1991
SONY,13456,0,0,0,0,0,13456
SOPH,1243,0,0,0,0,0,1243
SOR,11670,0,0,0,0,0,11670
SORA,316,0,0,0,0,0,316
SORN,89,0,0,0,0,0,89
SORNU,125,0,0,0,0,0,125
SOS,2309,0,0,0,0,0,2309
SOTK,6841,0,0,0,0,0,6841
SOUL,280,0,0,0,0,0,280
SOUN,1050,0,0,0,0,0,1050
SOUNW,83,0,0,0,1,1,82
SOUX,260,0,0,0,0,0,260
SOVF,691,0,0,0,0,0,691
SOWG,4027,0,0,0,0,0,4027
SOXL,4105,0,0,0,0,0,4105
SOXQ,1272,0,0,0,0,0,1272
SOXS,4105,0,0,0,0,0,4105
SOXX,6281,0,0,0,0,0,6281
SOXY,397,0,0,0,0,0,397
SOYB,3720,0,0,0,0,0,3720
SPAB,4806,0,0,0,0,0,4806
SPAI,464,0,0,0,0,0,464
SPAL,15,0,0,0,0,0,15
SPAM,644,0,0,0,0,0,644
SPAQ,861,0,0,0,0,0,861
SPAX,15,0,0,0,0,0,15
SPB,11975,0,0,0,0,0,11975
SPBC,1284,0,0,0,0,0,1284
SPBO,3833,0,0,0,0,0,3833
SPBU,335,0,0,0,0,0,335
SPBW,373,0,0,0,0,0,373
SPBX,373,0,0,0,0,0,373
SPCB,5378,0,0,0,0,0,5378
SPCE,2202,0,0,0,0,0,2202
SPCF,15,0,0,0,0,0,15
SPCG,13,0,0,0,0,0,13
SPCH,15,0,0,0,0,0,15
SPCI,80,0,0,0,0,0,80
SPCK,1393,0,0,0,0,0,1393
SPCL,62,0,0,0,0,0,62
SPCM,15,0,0,0,0,0,15
SPCQ,15,0,0,0,0,0,15
SPCT,191,0,0,0,0,0,191
SPCU,15,0,0,0,0,0,15
SPCX,16,0,0,0,0,0,16
SPCZ,1000,0,0,0,0,0,1000
SPD,1464,0,0,0,0,0,1464
SPDF,57,0,0,0,0,0,57
SPDG,706,0,0,0,0,0,706
SPDN,2531,0,0,0,0,0,2531
SPDV,2160,0,0,0,0,0,2160
SPDW,4829,0,0,0,0,0,4829
SPE,8332,0,0,0,0,0,8332
SPEG,207,0,0,0,0,0,207
SPEGU,246,0,0,0,0,0,246
SPEM,4852,0,0,0,0,0,4852
SPEU,5964,0,0,0,0,0,5964
SPFF,3510,0,0,0,0,0,3510
SPFI,1799,0,0,0,0,0,1799
SPG,8194,0,0,0,0,0,8194
SPGI,13456,0,0,0,0,0,13456
SPGM,3605,0,0,0,0,0,3605
SPGP,3785,0,0,0,0,0,3785
SPH,7636,0,0,0,0,0,7636
SPHB,3814,0,0,0,0,0,3814
SPHD,3440,0,0,0,0,0,3440
SPHL,428,0,0,0,0,0,428
SPHQ,5176,0,0,0,0,0,5176
SPHR,1567,0,0,0,0,0,1567
SPHY,3531,0,0,0,0,0,3531
SPIB,4370,0,0,0,0,0,4370
SPIN,459,0,0,0,0,0,459
SPIP,4806,0,0,0,0,0,4806
SPIR,1423,0,0,0,0,0,1423
SPIT,188,0,0,0,0,0,188
SPKL,653,0,0,0,0,0,653
SPKLU,688,0,0,0,0,0,688
SPKLW,83,0,0,0,1,1,82
SPLB,4357,0,0,0,0,0,4357
SPLS,117,0,0,0,0,0,117
SPLV,3814,0,0,0,0,0,3814
SPMA,412,0,0,0,0,0,412
SPMB,4384,0,0,0,0,0,4384
SPMC,515,0,0,0,0,0,515
SPMD,3268,0,0,0,0,0,3268
SPME,246,0,0,0,0,0,246
SPMO,2698,0,0,0,0,0,2698
SPNT,3241,0,0,0,0,0,3241
SPOG,158,0,0,0,0,0,158
SPOK,5441,0,0,0,0,0,5441
SPOT,2076,0,0,0,0,0,2076
SPPL,705,0,0,0,0,0,705
SPPP,3405,0,0,0,0,0,3405
SPRB,1440,0,0,0,0,0,1440
SPRC,1217,0,1,0,0,1,1216
SPRE,1384,0,0,0,0,0,1384
SPRO,2178,0,0,0,0,0,2178
SPRU,1719,0,0,0,0,0,1719
SPRX,1235,0,0,0,0,0,1235
SPRY,1401,0,0,0,0,0,1401
SPSB,4151,0,0,0,0,0,4151
SPSC,4076,0,0,0,0,0,4076
SPSK,1636,0,0,0,0,0,1636
SPSM,3268,0,0,0,0,0,3268
SPT,1647,0,0,0,0,0,1647
SPTB,532,0,0,0,0,0,532
SPTE,649,0,0,0,0,0,649
SPTI,4806,0,0,0,0,0,4806
SPTL,4806,0,0,0,0,0,4806
SPTM,6471,0,0,0,0,0,6471
SPTS,3668,0,0,0,0,0,3668
SPTU,186,0,0,0,0,0,186
SPTX,45,0,0,0,0,0,45
SPUC,1464,0,0,0,0,0,1464
SPUS,1644,0,0,0,0,0,1644
SPUT,329,0,0,0,0,0,329
SPUU,3045,0,0,0,0,0,3045
SPVM,3785,0,0,0,0,0,3785
SPWH,3072,0,0,0,0,0,3072
SPWO,636,0,0,0,0,0,636
SPWR,879,0,0,0,0,0,879
SPWRW,82,0,0,0,0,0,82
SPXC,11670,0,0,0,0,0,11670
SPXD,238,0,0,0,0,0,238
SPXE,2710,0,0,0,0,0,2710
SPXL,4442,0,0,0,0,0,4442
SPXN,2710,0,0,0,0,0,2710
SPXS,4432,0,0,0,0,0,4432
SPXT,2710,0,0,0,0,0,2710
SPXU,4283,0,0,0,0,0,4283
SPXV,2710,0,0,0,0,0,2710
SPXX,5184,0,0,0,0,0,5184
SPY,8415,0,0,0,0,0,8415
SPYA,274,0,0,0,0,0,274
SPYC,1464,0,0,0,0,0,1464
SPYD,2690,0,0,0,0,0,2690
SPYG,6477,0,0,0,0,0,6477
SPYH,315,0,0,0,0,0,315
SPYI,965,0,0,0,0,0,965
SPYM,5190,0,0,0,0,0,5190
SPYQ,441,0,0,0,0,0,441
SPYT,584,0,0,0,0,0,584
SPYU,648,0,0,0,0,0,648
SPYV,6477,0,0,0,0,0,6477
SPYX,2663,0,0,0,0,0,2663
SQFT,1442,0,0,0,0,0,1442
SQFTP,1274,0,0,0,0,0,1274
SQFTW,82,0,0,0,0,0,82
SQLT,66,0,0,0,0,0,66
SQLV,2257,0,0,0,0,0,2257
SQM,8253,0,0,0,0,0,8253
SQMX,372,0,0,0,0,0,372
SQNS,3825,0,0,0,0,0,3825
SQQQ,4124,0,0,0,0,0,4124
SQS,78,0,0,0,0,0,78
SR,13456,0,0,0,0,0,13456
SRAD,1207,0,0,0,0,0,1207
SRBK,700,0,0,0,0,0,700
SRCE,10808,0,0,0,0,0,10808
SRE,7048,0,0,0,0,0,7048
SREA,1765,0,0,0,0,0,1765
SRET,2843,0,0,0,0,0,2843
SRFM,738,0,0,0,0,0,738
SRG,2767,0,0,0,0,0,2767
SRHQ,940,0,0,0,0,0,940
SRHR,669,0,0,0,0,0,669
SRI,7227,0,0,0,0,0,7227
SRJN,117,0,0,0,0,0,117
SRL,7588,0,0,0,0,0,7588
SRLN,3334,0,0,0,0,0,3334
SROI,856,0,0,0,0,0,856
SRPT,7317,0,0,0,0,0,7317
SRRK,2038,0,0,0,0,0,2038
SRS,4887,0,0,0,0,0,4887
SRTA,1674,0,0,0,0,0,1674
SRTS,2500,0,0,0,0,0,2500
SRTY,4124,0,0,0,0,0,4124
SRV,4739,0,0,0,0,0,4739
SRVR,2045,0,0,0,0,0,2045
SRXH,4038,0,0,0,0,0,4038
SRZN,1377,0,0,0,0,0,1377
SRZNW,82,0,0,0,0,0,82
SSAC,89,0,0,0,0,0,89
SSACU,103,0,0,0,0,0,103
SSB,7405,0,0,0,0,0,7405
SSBI,5025,0,0,0,0,0,5025
SSCP,37,0,0,0,0,0,37
SSD,8081,0,0,0,0,0,8081
SSEA,190,0,0,0,0,0,190
SSEAU,228,0,0,0,0,0,228
SSFI,1196,0,0,0,0,0,1196
SSG,4887,0,0,0,0,0,4887
SSII,479,0,0,0,0,0,479
SSK,254,0,0,0,0,0,254
SSL,11138,0,0,0,0,0,11138
SSM,1161,0,0,0,0,0,1161
SSMG,52,0,0,0,0,0,52
SSMR,22,0,0,0,0,0,22
SSNC,4091,0,0,0,0,0,4091
SSO,5041,0,0,0,0,0,5041
SSP,9574,0,0,0,0,0,9574
SSPC,15,0,0,0,0,0,15
SSPY,2894,0,0,0,0,0,2894
SSRM,7529,0,0,0,0,0,7529
SSS,108,0,0,0,0,0,108
SST,1484,0,0,0,0,0,1484
SSTI,2282,0,0,0,0,0,2282
SSTK,3451,0,0,0,0,0,3451
SSUS,1624,0,0,0,0,0,1624
SSXU,1006,0,0,0,0,0,1006
SSYS,7978,0,0,0,0,0,7978
ST,4105,0,0,0,0,0,4105
STAA,8652,0,0,0,0,0,8652
STAG,3827,0,0,0,0,0,3827
STAK,341,0,0,0,0,0,341
STAX,651,0,0,0,0,0,651
STBA,8612,0,0,0,0,0,8612
STBF,561,0,0,0,0,0,561
STBQ,133,0,0,0,0,0,133
STC,13456,0,0,0,0,0,13456
STCE,983,0,0,0,0,0,983
STE,8584,0,0,0,0,0,8584
STEM,1441,0,0,0,0,0,1441
STEN,191,0,0,0,0,0,191
STEP,1457,0,0,0,0,0,1457
STEW,11670,0,0,0,0,0,11670
STEX,2935,0,0,0,0,0,2935
STFS,433,0,0,0,0,0,433
STG,2082,0,0,0,0,0,2082
STGW,7857,0,0,0,0,0,7857
STHH,315,0,0,0,0,0,315
STHO,821,0,0,0,0,0,821
STI,1048,0,0,0,0,0,1048
STIM,2015,0,0,0,0,0,2015
STIP,3919,0,0,0,0,0,3919
STK,4175,0,0,0,0,0,4175
STKE,1378,0,0,0,0,0,1378
STKH,1335,0,0,0,0,0,1335
STKS,3023,0,0,0,0,0,3023
STLA,4043,0,0,0,0,0,4043
STLD,7449,0,0,0,0,0,7449
STLR,66,0,0,0,0,0,66
STLU,66,0,0,0,0,0,66
STM,7945,0,0,0,0,0,7945
STN,5261,0,0,0,0,0,5261
STNC,1333,0,0,0,0,0,1333
STNE,1932,0,0,0,0,0,1932
STNG,4091,0,0,0,0,0,4091
STOK,1771,0,0,0,0,0,1771
STOT,2571,0,0,0,0,0,2571
STOX,258,0,0,0,0,0,258
STPZ,4243,0,0,0,0,0,4243
STRA,7534,0,0,0,0,0,7534
STRC,235,0,0,0,0,0,235
STRD,271,0,0,0,0,0,271
STRF,321,0,0,0,0,0,321
STRK,357,0,0,0,0,0,357
STRL,8808,0,0,0,0,0,8808
STRN,220,0,0,0,0,0,220
STRO,1952,0,0,0,0,0,1952
STRR,5863,0,0,0,0,0,5863
STRRP,1711,0,0,0,0,0,1711
STRS,8562,0,0,0,0,0,8562
STRT,7893,0,0,0,0,0,7893
STRW,845,0,0,0,0,0,845
STRZ,292,0,0,0,0,0,292
STSM,157,0,0,0,0,0,157
STT,11670,0,0,0,0,0,11670
STTK,1440,0,0,0,0,0,1440
STUB,201,0,0,0,0,0,201
STVN,1248,0,0,0,0,0,1248
STWD,4250,0,0,0,0,0,4250
STX,5928,0,0,0,0,0,5928
STXD,913,0,0,0,0,0,913
STXE,860,0,0,0,0,0,860
STXF,954,0,0,0,0,0,954
STXG,913,0,0,0,0,0,913
STXK,913,0,0,0,0,0,913
STXL,51,0,0,0,0,0,51
STXS,5509,0,0,0,0,0,5509
STXT,728,0,0,0,0,0,728
STXU,38,0,0,0,0,0,38
STXV,913,0,0,0,0,0,913
STXX,50,0,0,0,0,0,50
STYL,42,0,0,0,0,0,42
STZ,8636,0,0,0,0,0,8636
SU,11670,0,0,0,0,0,11670
SUB,4432,0,0,0,0,0,4432
SUGP,614,0,0,0,0,0,614
SUI,8197,0,0,0,0,0,8197
SUIG,4107,0,0,0,0,0,4107
SUIL,35,0,0,0,0,0,35
SUIS,96,0,0,0,0,0,96
SUJA,41,0,0,0,0,0,41
SUMA,54,0,0,0,0,0,54
SUMAU,81,0,0,0,0,0,81
SUN,3466,0,0,0,0,0,3466
SUNB,88,0,0,0,0,0,88
SUNC,165,0,0,0,0,0,165
SUNE,11246,0,0,0,0,0,11246
SUNS,500,0,0,0,0,0,500
SUPL,1064,0,0,0,0,0,1064
SUPN,3565,0,0,0,0,0,3565
SUPP,849,0,0,0,0,0,849
SUPV,2546,0,0,0,0,0,2546
SUPX,556,0,0,0,0,0,556
SURE,3708,0,0,0,0,0,3708
SURG,2128,0,0,0,0,0,2128
SURI,852,0,0,0,0,0,852
SUSA,5392,0,0,0,0,0,5392
SUSB,2254,0,0,0,0,0,2254
SUSC,2252,0,0,0,0,0,2252
SUSL,1798,0,0,0,0,0,1798
SUZ,4443,0,0,0,0,0,4443
SVA,1,0,1,0,0,1,0
SVAC,192,0,0,0,0,0,192
SVACU,210,0,0,0,0,0,210
SVACW,83,0,0,0,1,1,82
SVAL,1426,0,0,0,0,0,1426
SVAQ,99,0,0,0,0,0,99
SVAQU,133,0,0,0,0,0,133
SVC,7770,0,0,0,1,1,7769
SVCC,323,0,0,0,0,0,323
SVCCU,359,0,0,0,0,0,359
SVCCW,82,0,0,0,0,0,82
SVCO,540,0,0,0,0,0,540
SVIV,88,0,0,0,0,0,88
SVIVU,101,0,0,0,0,0,101
SVIX,1070,0,0,0,0,0,1070
SVM,2298,0,0,0,0,0,2298
SVOL,1292,0,0,0,0,0,1292
SVRA,2309,0,0,0,0,0,2309
SVRE,1025,0,0,0,0,0,1025
SVREW,82,0,0,0,0,0,82
SVRN,1153,0,0,0,0,0,1153
SVV,757,0,0,0,0,0,757
SVXY,3709,0,0,0,0,0,3709
SW,4541,0,0,0,0,0,4541
SWAG,1167,0,0,0,0,0,1167
SWAGW,82,0,0,0,0,0,82
SWAN,1924,0,0,0,0,0,1924
SWBI,6762,0,0,0,0,0,6762
SWIM,1306,0,0,0,0,0,1306
SWK,11670,0,0,0,0,0,11670
SWKHL,690,0,0,0,0,0,690
SWKS,10537,0,0,0,0,0,10537
SWMR,77,0,0,0,0,0,77
SWP,445,0,0,0,0,0,445
SWVL,1334,0,0,0,0,0,1334
SWVLW,82,0,0,0,0,0,82
SWX,13456,0,0,0,0,0,13456
SWZ,9793,0,0,0,0,0,9793
SXC,3761,0,0,0,0,0,3761
SXI,13456,0,0,0,0,0,13456
SXQG,1293,0,0,0,0,0,1293
SXT,11670,0,0,0,0,0,11670
SXTC,1885,0,0,0,0,0,1885
SXTP,749,0,0,0,0,0,749
SXTPW,82,0,0,0,0,0,82
SY,1804,0,0,0,0,0,1804
SYBT,8378,0,0,0,0,0,8378
SYF,3000,0,0,0,0,0,3000
SYFI,519,0,0,0,0,0,519
SYK,11670,0,0,0,0,0,11670
SYLD,3306,0,0,0,0,0,3306
SYM,1338,0,0,0,0,0,1338
SYNA,6148,0,0,0,0,0,6148
SYNX,621,0,0,0,0,0,621
SYPR,8087,0,0,0,0,0,8087
SYRE,2576,0,0,0,0,0,2576
SYSB,2856,0,0,0,0,0,2856
SYY,13403,0,0,0,0,0,13403
SYZ,203,0,0,0,0,0,203
SZK,4887,0,0,0,0,0,4887
SZZL,280,0,0,0,0,0,280
SZZLU,316,0,0,0,0,0,316
T,10738,0,0,0,0,0,10738
TABD,138,0,0,0,0,0,138
TAC,6269,0,0,0,0,0,6269
TACH,275,0,0,0,0,0,275
TACHU,311,0,0,0,0,0,311
TACHW,83,0,0,0,1,1,82
TACK,1075,0,0,0,0,0,1075
TACN,140,0,0,0,0,0,140
TACO,272,0,0,0,0,0,272
TACOU,297,0,0,0,0,0,297
TACOW,82,0,0,0,0,0,82
TACT,7514,0,0,0,0,0,7514
TACU,141,0,0,0,0,0,141
TAFI,955,0,0,0,0,0,955
TAFL,641,0,0,0,0,0,641
TAFM,499,0,0,0,0,0,499
TAGG,1196,0,0,0,0,0,1196
TAGS,3588,0,0,0,0,0,3588
TAIL,2324,0,0,0,0,0,2324
TAJX,23,0,0,0,0,0,23
TAK,4150,0,0,0,0,0,4150
TAL,3950,0,0,0,0,0,3950
TALK,1490,0,0,0,0,0,1490
TALO,2049,0,0,0,0,0,2049
TALV,137,0,0,0,0,0,137
TAN,4585,0,0,0,0,0,4585
TANH,2838,0,0,0,0,0,2838
TAOP,4976,0,0,0,0,0,4976
TAOX,1399,0,0,0,0,0,1399
TAOZ,66,0,0,0,0,0,66
TAP,12873,0,0,0,0,0,12873
TAPR,317,0,0,0,0,0,317
TARA,2942,0,0,0,0,0,2942
TARK,1048,0,0,0,0,0,1048
TARS,1435,0,0,0,0,0,1435
TASK,1272,0,0,0,0,0,1272
TATT,9891,0,0,0,0,0,9891
TAVI,384,0,0,0,0,0,384
TAVIU,395,0,0,0,0,0,395
TAX,386,0,0,0,0,0,386
TAXE,499,0,0,0,0,0,499
TAXF,1963,0,0,0,0,0,1963
TAXI,221,0,0,0,0,0,221
TAXM,330,0,0,0,0,0,330
TAXS,221,0,0,0,0,0,221
TAXT,221,0,0,0,0,0,221
TAXX,579,0,0,0,0,0,579
TAYD,11508,0,0,0,0,0,11508
TBB,2175,0,0,0,0,0,2175
TBBB,602,0,0,0,0,0,602
TBBK,5641,0,0,0,0,0,5641
TBCH,3932,0,0,0,0,0,3932
TBF,4244,0,0,0,0,0,4244
TBFC,620,0,0,0,0,0,620
TBFG,620,0,0,0,0,0,620
TBG,666,0,0,0,0,0,666
TBI,8118,0,0,0,0,0,8118
TBIL,980,0,0,0,0,0,980
TBJL,1468,0,0,0,0,0,1468
TBLA,1259,0,0,0,0,0,1259
TBLD,1240,0,0,0,0,0,1240
TBLL,2376,0,0,0,0,0,2376
TBLU,2359,0,0,0,0,0,2359
TBN,507,0,0,0,0,0,507
TBPH,3052,0,0,0,0,0,3052
TBRG,6070,0,0,0,0,0,6070
TBT,4558,0,0,0,0,0,4558
TBUX,1196,0,0,0,0,0,1196
TBX,3835,0,0,0,0,0,3835
TBXU,190,0,0,0,0,0,190
TC,1914,0,0,0,0,0,1914
TCAF,766,0,0,0,0,0,766
TCAI,231,0,0,0,0,0,231
TCAL,320,0,0,0,0,0,320
TCAN,41,0,0,0,0,0,41
TCBI,5760,0,0,0,0,0,5760
TCBIO,1325,0,0,0,0,0,1325
TCBK,8360,0,0,0,0,0,8360
TCBS,1248,0,0,0,0,0,1248
TCBX,1167,0,0,0,0,0,1167
TCHI,1110,0,0,0,0,0,1110
TCHP,1486,0,0,0,0,0,1486
TCI,10412,0,0,0,0,0,10412
TCMD,2498,0,0,0,0,0,2498
TCOM,5678,0,0,0,0,0,5678
TCPA,181,0,0,0,0,0,181
TCPB,346,0,0,0,0,0,346
TCPC,3583,0,0,0,0,0,3583
TCRT,5248,0,0,0,0,0,5248
TCRX,1248,0,0,0,0,0,1248
TCV,244,0,0,0,0,0,244
TCX,7594,0,0,0,0,0,7594
TD,7508,0,0,0,0,0,7508
TDAC,349,0,0,0,0,0,349
TDACU,382,0,0,0,0,0,382
TDACW,83,0,0,0,1,1,82
TDAQ,210,0,0,0,0,0,210
TDAX,124,0,0,0,0,0,124
TDAY,3123,0,0,0,0,0,3123
TDC,4720,0,0,0,0,0,4720
TDEC,383,0,0,0,0,0,383
TDF,8000,0,0,0,0,0,8000
TDG,5109,0,0,0,0,0,5109
TDI,643,0,0,0,0,0,643
TDIC,240,0,0,0,0,0,240
TDIV,3492,0,0,0,0,0,3492
TDOC,2770,0,0,0,0,0,2770
TDOG,114,0,0,0,0,0,114
TDOT,84,0,0,0,0,0,84
TDS,11228,0,0,0,0,0,11228
TDSB,1456,0,0,0,0,0,1456
TDSC,1456,0,0,0,0,0,1456
TDTF,3717,0,0,0,0,0,3717
TDTH,456,0,0,0,0,0,456
TDTT,3716,0,0,0,0,0,3716
TDUP,1325,0,0,0,0,0,1325
TDV,1672,0,0,0,0,0,1672
TDVG,1486,0,0,0,0,0,1486
TDVI,728,0,0,0,0,0,728
TDW,11670,0,0,0,0,0,11670
TDWD,144,0,0,0,0,0,144
TDWDU,164,0,0,0,0,0,164
TDY,6693,0,0,0,0,0,6693
TE,1629,0,0,0,0,0,1629
TEAD,1243,0,0,0,0,0,1243
TEAM,2657,0,0,0,0,0,2657
TEC,305,0,0,0,0,0,305
TECB,1628,0,0,0,0,0,1628
TECH,9419,0,0,0,0,0,9419
TECK,6030,0,0,0,0,0,6030
TECL,4405,0,0,0,0,0,4405
TECS,4405,0,0,0,0,0,4405
TECX,2020,0,0,0,0,0,2020
TECY,43,0,0,0,0,0,43
TEI,8251,0,0,0,0,0,8251
TEK,426,0,0,0,0,0,426
TEKX,456,0,0,0,0,0,456
TEKY,313,0,0,0,0,0,313
TEL,4795,0,0,0,0,0,4795
TELA,1671,0,0,0,0,0,1671
TELG,14,0,0,0,0,0,14
TELO,602,0,0,0,0,0,602
TEM,515,0,0,0,0,0,515
TEMD,114,0,0,0,0,0,114
TEMR,80,0,0,0,0,0,80
TEMT,288,0,0,0,0,0,288
TEMX,337,0,0,0,0,0,337
TEN,6124,0,0,0,0,0,6124
TENB,1996,0,0,0,0,0,1996
TEND,186,0,0,0,0,0,186
TENJ,175,0,0,0,0,0,175
TENM,175,0,0,0,0,0,175
TENX,8118,0,0,0,0,0,8118
TEO,7944,0,0,0,0,0,7944
TEQI,1486,0,0,0,0,0,1486
TER,13456,0,0,0,0,0,13456
TERC,3,0,1,0,0,1,2
TERG,158,0,0,0,0,0,158
TESC,7,0,0,0,0,0,7
TESL,1385,0,0,0,0,0,1385
TEST,157,0,0,0,0,0,157
TETH,490,0,0,0,0,0,490
TEUP,26,0,0,0,0,0,26
TEVA,11186,0,0,0,0,0,11186
TEX,11668,0,0,0,0,0,11668
TEXN,260,0,0,0,0,0,260
TEXU,190,0,0,0,0,0,190
TEXX,114,0,0,0,0,0,114
TFC,11669,0,0,0,0,0,11669
TFFI,92,0,0,0,0,0,92
TFGZ,66,0,0,0,0,0,66
TFI,4732,0,0,0,0,0,4732
TFII,5190,0,0,0,0,0,5190
TFIN,2930,0,0,0,0,0,2930
TFJL,1468,0,0,0,0,0,1468
TFLO,3123,0,0,0,0,0,3123
TFLR,908,0,0,0,0,0,908
TFNS,267,0,0,0,0,0,267
TFPM,965,0,0,0,0,0,965
TFPN,749,0,0,0,0,0,749
TFSL,4832,0,0,0,0,0,4832
TFX,11670,0,0,0,0,0,11670
TG,9319,0,0,0,0,0,9319
TGB,8630,0,0,0,0,0,8630
TGE,272,0,0,0,0,0,272
TGEN,3050,0,0,0,0,0,3050
TGHL,214,0,0,0,0,0,214
TGL,978,0,0,0,0,0,978
TGLB,258,0,0,0,0,0,258
TGLR,730,0,0,0,0,0,730
TGLS,3558,0,0,0,0,0,3558
TGRT,766,0,0,0,0,0,766
TGRW,1486,0,0,0,0,0,1486
TGS,7959,0,0,0,0,0,7959
TGT,13456,0,0,0,0,0,13456
TGTX,4069,0,0,0,0,0,4069
TH,2091,0,0,0,0,0,2091
THC,11670,0,0,0,0,0,11670
THCH,1336,0,0,0,0,0,1336
THD,4595,0,0,0,0,0,4595
THEQ,320,0,0,0,0,0,320
THFF,8646,0,0,0,0,0,8646
THG,7733,0,0,0,0,0,7733
THH,215,0,0,0,0,0,215
THIR,446,0,0,0,0,0,446
THLV,956,0,0,0,0,0,956
THM,4826,0,0,0,0,0,4826
THMR,61,0,0,0,0,0,61
THMZ,313,0,0,0,0,0,313
THNQ,1541,0,0,0,0,0,1541
THNR,532,0,0,0,0,0,532
THO,10705,0,0,0,0,0,10705
THOR,10,0,0,0,0,0,10
THQ,3002,0,0,0,0,0,3002
THRM,8324,0,0,0,0,0,8324
THRO,1141,0,0,0,0,0,1141
THRV,192,0,0,0,0,0,192
THRY,2065,0,0,0,0,0,2065
THTA,660,0,0,0,0,0,660
THW,2772,0,0,0,0,0,2772
THY,1514,0,0,0,0,0,1514
THYF,925,0,0,0,0,0,925
THYM,154,0,0,0,0,0,154
THYP,38,0,0,0,0,0,38
TIC,347,0,0,0,0,0,347
TIER,258,0,0,0,0,0,258
TIGO,1882,0,0,0,0,0,1882
TIGR,1834,0,0,0,0,0,1834
TII,1378,0,0,0,0,0,1378
TIIV,238,0,0,0,0,0,238
TIL,1330,0,0,0,0,0,1330
TILC,15,0,0,0,0,0,15
TILE,10892,0,0,0,0,0,10892
TILL,1037,0,0,0,0,0,1037
TILT,3717,0,0,0,0,0,3717
TIMB,6950,0,0,0,0,0,6950
TIME,1112,0,0,0,0,0,1112
TINS,175,0,0,0,0,0,175
TINT,1176,0,0,0,0,0,1176
TINY,1176,0,0,0,0,0,1176
TIP,5680,0,0,0,0,0,5680
TIPA,221,0,0,0,0,0,221
TIPB,221,0,0,0,0,0,221
TIPC,221,0,0,0,0,0,221
TIPD,221,0,0,0,0,0,221
TIPT,3953,0,0,0,0,0,3953
TIPX,3295,0,0,0,0,0,3295
TIPZ,4231,0,0,0,0,0,4231
TISC,15,0,0,0,0,0,15
TISI,11528,0,0,0,0,0,11528
TITN,4668,0,0,0,0,0,4668
TJAN,377,0,0,0,0,0,377
TJGC,365,0,0,0,0,0,365
TJUL,745,0,0,0,0,0,745
TJUN,261,0,0,0,0,0,261
TJX,9830,0,0,0,0,0,9830
TK,7791,0,0,0,0,0,7791
TKC,6535,0,0,0,0,0,6535
TKLF,1120,0,0,0,0,0,1120
TKNO,1262,0,0,0,0,0,1262
TKNQ,133,0,0,0,0,0,133
TKNS,36,0,0,0,0,0,36
TKO,6718,0,0,0,0,0,6718
TKR,13456,0,0,0,0,0,13456
TLA,105,0,0,0,0,0,105
TLCI,336,0,0,0,0,0,336
TLDR,115,0,0,0,0,0,115
TLF,8249,0,0,0,0,0,8249
TLG,78,0,0,0,0,0,78
TLH,4901,0,0,0,0,0,4901
TLIH,251,0,0,0,0,0,251
TLK,7709,0,0,0,0,0,7709
TLN,775,0,0,0,0,0,775
TLNC,186,0,0,0,0,0,186
TLNCU,207,0,0,0,0,0,207
TLNCW,83,0,0,0,1,1,82
TLPH,3871,0,0,0,0,0,3871
TLRY,2001,0,0,0,0,0,2001
TLS,1411,0,0,0,0,0,1411
TLSA,1914,0,0,0,0,0,1914
TLSI,1358,0,0,0,0,0,1358
TLSIW,1357,0,0,0,0,0,1357
TLT,6022,0,0,0,0,0,6022
TLTD,3458,0,0,0,0,0,3458
TLTE,3458,0,0,0,0,0,3458
TLTI,391,0,0,0,0,0,391
TLTP,421,0,0,0,0,0,421
TLTW,970,0,0,0,0,0,970
TLTX,245,0,0,0,0,0,245
TLX,409,0,0,0,0,0,409
TLYS,3562,0,0,0,0,0,3562
TM,11670,0,0,0,0,0,11670
TMAR,323,0,0,0,0,0,323
TMAT,1364,0,0,0,0,0,1364
TMB,355,0,0,0,0,0,355
TMC,1209,0,0,0,0,0,1209
TMCI,1306,0,0,0,0,0,1306
TMCR,62,0,0,0,0,0,62
TMCWW,1207,0,0,0,0,0,1207
TMDE,304,0,0,0,0,0,304
TMDV,1672,0,0,0,0,0,1672
TMDX,1804,0,0,0,0,0,1804
TME,1900,0,0,0,0,0,1900
TMED,267,0,0,0,0,0,267
TMF,4332,0,0,0,0,0,4332
TMFC,2119,0,0,0,0,0,2119
TMFE,1131,0,0,0,0,0,1131
TMFG,1144,0,0,0,0,0,1144
TMFM,1144,0,0,0,0,0,1144
TMFS,1925,0,0,0,0,0,1925
TMFX,1131,0,0,0,0,0,1131
TMH,329,0,0,0,0,0,329
TMHC,3330,0,0,0,0,0,3330
TMLP,130,0,0,0,0,0,130
TMNL,154,0,0,0,0,0,154
TMNS,154,0,0,0,0,0,154
TMO,11670,0,0,0,0,0,11670
TMP,10101,0,0,0,0,0,10101
TMQ,3569,0,0,0,0,0,3569
TMS,304,0,0,0,0,0,304
TMSF,154,0,0,0,0,0,154
TMSL,766,0,0,0,0,0,766
TMTS,65,0,0,0,0,0,65
TMTSU,100,0,0,0,0,0,100
TMUS,4834,0,0,0,0,0,4834
TMUSI,230,0,0,0,0,0,230
TMUSL,230,0,0,0,0,0,230
TMUSZ,230,0,0,0,0,0,230
TMV,4332,0,0,0,0,0,4332
TMVE,158,0,0,0,0,0,158
TMYY,58,0,0,0,0,0,58
TNA,4432,0,0,0,0,0,4432
TNC,13455,0,0,0,0,0,13455
TNDM,3177,0,0,0,0,0,3177
TNET,3087,0,0,0,0,0,3087
TNGX,1465,0,0,0,0,0,1465
TNGY,265,0,0,0,0,0,265
TNK,4668,0,0,0,0,0,4668
TNL,5022,0,0,0,0,0,5022
TNMG,1096,0,0,0,0,0,1096
TNON,1051,0,0,0,0,0,1051
TNONW,83,0,0,0,1,1,82
TNUK,136,0,0,0,0,0,136
TNXP,3558,0,0,0,0,0,3558
TNXT,109,0,0,0,0,0,109
TNYA,1238,0,0,0,0,0,1238
TOAK,470,0,0,0,0,0,470
TOAO,50,0,0,0,0,0,50
TOCT,191,0,0,0,0,0,191
TOGA,544,0,0,0,0,0,544
TOI,1529,0,0,0,0,0,1529
TOIIW,83,0,0,0,1,1,82
TOK,4669,0,0,0,0,0,4669
TOL,10076,0,0,0,0,0,10076
TOLL,790,0,0,0,0,0,790
TOLZ,3087,0,0,0,0,0,3087
TOMZ,4538,0,0,0,0,0,4538
TONX,2920,0,0,0,0,0,2920
TOON,3625,0,0,0,0,0,3625
TOP,1027,0,0,0,0,0,1027
TOPC,306,0,0,0,0,0,306
TOPP,365,0,0,0,0,0,365
TOPS,5517,0,0,0,0,0,5517
TOPT,424,0,0,0,0,0,424
TOPW,210,0,0,0,0,0,210
TORO,838,0,0,0,0,0,838
TOS,109,0,0,0,0,0,109
TOST,1201,0,0,0,0,0,1201
TOT,211,0,0,0,0,0,211
TOTL,2858,0,0,0,0,0,2858
TOTR,1196,0,0,0,0,0,1196
TOUR,3057,0,0,0,0,0,3057
TOUS,766,0,0,0,0,0,766
TOV,340,0,0,0,0,0,340
TOVX,4916,0,0,0,0,0,4916
TOWN,6834,0,0,0,0,0,6834
TOXR,141,0,0,0,0,0,141
TOYO,1079,0,0,0,0,0,1079
TPAY,96,0,0,0,0,0,96
TPB,2552,0,0,0,0,0,2552
TPC,13406,0,0,0,0,0,13406
TPCS,4659,0,0,0,0,0,4659
TPET,807,0,0,0,0,0,807
TPFC,43,0,0,0,0,0,43
TPFG,43,0,0,0,0,0,43
TPFI,43,0,0,0,0,0,43
TPG,1122,0,0,0,0,0,1122
TPGXL,586,0,0,0,0,0,586
TPHD,1805,0,0,0,0,0,1805
TPIF,1655,0,0,0,0,0,1655
TPL,11670,0,0,0,0,0,11670
TPLC,1805,0,0,0,0,0,1805
TPLS,355,0,0,0,0,0,355
TPLX,9,0,0,0,0,0,9
TPOR,2306,0,0,0,0,0,2306
TPR,6473,0,0,0,0,0,6473
TPRY,90,0,0,0,0,0,90
TPSC,1655,0,0,0,0,0,1655
TPST,3431,0,0,0,0,0,3431
TPTS,9,0,0,0,0,0,9
TPUT,17,0,0,0,0,0,17
TPVG,3102,0,0,0,0,0,3102
TPYP,2770,0,0,0,0,0,2770
TPZ,4260,0,0,0,0,0,4260
TQQQ,4124,0,0,0,0,0,4124
TQQY,341,0,0,0,0,0,341
TR,11670,0,0,0,0,0,11670
TRAD,54,0,0,0,0,0,54
TRAK,6712,0,0,0,0,0,6712
TRAW,3256,0,0,0,0,0,3256
TRAX,64,0,0,0,0,0,64
TRBF,187,0,0,0,0,0,187
TRC,11670,0,0,0,0,0,11670
TRDA,1174,0,0,0,0,0,1174
TREE,4502,0,0,0,0,0,4502
TREX,6853,0,0,0,0,0,6853
TRFK,1020,0,0,0,0,0,1020
TRFM,1000,0,0,0,0,0,1000
TRGP,3917,0,0,0,0,0,3917
TRGS,54,0,0,0,0,0,54
TRGSU,90,0,0,0,0,0,90
TRI,6055,0,0,0,0,0,6055
TRIB,8484,0,0,0,0,0,8484
TRIN,1364,0,0,0,0,0,1364
TRINI,491,0,0,0,0,0,491
TRINZ,570,0,0,0,0,0,570
TRIO,335,0,0,0,0,0,335
TRIP,3664,0,0,0,0,0,3664
TRLV,1952,0,0,0,0,0,1952
TRMB,9055,0,0,0,0,0,9055
TRMD,2102,0,0,0,0,0,2102
TRMK,11670,0,0,0,0,0,11670
TRN,13406,0,0,0,0,0,13406
TRND,1802,0,0,0,0,0,1802
TRNO,4125,0,0,0,0,0,4125
TRNR,799,0,0,0,0,0,799
TRNS,12246,0,0,0,0,0,12246
TRON,725,0,0,0,0,0,725
TROO,4589,0,0,0,0,0,4589
TROT,90,0,0,0,0,0,90
TROW,10143,0,0,0,0,0,10143
TROX,3921,0,0,0,0,0,3921
TRP,11036,0,0,0,0,0,11036
TRPA,2035,0,0,0,0,0,2035
TRS,4813,0,0,0,0,0,4813
TRSG,554,0,0,0,0,0,554
TRST,10888,0,0,0,0,0,10888
TRSY,435,0,0,0,0,0,435
TRT,8573,0,0,0,0,0,8573
TRTX,2252,0,0,0,0,0,2252
TRTY,1963,0,0,0,0,0,1963
TRU,2773,0,0,0,0,0,2773
TRUC,95,0,0,0,0,0,95
TRUD,219,0,0,0,0,0,219
TRUF,65,0,0,0,0,0,65
TRUG,1151,0,0,0,0,0,1151
TRUH,65,0,0,0,0,0,65
TRUI,23,0,0,0,0,0,23
TRUO,23,0,0,0,0,0,23
TRUP,3009,0,0,0,0,0,3009
TRUT,219,0,0,0,0,0,219
TRV,12763,0,0,0,0,0,12763
TRVG,2399,0,0,0,0,0,2399
TRVI,1801,0,0,0,0,0,1801
TRX,5320,0,0,0,0,0,5320
TS,5925,0,0,0,0,0,5925
TSAT,5268,0,0,0,0,0,5268
TSBK,7163,0,0,0,0,0,7163
TSCM,129,0,0,0,0,0,129
TSCO,8148,0,0,0,0,0,8148
TSCV,158,0,0,0,0,0,158
TSDD,716,0,0,0,0,0,716
TSEC,744,0,0,0,0,0,744
TSEG,14,0,0,0,0,0,14
TSEL,376,0,0,0,0,0,376
TSEM,7975,0,0,0,0,0,7975
TSEP,447,0,0,0,0,0,447
TSES,129,0,0,0,0,0,129
TSEU,4,0,0,0,0,0,4
TSHA,1451,0,0,0,0,0,1451
TSI,9914,0,0,0,0,0,9914
TSIC,129,0,0,0,0,0,129
TSII,273,0,0,0,0,0,273
TSL,980,0,0,0,0,0,980
TSLA,4029,0,0,0,0,0,4029
TSLG,389,0,0,0,0,0,389
TSLI,206,0,0,0,0,0,206
TSLL,980,0,0,0,0,0,980
TSLP,673,0,0,0,0,0,673
TSLQ,998,0,0,0,0,0,998
TSLR,716,0,0,0,0,0,716
TSLS,979,0,0,0,0,0,979
TSLT,679,0,0,0,0,0,679
TSLW,346,0,0,0,0,0,346
TSLX,3091,0,0,0,0,0,3091
TSLY,905,0,0,0,0,0,905
TSLZ,679,0,0,0,0,0,679
TSM,7228,0,0,0,0,0,7228
TSME,940,0,0,0,0,0,940
TSMG,370,0,0,0,0,0,370
TSMU,411,0,0,0,0,0,411
TSMX,439,0,0,0,0,0,439
TSMY,469,0,0,0,0,0,469
TSMZ,439,0,0,0,0,0,439
TSN,11670,0,0,0,0,0,11670
TSNF,129,0,0,0,0,0,129
TSOL,156,0,0,0,0,0,156
TSPA,1271,0,0,0,0,0,1271
TSPX,343,0,0,0,0,0,343
TSPY,473,0,0,0,0,0,473
TSQ,3005,0,0,0,0,0,3005
TSRS,129,0,0,0,0,0,129
TSSD,129,0,0,0,0,0,129
TSSI,5223,0,0,0,0,0,5223
TSUI,92,0,0,0,0,0,92
TSXD,190,0,0,0,0,0,190
TSXU,191,0,0,0,0,0,191
TSYW,160,0,0,0,0,0,160
TSYX,124,0,0,0,0,0,124
TSYY,386,0,0,0,0,0,386
TT,11670,0,0,0,0,0,11670
TTAM,353,0,0,0,0,0,353
TTAN,390,0,0,0,0,0,390
TTC,11670,0,0,0,0,0,11670
TTD,2460,0,0,0,0,0,2460
TTDU,201,0,0,0,0,0,201
TTE,8734,0,0,0,0,0,8734
TTEC,7529,0,0,0,0,0,7529
TTEK,8698,0,0,0,0,0,8698
TTEQ,424,0,0,0,0,0,424
TTGT,4814,0,0,0,0,0,4814
TTI,9130,0,0,0,0,0,9130
TTMI,6482,0,0,0,0,0,6482
TTMX,4,0,0,0,0,0,4
TTOP,160,0,0,0,0,0,160
TTRX,186,0,0,0,0,0,186
TTT,3587,0,0,0,0,0,3587
TTWO,7352,0,0,0,0,0,7352
TTXD,190,0,0,0,0,0,190
TTXU,190,0,0,0,0,0,190
TU,7565,0,0,0,0,0,7565
TUA,910,0,0,0,0,0,910
TUG,1034,0,0,0,0,0,1034
TUGN,1034,0,0,0,0,0,1034
TULP,8820,0,0,0,0,0,8820
TUR,4597,0,0,0,0,0,4597
TURB,698,0,0,0,0,0,698
TURF,267,0,0,0,0,0,267
TUSB,346,0,0,0,0,0,346
TUSI,979,0,0,0,0,0,979
TUSK,2443,0,0,0,0,0,2443
TUYA,1330,0,0,0,0,0,1330
TV,8194,0,0,0,0,0,8194
TVA,285,0,0,0,0,0,285
TVACU,302,0,0,0,0,0,302
TVACW,83,0,0,0,1,1,82
TVAI,254,0,0,0,0,0,254
TVAIU,286,0,0,0,0,0,286
TVAL,766,0,0,0,0,0,766
TVC,6973,0,0,0,0,0,6973
TVE,6824,0,0,0,0,0,6824
TVGN,1128,0,0,0,0,0,1128
TVGNW,83,0,0,0,1,1,82
TVIVU,12,0,0,0,0,0,12
TVRD,3125,0,0,0,0,0,3125
TVTX,3433,0,0,0,0,0,3433
TW,1823,0,0,0,0,0,1823
TWAV,7813,0,0,0,0,0,7813
TWFG,493,0,0,0,0,0,493
TWG,556,0,0,0,0,0,556
TWI,8338,0,0,0,0,0,8338
TWIN,11670,0,0,0,0,0,11670
TWLO,2522,0,0,0,0,0,2522
TWLV,122,0,0,0,0,0,122
TWLVU,140,0,0,0,0,0,140
TWM,4892,0,0,0,0,0,4892
TWN,9963,0,0,0,0,0,9963
TWO,4194,0,0,0,0,0,4194
TWOD,285,0,0,0,0,0,285
TWOX,368,0,0,0,0,0,368
TWSC,7,0,0,0,0,0,7
TWST,1928,0,0,0,0,0,1928
TX,5138,0,0,0,0,0,5138
TXBC,160,0,0,0,0,0,160
TXG,1712,0,0,0,0,0,1712
TXMD,4820,0,0,0,0,0,4820
TXN,13636,0,0,0,0,0,13636
TXNM,13456,0,0,0,0,0,13456
TXNU,71,0,0,0,0,0,71
TXO,862,0,0,0,0,0,862
TXRH,5472,0,0,0,0,0,5472
TXS,748,0,0,0,0,0,748
TXT,13456,0,0,0,0,0,13456
TXUE,365,0,0,0,0,0,365
TXUG,364,0,0,0,0,0,364
TXXD,155,0,0,0,0,0,155
TXXH,46,0,0,0,0,0,46
TXXI,330,0,0,0,0,0,330
TXXS,146,0,0,0,0,0,146
TY,11670,0,0,0,0,0,11670
TYA,1197,0,0,0,0,0,1197
TYD,4332,0,0,0,0,0,4332
TYG,5626,0,0,0,0,0,5626
TYGO,1213,0,0,0,0,0,1213
TYL,11670,0,0,0,0,0,11670
TYLD,627,0,0,0,0,0,627
TYLG,906,0,0,0,0,0,906
TYO,4332,0,0,0,0,0,4332
TYRA,1206,0,0,0,0,0,1206
TYYY,35,0,0,0,0,0,35
TZA,4432,0,0,0,0,0,4432
TZOO,6001,0,0,0,0,0,6001
U,1455,0,0,0,0,0,1455
UA,2586,0,0,0,0,0,2586
UAA,5187,0,0,0,0,0,5187
UAC,96,0,0,0,0,0,96
UAE,3063,0,0,0,0,0,3063
UAL,5135,0,0,0,0,0,5135
UAMY,6630,0,0,0,0,0,6630
UAN,3832,0,0,0,0,0,3832
UAPR,1826,0,0,0,0,0,1826
UAUG,1738,0,0,0,0,0,1738
UAVS,4812,0,0,0,0,0,4812
UBCP,8394,0,0,0,0,0,8394
UBER,1798,0,0,0,0,0,1798
UBEW,175,0,0,0,0,0,175
UBND,1192,0,0,0,0,0,1192
UBOT,2064,0,0,0,0,0,2064
UBR,4065,0,0,0,0,0,4065
UBRL,460,0,0,0,0,0,460
UBS,6573,0,0,0,0,0,6573
UBSI,9846,0,0,0,0,0,9846
UBT,4139,0,0,0,0,0,4139
UBXG,569,0,0,0,0,0,569
UCAR,805,0,0,0,0,0,805
UCB,6112,0,0,0,0,0,6112
UCC,4886,0,0,0,0,0,4886
UCFI,597,0,0,0,0,0,597
UCIB,2699,0,0,0,0,0,2699
UCL,1525,0,0,0,0,0,1525
UCO,4428,0,0,0,0,0,4428
UCON,2032,0,0,0,0,0,2032
UCOP,53,0,0,0,0,0,53
UCRD,1192,0,0,0,0,0,1192
UCTT,5605,0,0,0,0,0,5605
UCTX,7,0,0,0,0,0,7
UCYB,1370,0,0,0,0,0,1370
UDEC,1656,0,0,0,0,0,1656
UDI,1022,0,0,0,0,0,1022
UDIV,2536,0,0,0,0,0,2536
UDN,4868,0,0,0,0,0,4868
UDOW,4124,0,0,0,0,0,4124
UDR,11670,0,0,0,0,0,11670
UE,2883,0,0,0,0,0,2883
UEC,4843,0,0,0,0,0,4843
UECG,101,0,0,0,0,0,101
UEIC,8405,0,0,0,0,0,8405
UEVM,2182,0,0,0,0,0,2182
UFCS,11669,0,0,0,0,0,11669
UFEB,1614,0,0,0,0,0,1614
UFG,370,0,0,0,0,0,370
UFI,11670,0,0,0,0,0,11670
UFIV,821,0,0,0,0,0,821
UFO,1818,0,0,0,0,0,1818
UFOD,104,0,0,0,0,0,104
UFOX,1845,0,0,0,0,0,1845
UFPI,8217,0,0,0,0,0,8217
UFPT,8191,0,0,0,0,0,8191
UG,11670,0,0,0,0,0,11670
UGA,4617,0,0,0,0,0,4617
UGE,4887,0,0,0,0,0,4887
UGI,13456,0,0,0,0,0,13456
UGL,4423,0,0,0,0,0,4423
UGLD,26,0,0,0,0,0,26
UGP,6726,0,0,0,0,0,6726
UHAL,7968,0,0,0,0,0,7968
UHS,11339,0,0,0,0,0,11339
UHT,9956,0,0,0,0,0,9956
UI,3701,0,0,0,0,0,3701
UIS,13636,0,0,0,0,0,13636
UITB,2182,0,0,0,0,0,2182
UIVM,2182,0,0,0,0,0,2182
UJAN,1886,0,0,0,0,0,1886
UJB,3828,0,0,0,0,0,3828
UJUL,1987,0,0,0,0,0,1987
UJUN,1783,0,0,0,0,0,1783
UK,1672,0,0,0,0,0,1672
UL,11664,0,0,0,0,0,11664
ULBI,8440,0,0,0,0,0,8440
ULCC,1321,0,0,0,0,0,1321
ULE,4428,0,0,0,0,0,4428
ULH,5382,0,0,0,0,0,5382
ULS,559,0,0,0,0,0,559
ULST,3202,0,0,0,0,0,3202
ULTA,4702,0,0,0,0,0,4702
ULTI,169,0,0,0,0,0,169
ULTY,589,0,0,0,0,0,589
ULVM,2182,0,0,0,0,0,2182
UMAC,599,0,0,0,0,0,599
UMAL,12,0,0,0,0,0,12
UMAR,1595,0,0,0,0,0,1595
UMAY,1552,0,0,0,0,0,1552
UMBF,11670,0,0,0,0,0,11670
UMBFO,276,0,0,0,0,0,276
UMC,6486,0,0,0,0,0,6486
UMCX,9,0,0,0,0,0,9
UMDD,4124,0,0,0,0,0,4124
UMH,10423,0,0,0,0,0,10423
UMI,2159,0,0,0,0,0,2159
UMMA,1126,0,0,0,0,0,1126
UNB,6768,0,0,0,0,0,6768
UNCY,1252,0,0,0,0,0,1252
UNF,10701,0,0,0,0,0,10701
UNFI,7464,0,0,0,0,0,7464
UNG,4835,0,0,0,0,0,4835
UNH,10509,0,0,0,0,0,10509
UNHG,241,0,0,0,0,0,241
UNHU,71,0,0,0,0,0,71
UNHW,147,0,0,0,0,0,147
UNIT,2820,0,0,0,0,0,2820
UNIY,855,0,0,0,0,0,855
UNL,4151,0,0,0,0,0,4151
UNM,9990,0,0,0,0,0,9990
UNMA,2022,0,0,0,0,0,2022
UNOV,1676,0,0,0,0,0,1676
UNP,11722,0,0,0,0,0,11722
UNTY,7415,0,0,0,0,0,7415
UNX,202,0,0,0,0,0,202
UOCT,1950,0,0,0,0,0,1950
UONE,6833,0,0,0,0,0,6833
UONEK,6558,0,0,0,0,0,6558
UP,1412,0,0,0,0,0,1412
UPAL,53,0,0,0,0,0,53
UPAR,1129,0,0,0,0,0,1129
UPB,433,0,0,0,0,0,433
UPBD,7913,0,0,0,0,0,7913
UPC,1328,0,0,0,0,0,1328
UPGD,5063,0,0,0,0,0,5063
UPGR,747,0,0,0,0,0,747
UPLD,2931,0,0,0,0,0,2931
UPLT,53,0,0,0,0,0,53
UPRO,4283,0,0,0,0,0,4283
UPS,6702,0,0,0,0,0,6702
UPSD,404,0,0,0,0,0,404
UPSG,141,0,0,0,0,0,141
UPST,1393,0,0,0,0,0,1393
UPSX,269,0,0,0,0,0,269
UPV,4065,0,0,0,0,0,4065
UPW,4887,0,0,0,0,0,4887
UPWK,1948,0,0,0,0,0,1948
UPXI,1263,0,0,0,0,0,1263
URA,3938,0,0,0,0,0,3938
URAA,508,0,0,0,0,0,508
URAN,446,0,0,0,0,0,446
URBN,8218,0,0,0,0,0,8218
URE,4886,0,0,0,0,0,4886
URG,4514,0,0,0,0,0,4514
URGN,2305,0,0,0,0,0,2305
URI,7179,0,0,0,0,0,7179
URNJ,858,0,0,0,0,0,858
URNM,1654,0,0,0,0,0,1654
UROY,1303,0,0,0,0,0,1303
URSP,215,0,0,0,0,0,215
URTH,3640,0,0,0,0,0,3640
URTY,4124,0,0,0,0,0,4124
USA,9999,0,0,0,0,0,9999
USAC,3388,0,0,0,0,0,3388
USAF,405,0,0,0,0,0,405
USAI,2150,0,0,0,0,0,2150
USAR,746,0,0,0,0,0,746
USAS,5708,0,0,0,0,0,5708
USAU,11670,0,0,0,0,0,11670
USAX,120,0,0,0,0,0,120
USB,13406,0,0,0,0,0,13406
USBC,5085,0,0,0,0,0,5085
USCA,814,0,0,0,0,0,814
USCB,1243,0,0,0,0,0,1243
USCI,4000,0,0,0,0,0,4000
USCL,771,0,0,0,0,0,771
USD,4887,0,0,0,0,0,4887
USDE,7,0,0,0,0,0,7
USDEW,7,0,0,0,0,0,7
USDU,3154,0,0,0,0,0,3154
USDX,589,0,0,0,0,0,589
USE,795,0,0,0,0,0,795
USEA,1004,0,0,0,0,0,1004
USEP,1719,0,0,0,0,0,1719
USEW,135,0,0,0,0,0,135
USFD,2541,0,0,0,0,0,2541
USFE,110,0,0,0,0,0,110
USFI,738,0,0,0,0,0,738
USFR,3123,0,0,0,0,0,3123
USG,1171,0,0,0,0,0,1171
USGG,120,0,0,0,0,0,120
USGO,805,0,0,0,0,0,805
USHY,2183,0,0,0,0,0,2183
USIG,4901,0,0,0,0,0,4901
USIN,579,0,0,0,0,0,579
USIO,6885,0,0,0,0,0,6885
USL,4673,0,0,0,0,0,4673
USLM,11670,0,0,0,0,0,11670
USLN,86,0,0,0,0,0,86
USLV,28,0,0,0,0,0,28
USMC,2193,0,0,0,0,0,2193
USMD,103,0,0,0,0,0,103
USMF,2266,0,0,0,0,0,2266
USML,1357,0,0,0,0,0,1357
USMV,3697,0,0,0,0,0,3697
USNA,8118,0,0,0,0,0,8118
USNG,283,0,0,0,0,0,283
USNZ,1008,0,0,0,0,0,1008
USO,5091,0,0,0,0,0,5091
USOI,2311,0,0,0,0,0,2311
USOY,539,0,0,0,0,0,539
USPH,8585,0,0,0,0,0,8585
USPX,2536,0,0,0,0,0,2536
USRD,641,0,0,0,0,0,641
USRT,4823,0,0,0,0,0,4823
USSE,714,0,0,0,0,0,714
USSG,1842,0,0,0,0,0,1842
USSH,579,0,0,0,0,0,579
UST,4131,0,0,0,0,0,4131
USTB,2182,0,0,0,0,0,2182
USVM,2182,0,0,0,0,0,2182
USVN,821,0,0,0,0,0,821
USX,23,0,0,0,0,0,23
USXF,1519,0,0,0,0,0,1519
UTEN,980,0,0,0,0,0,980
UTES,2710,0,0,0,0,0,2710
UTF,5604,0,0,0,0,0,5604
UTG,5626,0,0,0,0,0,5626
UTHR,6804,0,0,0,0,0,6804
UTHY,821,0,0,0,0,0,821
UTI,5671,0,0,0,0,0,5671
UTL,10412,0,0,0,0,0,10412
UTMD,6875,0,0,0,0,0,6875
UTRE,821,0,0,0,0,0,821
UTSI,6624,0,0,0,0,0,6624
UTSL,2306,0,0,0,0,0,2306
UTWO,980,0,0,0,0,0,980
UTWY,821,0,0,0,0,0,821
UTZ,1911,0,0,0,0,0,1911
UUP,4868,0,0,0,0,0,4868
UUPP,31,0,0,0,0,0,31
UUU,11250,0,0,0,0,0,11250
UUUG,120,0,0,0,0,0,120
UUUU,4856,0,0,0,0,0,4856
UVE,5807,0,0,0,0,0,5807
UVIX,1070,0,0,0,0,0,1070
UVSP,7099,0,0,0,0,0,7099
UVV,13456,0,0,0,0,0,13456
UVXY,3709,0,0,0,0,0,3709
UWM,4892,0,0,0,0,0,4892
UWMC,1552,0,0,0,0,0,1552
UX,360,0,0,0,0,0,360
UXAP,304,0,0,0,0,0,304
UXI,4886,0,0,0,0,0,4886
UXIN,2016,0,0,0,0,0,2016
UXJA,366,0,0,0,0,0,366
UXJL,242,0,0,0,0,0,242
UXOC,427,0,0,0,0,0,427
UXRP,246,0,0,0,0,0,246
UYG,4887,0,0,0,0,0,4887
UYLD,926,0,0,0,0,0,926
UYM,4887,0,0,0,0,0,4887
UYSC,279,0,0,0,0,0,279
UYSCU,318,0,0,0,0,0,318
UZD,1475,0,0,0,0,0,1475
UZE,1394,0,0,0,0,0,1394
UZF,1283,0,0,0,0,0,1283
UZX,637,0,0,0,0,0,637
V,4603,0,0,0,0,0,4603
VABK,6835,0,0,0,0,0,6835
VABS,1356,0,0,0,0,0,1356
VAC,3684,0,0,0,0,0,3684
VACI,155,0,0,0,0,0,155
VAIE,38,0,0,0,0,0,38
VAL,1300,0,0,0,0,0,1300
VALE,6112,0,0,0,0,0,6112
VALG,136,0,0,0,0,0,136
VALN,1298,0,0,0,0,0,1298
VALQ,2129,0,0,0,0,0,2129
VALU,10874,0,0,0,0,0,10874
VAMO,2721,0,0,0,0,0,2721
VANI,2922,0,0,0,0,0,2922
VATE,4272,0,2729,0,0,2729,1543
VAVX,112,0,0,0,0,0,112
VAW,5643,0,0,0,0,0,5643
VB,5643,0,0,0,0,0,5643
VBCA,70,0,0,0,0,0,70
VBCB,70,0,0,0,0,0,70
VBCC,70,0,0,0,0,0,70
VBCD,70,0,0,0,0,0,70
VBCE,70,0,0,0,0,0,70
VBCF,70,0,0,0,0,0,70
VBCG,70,0,0,0,0,0,70
VBCH,70,0,0,0,0,0,70
VBCI,70,0,0,0,0,0,70
VBCJ,70,0,0,0,0,0,70
VBF,10971,0,0,0,0,0,10971
VBIL,350,0,0,0,0,0,350
VBIO,1165,0,0,0,0,0,1165
VBK,5643,0,0,0,0,0,5643
VBNB,26,0,0,0,0,0,26
VBND,2946,0,0,0,0,0,2946
VBNK,1218,0,0,0,0,0,1218
VBR,5643,0,0,0,0,0,5643
VBX,23,0,0,0,0,0,23
VC,3961,0,0,0,0,0,3961
VCEB,1451,0,0,0,0,0,1451
VCEL,7400,0,0,0,0,0,7400
VCHY,22,0,0,0,0,0,22
VCIG,810,0,0,0,0,0,810
VCIT,4178,0,0,0,0,0,4178
VCLN,1235,0,0,0,0,0,1235
VCLT,4178,0,0,0,0,0,4178
VCOB,156,0,0,0,0,0,156
VCR,5643,0,0,0,0,0,5643
VCRB,640,0,0,0,0,0,640
VCRE,2,0,0,0,0,0,2
VCRM,404,0,0,0,0,0,404
VCSH,4178,0,0,0,0,0,4178
VCTR,2112,0,0,0,0,0,2112
VCV,8324,0,0,0,0,0,8324
VCX,75,0,0,0,0,0,75
VCYT,3188,0,0,0,0,0,3188
VDC,5643,0,0,0,0,0,5643
VDE,5476,0,0,0,0,0,5476
VDG,56,0,0,0,0,0,56
VDI,147,0,0,0,0,0,147
VDIG,157,0,0,0,0,0,157
VDV,56,0,0,0,0,0,56
VEA,4766,0,0,0,0,0,4766
VECA,33,0,0,0,0,0,33
VECO,7952,0,0,0,0,0,7952
VEEA,1297,0,0,0,0,0,1297
VEEAW,82,0,0,0,0,0,82
VEEE,1245,0,0,0,0,0,1245
VEEV,3198,0,0,0,0,0,3198
VEFA,65,0,0,0,0,0,65
VEGA,3468,0,0,0,0,0,3468
VEGI,3626,0,0,0,0,0,3626
VEGN,1714,0,0,0,0,0,1714
VEL,1624,0,0,0,0,0,1624
VELL,21,0,0,0,0,0,21
VELO,1368,0,0,0,0,0,1368
VEM,105,0,0,0,0,0,105
VEMY,892,0,0,0,0,0,892
VENU,400,0,0,0,0,0,400
VEON,7454,0,0,0,0,0,7454
VERA,1291,0,0,0,0,0,1291
VERI,2299,0,0,0,0,0,2299
VERS,1079,0,0,0,0,0,1079
VERU,6891,0,0,0,0,0,6891
VERX,1491,0,0,0,0,0,1491
VET,3976,0,0,0,0,0,3976
VETZ,734,0,0,0,0,0,734
VEU,4863,0,0,0,0,0,4863
VEXC,190,0,0,0,0,0,190
VFC,11670,0,0,0,0,0,11670
VFF,1853,0,0,0,0,0,1853
VFH,5643,0,0,0,0,0,5643
VFL,8401,0,0,0,0,0,8401
VFLO,762,0,0,0,0,0,762
VFMF,2107,0,0,0,0,0,2107
VFMO,2106,0,0,0,0,0,2106
VFMV,2107,0,0,0,0,0,2107
VFQY,2107,0,0,0,0,0,2107
VFS,1212,0,0,0,0,0,1212
VFSWW,717,0,0,0,0,0,717
VFVA,2107,0,0,0,0,0,2107
VG,363,0,0,0,0,0,363
VGAS,1193,0,0,0,0,0,1193
VGASW,83,0,0,0,1,1,82
VGHY,201,0,0,0,0,0,201
VGI,3611,0,0,0,0,0,3611
VGIT,4178,0,0,0,0,0,4178
VGK,5364,0,0,0,0,0,5364
VGLT,4151,0,0,0,0,0,4151
VGM,8655,0,0,0,0,0,8655
VGMS,268,0,0,0,0,0,268
VGNT,69,0,0,0,0,0,69
VGRO,133,0,0,0,0,0,133
VGSH,4178,0,0,0,0,0,4178
VGSR,648,0,0,0,0,0,648
VGT,5643,0,0,0,0,0,5643
VGUS,350,0,0,0,0,0,350
VGVT,250,0,0,0,0,0,250
VGZ,10479,0,0,0,0,0,10479
VHC,6774,0,0,0,0,0,6774
VHCP,102,0,0,0,0,0,102
VHCPU,136,0,0,0,0,0,136
VHI,11670,0,5429,0,0,5429,6241
VHT,5643,0,0,0,0,0,5643
VHUB,108,0,0,0,0,0,108
VIA,204,0,0,0,0,0,204
VIAG,1,0,0,0,0,0,1
VIAV,8212,0,0,0,0,0,8212
VICE,2150,0,0,0,0,0,2150
VICI,2138,0,0,0,0,0,2138
VICR,9130,0,0,0,0,0,9130
VIDA,35,0,0,0,0,0,35
VIDI,3188,0,0,0,0,0,3188
VIG,5076,0,0,0,0,0,5076
VIGI,2601,0,0,0,0,0,2601
VIK,546,0,0,0,0,0,546
VINP,1365,0,0,0,0,0,1365
VIOG,3979,0,0,0,0,0,3979
VIOO,3979,0,0,0,0,0,3979
VIOT,1954,0,0,0,0,0,1954
VIOV,3979,0,0,0,0,0,3979
VIPS,3591,0,0,0,0,0,3591
VIR,1691,0,0,0,0,0,1691
VIRC,11669,0,0,0,0,0,11669
VIRT,2822,0,0,0,0,0,2822
VIS,5476,0,0,0,0,0,5476
VISN,3191,0,0,0,0,0,3191
VIST,1745,0,0,0,0,0,1745
VITL,1489,0,0,0,0,0,1489
VIV,6950,0,0,0,0,0,6950
VIVK,4234,0,0,0,0,0,4234
VIVO,2794,0,0,0,0,0,2794
VIVS,3618,0,0,0,0,0,3618
VIXM,3898,0,0,0,0,0,3898
VIXY,3898,0,0,0,0,0,3898
VKI,8236,0,0,0,0,0,8236
VKQ,8715,0,0,0,0,0,8715
VKTX,2814,0,0,0,0,0,2814
VLGEA,13456,0,0,0,0,0,13456
VLLU,459,0,0,0,0,0,459
VLN,1195,0,0,0,0,0,1195
VLO,11216,0,0,0,0,0,11216
VLRS,3218,0,0,0,0,0,3218
VLT,9370,0,0,0,0,0,9370
VLTO,690,0,0,0,0,0,690
VLU,3441,0,0,0,0,0,3441
VLUE,3324,0,0,0,0,0,3324
VLY,9137,0,0,0,0,0,9137
VLYPN,485,0,0,0,0,0,485
VLYPO,1942,0,0,0,0,0,1942
VLYPP,1942,0,0,0,0,0,1942
VMAR,1408,0,0,0,0,0,1408
VMAX,646,0,0,0,0,0,646
VMBS,4178,0,0,0,0,0,4178
VMC,13456,0,0,0,0,0,13456
VMD,1735,0,0,0,0,0,1735
VMET,88,0,0,0,0,0,88
VMI,13456,0,0,0,0,0,13456
VMO,8582,0,0,0,0,0,8582
VMSB,147,0,0,0,0,0,147
VNAM,1145,0,0,0,0,0,1145
VNCE,3171,0,0,0,0,0,3171
VNDA,5089,0,0,0,0,0,5089
VNET,3823,0,0,0,0,0,3823
VNIE,286,0,0,0,0,0,286
VNLA,2416,0,0,0,0,0,2416
VNM,4248,0,0,0,0,0,4248
VNME,218,0,0,0,0,0,218
VNMEU,254,0,0,0,0,0,254
VNMEW,82,0,0,0,0,0,82
VNO,11670,0,0,0,0,0,11670
VNOM,3030,0,0,0,0,0,3030
VNQ,5476,0,0,0,0,0,5476
VNQI,3942,0,0,0,0,0,3942
VNRX,3606,0,0,0,0,0,3606
VNSE,1456,0,0,0,0,0,1456
VNT,1451,0,0,0,0,0,1451
VNTG,268,0,0,0,0,0,268
VO,5643,0,0,0,0,0,5643
VOC,3813,0,0,0,0,0,3813
VOD,9487,0,0,0,0,0,9487
VOE,4995,0,0,0,0,0,4995
VOLT,395,0,0,0,0,0,395
VONE,3970,0,0,0,0,0,3970
VONG,3970,0,0,0,0,0,3970
VONV,3970,0,0,0,0,0,3970
VOO,3979,0,0,0,0,0,3979
VOOG,3979,0,0,0,0,0,3979
VOOV,3979,0,0,0,0,0,3979
VOOX,23,0,0,0,0,0,23
VOR,1359,0,0,0,0,0,1359
VOT,4995,0,0,0,0,0,4995
VOTE,1264,0,0,0,0,0,1264
VOX,5476,0,0,0,0,0,5476
VOXP,918,0,0,0,0,0,918
VOXR,1487,0,0,0,0,0,1487
VOYA,3314,0,0,0,0,0,3314
VOYG,268,0,0,0,0,0,268
VPC,1861,0,0,0,0,0,1861
VPG,4033,0,0,0,0,0,4033
VPL,5364,0,0,0,0,0,5364
VPLS,645,0,0,0,0,0,645
VPU,5643,0,0,0,0,0,5643
VPV,8324,0,0,0,0,0,8324
VPX,80,0,0,0,0,0,80
VRA,3949,0,0,0,0,0,3949
VRAI,1861,0,0,0,0,0,1861
VRAX,993,0,0,0,0,0,993
VRCA,2024,0,0,0,0,0,2024
VRDN,3030,0,0,0,0,0,3030
VREX,2376,0,0,0,0,0,2376
VRIG,2459,0,0,0,0,0,2459
VRM,345,0,0,0,0,0,345
VRME,6432,0,0,0,0,0,6432
VRNS,3106,0,0,0,0,0,3106
VRP,3063,0,0,0,0,0,3063
VRRM,2333,0,0,0,0,0,2333
VRSK,4211,0,0,0,0,0,4211
VRSN,7151,0,0,0,0,0,7151
VRT,1991,0,0,0,0,0,1991
VRTL,322,0,0,0,0,0,322
VRTS,4403,0,0,0,0,0,4403
VRTX,8800,0,0,0,0,0,8800
VRXA,442,0,0,0,0,0,442
VS,3493,0,0,0,0,0,3493
VSA,3082,0,0,0,0,0,3082
VSAT,7443,0,0,0,0,0,7443
VSDA,2317,0,0,0,0,0,2317
VSDB,315,0,0,0,0,0,315
VSDM,404,0,0,0,0,0,404
VSEC,11012,0,0,0,0,0,11012
VSECU,104,0,0,0,0,0,104
VSEE,1131,0,0,0,0,0,1131
VSEEW,82,0,0,0,0,0,82
VSGX,1957,0,0,0,0,0,1957
VSH,11670,0,0,0,0,0,11670
VSHY,2401,0,0,0,0,0,2401
VSLU,1301,0,0,0,0,0,1301
VSME,695,0,0,0,0,0,695
VSMV,2269,0,0,0,0,0,2269
VSNT,139,0,0,0,0,0,139
VSOL,158,0,0,0,0,0,158
VSS,4339,0,0,0,0,0,4339
VST,2450,0,0,0,0,0,2450
VSTD,958,0,0,0,0,0,958
VSTL,241,0,0,0,0,0,241
VSTM,3630,0,0,0,0,0,3630
VSTS,695,0,0,0,0,0,695
VSXY,1245,0,0,0,0,0,1245
VT,4534,0,0,0,0,0,4534
VTAK,1952,0,0,0,0,0,1952
VTC,2173,0,0,0,0,0,2173
VTEB,2731,0,0,0,0,0,2731
VTEC,610,0,0,0,0,0,610
VTEI,610,0,0,0,0,0,610
VTEL,281,0,0,0,0,0,281
VTES,834,0,0,0,0,0,834
VTEX,1245,0,0,0,0,0,1245
VTG,249,0,0,0,0,0,249
VTGN,3782,0,0,0,0,0,3782
VTHR,3970,0,0,0,0,0,3970
VTI,6300,0,0,0,0,0,6300
VTIP,3448,0,0,0,0,0,3448
VTIX,111,0,0,0,0,0,111
VTMX,756,0,0,0,0,0,756
VTN,8596,0,0,0,0,0,8596
VTOL,3384,0,0,0,0,0,3384
VTP,249,0,0,0,0,0,249
VTR,7338,0,0,0,0,0,7338
VTRS,11670,0,0,0,0,0,11670
VTS,874,0,0,0,0,0,874
VTSI,3463,0,0,0,0,0,3463
VTV,5643,0,0,0,0,0,5643
VTVT,2749,0,0,0,0,0,2749
VTWG,3970,0,0,0,0,0,3970
VTWO,3970,0,0,0,0,0,3970
VTWV,3970,0,0,0,0,0,3970
VUG,5643,0,0,0,0,0,5643
VUS,147,0,0,0,0,0,147
VUSB,1318,0,0,0,0,0,1318
VUSE,3132,0,0,0,0,0,3132
VUSG,157,0,0,0,0,0,157
VUSI,156,0,0,0,0,0,156
VUSV,157,0,0,0,0,0,157
VUZI,4089,0,0,0,0,0,4089
VV,5643,0,0,0,0,0,5643
VVOS,1396,0,0,0,0,0,1396
VVR,7051,0,0,0,0,0,7051
VVV,2458,0,0,0,0,0,2458
VVX,2968,0,0,0,0,0,2968
VWAV,246,0,0,0,0,0,246
VWAVW,83,0,0,0,1,1,82
VWO,5364,0,0,0,0,0,5364
VWOB,3292,0,0,0,0,0,3292
VXF,6164,0,0,0,0,0,6164
VXUS,3881,0,0,0,0,0,3881
VXX,2122,0,0,0,0,0,2122
VXZ,2122,0,0,0,0,0,2122
VYGR,2676,0,0,0,0,0,2676
VYLD,324,0,0,0,0,0,324
VYM,4937,0,0,0,0,0,4937
VYMI,2601,0,0,0,0,0,2601
VYNE,2122,0,0,0,0,0,2122
VYX,7437,0,0,0,0,0,7437
VZ,10738,0,0,0,0,0,10738
VZLA,1117,0,0,0,0,0,1117
W,2956,0,0,0,0,0,2956
WAB,7814,0,0,0,0,0,7814
WABC,11670,0,0,0,0,0,11670
WABF,699,0,0,0,0,0,699
WAFD,11000,0,0,0,0,0,11000
WAFDP,1362,0,0,0,0,0,1362
WAFU,1806,0,0,0,0,0,1806
WAGN,102,0,0,0,0,0,102
WAI,807,0,0,0,0,0,807
WAL,5285,0,0,0,0,0,5285
WALD,1293,0,0,0,0,0,1293
WALDW,1288,0,0,0,0,0,1288
WAMA,80,0,0,0,0,0,80
WANT,1908,0,0,0,0,0,1908
WAR,378,0,0,0,0,0,378
WARP,41,0,0,0,0,0,41
WASH,9844,0,0,0,0,0,9844
WAT,7706,0,0,0,0,0,7706
WATS,42,0,0,0,0,0,42
WATT,3086,0,0,0,0,0,3086
WAVE,1258,0,0,0,0,0,1258
WAY,520,0,0,0,0,0,520
WB,3072,0,0,0,0,0,3072
WBD,5281,0,0,0,0,0,5281
WBI,201,0,0,0,0,0,201
WBIF,2981,0,0,0,0,0,2981
WBIG,2981,0,0,0,0,0,2981
WBIL,2981,0,0,0,0,0,2981
WBIY,2395,0,0,0,0,0,2395
WBS,9965,0,0,0,0,0,9965
WBTN,507,0,0,0,0,0,507
WBUY,679,0,0,0,0,0,679
WBX,1310,0,0,0,0,0,1310
WCAP,205,0,0,0,0,0,205
WCBR,1365,0,0,0,0,0,1365
WCC,6829,0,0,0,0,0,6829
WCEO,875,0,0,0,0,0,875
WCLD,1716,0,0,0,0,0,1716
WCME,433,0,0,0,0,0,433
WCMG,52,0,0,0,0,0,52
WCMI,437,0,0,0,0,0,437
WCN,7073,0,0,0,0,0,7073
WCPB,225,0,0,0,0,0,225
WCT,440,0,0,0,0,0,440
WD,3911,0,0,0,0,0,3911
WDAF,204,0,0,0,0,0,204
WDAI,41,0,0,0,0,0,41
WDAY,3450,0,0,0,0,0,3450
WDC,12017,0,0,0,0,0,12017
WDCX,111,0,0,0,0,0,111
WDE,31,0,0,0,0,0,31
WDEF,244,0,0,0,0,0,244
WDFC,13406,0,0,0,0,0,13406
WDGF,204,0,0,0,0,0,204
WDH,1296,0,0,0,0,0,1296
WDI,1262,0,0,0,0,0,1262
WDIG,41,0,0,0,0,0,41
WDIV,3295,0,0,0,0,0,3295
WDNA,1278,0,0,0,0,0,1278
WDRN,36,0,0,0,0,0,36
WDS,7453,0,0,0,0,0,7453
WDTE,701,0,0,0,0,0,701
WEA,6108,0,0,0,0,0,6108
WEAT,3720,0,0,0,0,0,3720
WEAV,1165,0,0,0,0,0,1165
WEBL,1672,0,0,0,0,0,1672
WEBS,1672,0,0,0,0,0,1672
WEBX,23,0,0,0,0,0,23
WEC,11670,0,0,0,0,0,11670
WEED,1056,0,0,0,0,0,1056
WEEI,546,0,0,0,0,0,546
WEEK,335,0,0,0,0,0,335
WEEL,535,0,0,0,0,0,535
WELD,790,0,0,0,0,0,790
WELL,11668,0,0,0,0,0,11668
WEN,11635,0,0,0,0,0,11635
WENC,37,0,0,0,0,0,37
WENN,252,0,0,0,0,0,252
WENNU,285,0,0,0,0,0,285
WENNW,82,0,0,0,0,0,82
WEPN,87,0,0,0,0,0,87
WERN,10087,0,0,0,0,0,10087
WES,3412,0,0,0,0,0,3412
WEST,1181,0,0,0,0,0,1181
WETH,595,0,0,0,0,0,595
WETO,340,0,0,0,0,0,340
WEX,5379,0,0,0,0,0,5379
WEYS,11670,0,0,0,0,0,11670
WF,5726,0,0,0,0,0,5726
WFC,13636,0,0,0,0,0,13636
WFCF,4938,0,0,0,0,0,4938
WFF,320,0,0,0,0,0,320
WFG,4374,0,0,0,0,0,4374
WFRD,1382,0,0,0,0,0,1382
WGMI,1105,0,0,0,0,0,1105
WGO,13456,0,0,0,0,0,13456
WGRX,344,0,0,0,0,0,344
WGS,1422,0,0,0,0,0,1422
WGSWW,83,0,0,0,1,1,82
WH,2042,0,0,0,0,0,2042
WHD,2112,0,0,0,0,0,2112
WHF,3414,0,0,0,0,0,3414
WHFCL,716,0,0,0,0,0,716
WHG,6054,0,0,0,0,0,6054
WHK,19,0,0,0,0,0,19
WHLR,3426,0,0,0,0,0,3426
WHLRD,2251,0,0,0,0,0,2251
WHLRL,196,0,0,0,0,0,196
WHLRP,2875,0,0,0,0,0,2875
WHR,13456,0,0,0,0,0,13456
WHWK,2106,0,0,0,0,0,2106
WIA,5728,0,0,0,0,0,5728
WILC,7327,0,0,0,0,0,7327
WIMA,80,0,0,0,0,0,80
WIMI,1573,0,0,0,0,0,1573
WINA,8271,0,0,0,0,0,8271
WING,2782,0,0,0,0,0,2782
WINN,1108,0,0,0,0,0,1108
WIP,4603,0,0,0,0,0,4603
WISE,644,0,0,0,0,0,644
WIT,6464,0,0,0,0,0,6464
WIW,5626,0,0,0,0,0,5626
WIX,3183,0,0,0,0,0,3183
WK,2906,0,0,0,0,0,2906
WKC,10039,0,0,0,0,0,10039
WKEY,1880,0,0,0,0,0,1880
WKHS,4048,0,0,0,0,0,4048
WKSP,6296,0,0,0,0,0,6296
WLCOU,12,0,0,0,0,0,12
WLDN,4934,0,0,0,0,0,4934
WLDR,2128,0,0,0,0,0,2128
WLDS,956,0,0,0,0,0,956
WLDSW,83,0,0,0,1,1,82
WLDU,82,0,0,0,0,0,82
WLFC,7496,0,0,0,0,0,7496
WLII,64,0,0,0,0,0,64
WLIIU,98,0,0,0,0,0,98
WLK,5509,0,0,0,0,0,5509
WLKP,3001,0,0,0,0,0,3001
WLTG,1148,0,0,0,0,0,1148
WLTH,139,0,0,0,0,0,139
WLY,13636,0,0,0,0,0,13636
WLYB,11040,0,0,0,1,1,11039
WM,9580,0,0,0,0,0,9580
WMB,11217,0,0,0,0,0,11217
WMG,1530,0,0,0,0,0,1530
WMK,11670,0,0,0,0,0,11670
WMS,3004,0,0,0,0,0,3004
WMSB,166,0,0,0,0,0,166
WMT,13576,0,0,0,0,0,13576
WMTI,167,0,0,0,0,0,167
WNC,8724,0,0,0,0,0,8724
WNDR,42,0,0,0,0,0,42
WNEB,6083,0,0,0,0,0,6083
WNTR,320,0,0,0,0,0,320
WNW,1394,0,0,0,0,0,1394
WOK,467,0,0,0,0,0,467
WOLF,193,0,0,0,0,0,193
WOMN,1971,0,0,0,0,0,1971
WOOD,4535,0,0,0,0,0,4535
WOOF,1374,0,0,0,0,0,1374
WOR,11670,0,0,0,0,0,11670
WPAC,92,0,0,0,0,0,92
WPC,7158,0,0,0,0,0,7158
WPM,5283,0,0,0,0,0,5283
WPP,9702,0,0,0,0,0,9702
WPRT,4499,0,0,0,0,0,4499
WQTM,185,0,0,0,0,0,185
WR,42,0,0,0,0,0,42
WRAP,2037,0,0,0,0,0,2037
WRB,13286,0,0,0,0,0,13286
WRBY,1196,0,0,0,0,0,1196
WRD,423,0,0,0,0,0,423
WRLD,8712,0,0,0,0,0,8712
WRN,5063,0,0,0,0,0,5063
WRND,1105,0,0,0,0,0,1105
WRTH,48,0,0,0,0,0,48
WS,652,0,0,0,0,0,652
WSBC,9864,0,0,0,0,0,9864
WSBCO,205,0,0,0,0,0,205
WSBF,5219,0,0,0,0,0,5219
WSBK,295,0,0,0,0,0,295
WSC,2680,0,0,0,0,0,2680
WSDB,66,0,0,0,0,0,66
WSE,39,0,0,0,0,0,39
WSFS,9976,0,0,0,0,0,9976
WSGE,140,0,0,0,0,0,140
WSHP,159,0,0,0,0,0,159
WSM,10834,0,0,0,0,0,10834
WSML,315,0,0,0,0,0,315
WSO,10601,0,0,0,0,0,10601
WSR,3988,0,0,0,0,0,3988
WST,11670,0,0,0,0,0,11670
WSTN,128,0,0,0,0,0,128
WSTNU,120,0,0,0,0,0,120
WT,8392,0,0,0,0,0,8392
WTAI,1146,0,0,0,0,0,1146
WTBA,6836,0,0,0,0,0,6836
WTBN,636,0,0,0,0,0,636
WTF,317,0,0,0,0,0,317
WTFC,7099,0,0,0,0,0,7099
WTFCN,290,0,0,0,0,0,290
WTG,242,0,0,0,0,0,242
WTGUU,277,0,0,0,0,0,277
WTI,5392,0,0,0,0,0,5392
WTIB,141,0,0,0,0,0,141
WTID,849,0,0,0,0,0,849
WTIP,263,0,0,0,0,0,263
WTIU,849,0,0,0,0,0,849
WTLS,113,0,0,0,0,0,113
WTM,10253,0,0,0,0,0,10253
WTMF,3897,0,0,0,0,0,3897
WTMU,315,0,0,0,0,0,315
WTMY,315,0,0,0,0,0,315
WTPI,2605,0,0,0,0,0,2605
WTRE,4802,0,0,0,0,0,4802
WTRG,11670,0,0,0,0,0,11670
WTS,10044,0,0,0,0,0,10044
WTTR,2269,0,0,0,0,0,2269
WTV,4872,0,0,0,0,0,4872
WTW,6303,0,0,0,0,0,6303
WU,4970,0,0,0,0,0,4970
WUGI,1574,0,0,0,0,0,1574
WULF,8117,0,0,0,0,0,8117
WULX,175,0,0,0,0,0,175
WVE,2676,0,0,0,0,0,2676
WVVI,8005,0,0,0,0,0,8005
WVVIP,2475,0,0,0,0,0,2475
WW,257,0,0,0,0,0,257
WWD,8118,0,0,0,0,0,8118
WWJD,1698,0,0,0,0,0,1698
WWR,7164,0,0,0,0,0,7164
WWW,11670,0,0,0,0,0,11670
WX,23,0,0,0,0,0,23
WXET,382,0,0,0,0,0,382
WXM,317,0,0,0,0,0,317
WY,13406,0,0,0,0,0,13406
WYFI,229,0,0,0,0,0,229
WYFL,22,0,0,0,0,0,22
WYHG,401,0,0,0,0,0,401
WYNN,5960,0,0,0,0,0,5960
WYY,7076,0,0,0,0,0,7076
WZRD,259,0,0,0,0,0,259
XA,42,0,0,0,0,0,42
XAGG,162,0,0,0,0,0,162
XAGI,23,0,0,0,0,0,23
XAIR,2027,0,0,0,0,0,2027
XAIX,482,0,0,0,0,0,482
XAPR,553,0,0,0,0,0,553
XAR,3712,0,0,0,0,0,3712
XAUG,721,0,0,0,0,0,721
XB,1030,0,0,0,0,0,1030
XBAP,1321,0,0,0,0,0,1321
XBB,1030,0,0,0,0,0,1030
XBCI,106,0,0,0,0,0,106
XBFR,92,0,0,0,0,0,92
XBI,5135,0,0,0,0,0,5135
XBIL,836,0,0,0,0,0,836
XBIO,2517,0,0,0,0,0,2517
XBIT,2823,0,0,0,0,0,2823
XBIX,23,0,0,0,0,0,23
XBJA,1130,0,0,0,0,0,1130
XBJL,1258,0,0,0,0,0,1258
XBNB,48,0,0,0,0,0,48
XBOC,1194,0,0,0,0,0,1194
XBOX,75,0,0,0,0,0,75
XBP,1298,0,0,0,0,0,1298
XBPEW,82,0,0,0,0,0,82
XBTY,288,0,0,0,0,0,288
XC,949,0,0,0,0,0,949
XCBE,79,0,0,0,0,0,79
XCBEU,115,0,0,0,0,0,115
XCCC,1030,0,0,0,0,0,1030
XCEM,2725,0,0,0,0,0,2725
XCH,456,0,0,0,0,0,456
XCHG,137,0,0,0,0,0,137
XCLR,1326,0,0,0,0,0,1326
XCNY,459,0,0,0,0,0,459
XCOM,23,0,0,0,0,0,23
XCOR,932,0,0,0,0,0,932
XCUR,2041,0,0,0,0,0,2041
XDAT,1374,0,0,0,0,0,1374
XDEC,1139,0,0,0,0,0,1139
XDEF,99,0,0,0,0,0,99
XDIV,249,0,0,0,0,0,249
XDQQ,1321,0,0,0,0,0,1321
XDSQ,1321,0,0,0,0,0,1321
XDTE,584,0,0,0,0,0,584
XE,50,0,0,0,0,0,50
XEL,13456,0,0,0,0,0,13456
XELB,3458,0,0,0,0,0,3458
XELLL,186,0,0,0,0,0,186
XEMD,1007,0,0,0,0,0,1007
XEML,130,0,0,0,0,0,130
XENE,2932,0,0,0,0,0,2932
XERS,2020,0,0,0,0,0,2020
XES,5040,0,0,0,0,0,5040
XEUR,23,0,0,0,0,0,23
XEY,48,0,0,0,0,0,48
XFEB,596,0,0,0,0,0,596
XFIV,954,0,0,0,0,0,954
XFLH,83,0,0,0,0,0,83
XFLT,2196,0,0,0,0,0,2196
XFLX,686,0,0,0,0,0,686
XFOR,2168,0,0,0,0,0,2168
XGN,1707,0,0,0,0,0,1707
XHB,5135,0,0,0,0,0,5135
XHE,3882,0,0,0,0,0,3882
XHG,1674,0,0,0,0,0,1674
XHLD,349,0,0,0,0,0,349
XHLF,953,0,0,0,0,0,953
XHOA,23,0,0,0,0,0,23
XHR,2871,0,0,0,0,0,2871
XHS,3712,0,0,0,0,0,3712
XIDE,638,0,0,0,0,0,638
XIDV,364,0,0,0,0,0,364
XIFR,3023,0,0,0,0,0,3023
XIGV,8,0,0,0,0,0,8
XIJN,510,0,0,0,0,0,510
XIMR,576,0,0,0,0,0,576
XISE,702,0,0,0,0,0,702
XITK,2633,0,0,0,0,0,2633
XIWC,23,0,0,0,0,0,23
XJAN,616,0,0,0,0,0,616
XJH,1450,0,0,0,0,0,1450
XJR,1450,0,0,0,0,0,1450
XJUL,741,0,0,0,0,0,741
XJUN,1251,0,0,0,0,0,1251
XKRE,23,0,0,0,0,0,23
XLB,6925,0,0,0,0,0,6925
XLBI,235,0,0,0,0,0,235
XLBX,23,0,0,0,0,0,23
XLC,2022,0,0,0,0,0,2022
XLCI,235,0,0,0,0,0,235
XLE,6925,0,0,0,0,0,6925
XLEI,235,0,0,0,0,0,235
XLEX,23,0,0,0,0,0,23
XLF,6925,0,0,0,0,0,6925
XLFI,235,0,0,0,0,0,235
XLFX,23,0,0,0,0,0,23
XLG,5322,0,0,0,0,0,5322
XLI,6925,0,0,0,0,0,6925
XLII,235,0,0,0,0,0,235
XLIX,23,0,0,0,0,0,23
XLK,6925,0,0,0,0,0,6925
XLKI,235,0,0,0,0,0,235
XLKX,23,0,0,0,0,0,23
XLO,1179,0,0,0,0,0,1179
XLP,6925,0,0,0,0,0,6925
XLPX,23,0,0,0,0,0,23
XLRE,2700,0,0,0,0,0,2700
XLRI,235,0,0,0,0,0,235
XLSI,235,0,0,0,0,0,235
XLSR,1824,0,0,0,0,0,1824
XLU,6925,0,0,0,0,0,6925
XLUI,235,0,0,0,0,0,235
XLUX,23,0,0,0,0,0,23
XLV,6925,0,0,0,0,0,6925
XLVI,235,0,0,0,0,0,235
XLVX,23,0,0,0,0,0,23
XLY,6925,0,0,0,0,0,6925
XLYI,235,0,0,0,0,0,235
XLYX,23,0,0,0,0,0,23
XMAG,426,0,0,0,0,0,426
XMAR,827,0,0,0,0,0,827
XMAX,3700,0,0,0,0,0,3700
XMAY,533,0,0,0,0,0,533
XME,5040,0,0,0,0,0,5040
XMHQ,4927,0,0,0,0,0,4927
XMLV,3366,0,0,0,0,0,3366
XMMO,5369,0,0,0,0,0,5369
XMPT,3767,0,0,0,0,0,3767
XMTR,1259,0,0,0,0,0,1259
XMVM,5369,0,0,0,0,0,5369
XNAV,932,0,0,0,0,0,932
XNCR,3165,0,0,0,0,0,3165
XNDU,73,0,0,0,0,0,73
XNDX,41,0,0,0,0,0,41
XNET,3026,0,0,0,0,0,3026
XNOV,657,0,0,0,0,0,657
XNTK,6477,0,0,0,0,0,6477
XOCT,677,0,0,0,0,0,677
XOEF,250,0,0,0,0,0,250
XOEX,914,0,0,0,0,0,914
XOM,16235,0,0,0,0,0,16235
XOMA,10097,0,0,0,0,0,10097
XOMAO,1315,0,0,0,0,0,1315
XOMAP,1393,0,0,0,0,0,1393
XOMO,713,0,0,0,0,0,713
XOMX,302,0,0,0,0,0,302
XONE,953,0,0,0,0,0,953
XOP,5040,0,0,0,0,0,5040
XOS,1399,0,0,0,0,0,1399
XOSWW,82,0,0,0,0,0,82
XOVL,43,0,0,0,0,0,43
XOVR,2174,0,0,0,0,0,2174
XP,1649,0,0,0,0,0,1649
XPAV,23,0,0,0,0,0,23
XPAY,419,0,0,0,0,0,419
XPEG,118,0,0,0,0,0,118
XPEL,1763,0,0,0,0,0,1763
XPER,951,0,0,0,0,0,951
XPEV,1470,0,0,0,0,0,1470
XPH,5040,0,0,0,0,0,5040
XPL,4988,0,0,0,0,0,4988
XPND,1269,0,0,0,0,0,1269
XPO,5722,0,0,0,0,0,5722
XPOF,1243,0,0,0,0,0,1243
XPON,1068,0,0,0,0,0,1068
XPP,4298,0,0,0,0,0,4298
XPRO,3245,0,0,0,0,0,3245
XQQI,106,0,0,0,0,0,106
XQTM,5,0,0,0,0,0,5
XRAY,9798,0,0,0,0,0,9798
XRLX,686,0,0,0,0,0,686
XRMI,1219,0,0,0,0,0,1219
XRN,2517,0,0,0,0,0,2517
XRP,155,0,0,0,0,0,155
XRPC,160,0,0,0,0,0,160
XRPI,281,0,0,0,0,0,281
XRPM,157,0,0,0,0,0,157
XRPN,260,0,0,0,0,0,260
XRPNU,282,0,0,0,0,0,282
XRPNW,83,0,0,0,1,1,82
XRPR,200,0,0,0,0,0,200
XRPT,281,0,0,0,0,0,281
XRPZ,153,0,0,0,0,0,153
XRT,5040,0,0,0,0,0,5040
XRTX,1200,0,0,0,0,0,1200
XRX,16235,0,0,0,0,0,16235
XSD,5135,0,0,0,0,0,5135
XSEM,23,0,0,0,0,0,23
XSEP,949,0,0,0,0,0,949
XSHD,2405,0,0,0,0,0,2405
XSHP,13,0,0,0,0,0,13
XSHQ,2321,0,0,0,0,0,2321
XSLL,76,0,0,0,0,0,76
XSLLU,109,0,0,0,0,0,109
XSLV,3366,0,0,0,0,0,3366
XSMO,5369,0,0,0,0,0,5369
XSOE,2896,0,0,0,0,0,2896
XSPC,14,0,0,0,0,0,14
XSPI,106,0,0,0,0,0,106
XSVM,5369,0,0,0,0,0,5369
XSVN,947,0,0,0,0,0,947
XSW,3712,0,0,0,0,0,3712
XT,2838,0,0,0,0,0,2838
XTAI,23,0,0,0,0,0,23
XTAP,1321,0,0,0,0,0,1321
XTEN,935,0,0,0,0,0,935
XTIA,3499,0,0,0,0,0,3499
XTJA,1130,0,0,0,0,0,1130
XTJL,1258,0,0,0,0,0,1258
XTL,3882,0,0,0,0,0,3882
XTLB,5242,0,0,0,0,0,5242
XTN,3882,0,0,0,0,0,3882
XTNT,4027,0,0,0,0,0,4027
XTOC,1194,0,0,0,0,0,1194
XTR,1212,0,0,0,0,0,1212
XTRE,935,0,0,0,0,0,935
XTWO,952,0,0,0,0,0,952
XTWY,935,0,0,0,0,0,935
XUDV,364,0,0,0,0,0,364
XUSP,978,0,0,0,0,0,978
XV,307,0,0,0,0,0,307
XVO,23,0,0,0,0,0,23
XVUG,23,0,0,0,0,0,23
XVV,1450,0,0,0,0,0,1450
XW,23,0,0,0,0,0,23
XWEL,4010,0,0,0,0,0,4010
XXI,475,0,0,0,0,0,475
XXII,3883,0,0,0,0,0,3883
XXRP,312,0,0,0,0,0,312
XXV,157,0,0,0,0,0,157
XXX,108,0,0,0,0,0,108
XYF,1958,0,0,0,0,0,1958
XYL,3702,0,0,0,0,0,3702
XYLD,3278,0,0,0,0,0,3278
XYLG,1444,0,0,0,0,0,1444
XYZ,2670,0,0,0,0,0,2670
XYZG,314,0,0,0,0,0,314
XYZY,685,0,0,0,0,0,685
XZO,166,0,0,0,0,0,166
YAAS,384,0,0,0,0,0,384
YALA,1447,0,0,0,0,0,1447
YALL,936,0,0,0,0,0,936
YANG,4171,0,0,0,0,0,4171
YB,297,0,0,0,0,0,297
YBIT,552,0,0,0,0,0,552
YBMN,152,0,0,0,0,0,152
YBST,138,0,0,0,0,0,138
YBTC,618,0,0,0,0,0,618
YBTY,138,0,0,0,0,0,138
YCBD,2167,0,0,0,0,0,2167
YCL,4419,0,0,0,0,0,4419
YCLO,22,0,0,0,0,0,22
YCS,4428,0,0,0,0,0,4428
YCY,171,0,0,0,0,0,171
YDDL,185,0,0,0,0,0,185
YDEC,1390,0,0,0,0,0,1390
YDES,216,0,0,0,0,0,216
YDESW,82,0,0,0,0,0,82
YDKG,4693,0,0,0,0,0,4693
YEAR,955,0,0,0,0,0,955
YELP,3606,0,0,0,0,0,3606
YETH,460,0,0,0,0,0,460
YETI,1932,0,0,0,0,0,1932
YEXT,2319,0,0,0,0,0,2319
YFFI,377,0,0,0,0,0,377
YFYA,358,0,0,0,0,0,358
YGLD,397,0,0,0,0,0,397
YHC,728,0,0,0,0,0,728
YHGJ,5813,0,0,0,0,0,5813
YHNA,413,0,0,0,0,0,413
YHNAU,449,0,0,0,0,0,449
YI,1963,0,0,0,0,0,1963
YIBO,613,0,0,0,0,0,613
YICCU,14,0,0,0,0,0,14
YINN,4171,0,0,0,0,0,4171
YJ,1803,0,0,0,0,0,1803
YJUN,1265,0,0,0,0,0,1265
YLD,2762,0,0,0,0,0,2762
YLDE,2289,0,0,0,0,0,2289
YLDW,140,0,0,0,0,0,140
YMAG,610,0,0,0,0,0,610
YMAR,1329,0,0,0,0,0,1329
YMAT,235,0,0,0,0,0,235
YMAX,619,0,0,0,0,0,619
YMM,1264,0,0,0,0,0,1264
YMT,221,0,0,0,0,0,221
YNOT,249,0,0,0,0,0,249
YOKE,315,0,0,0,0,0,315
YOLO,1813,0,0,0,0,0,1813
YOOV,304,0,0,0,0,0,304
YORW,6836,0,0,0,0,0,6836
YOU,1259,0,0,0,0,0,1259
YOUL,249,0,0,0,0,0,249
YPF,8311,0,0,0,0,0,8311
YQ,1401,0,0,0,0,0,1401
YQQQ,473,0,0,0,0,0,473
YRD,2650,0,0,0,0,0,2650
YSEP,1202,0,0,0,0,0,1202
YSG,1411,0,0,0,0,0,1411
YSPY,315,0,0,0,0,0,315
YSS,109,0,0,0,0,0,109
YSWY,52,0,0,0,0,0,52
YSXT,386,0,0,0,0,0,386
YTRA,2398,0,0,0,0,0,2398
YUM,7244,0,0,0,0,0,7244
YUMC,2442,0,0,0,0,0,2442
YUNG,42,0,0,0,0,0,42
YXI,4100,0,0,0,0,0,4100
YXT,472,0,0,0,0,0,472
YYAI,1378,0,0,0,0,0,1378
YYGH,553,0,0,0,0,0,553
YYY,3536,0,0,0,0,0,3536
YYYM,82,0,0,0,0,0,82
Z,2747,0,0,0,0,0,2747
ZALT,692,0,0,0,0,0,692
ZAP,386,0,0,0,0,0,386
ZAPR,317,0,0,0,0,0,317
ZAUG,483,0,0,0,0,0,483
ZBAO,567,0,0,0,0,0,567
ZBH,6273,0,0,0,0,0,6273
ZBIO,453,0,0,0,0,0,453
ZBRA,8784,0,0,0,0,0,8784
ZCBA,123,0,0,0,0,0,123
ZCBB,123,0,0,0,0,0,123
ZCBC,123,0,0,0,0,0,123
ZCBE,123,0,0,0,0,0,123
ZCBF,123,0,0,0,0,0,123
ZCBG,123,0,0,0,0,0,123
ZCMD,1599,0,0,0,0,0,1599
ZD,6779,0,0,0,0,0,6779
ZDAI,490,0,0,0,0,0,490
ZDEK,398,0,0,0,0,0,398
ZDGE,2536,0,0,0,0,0,2536
ZECP,1219,0,0,0,0,0,1219
ZENA,441,0,0,0,0,0,441
ZEO,1141,0,0,0,0,0,1141
ZEOWW,82,0,0,0,0,0,82
ZEPP,2112,0,0,0,0,0,2112
ZETA,1273,0,0,0,0,0,1273
ZETX,105,0,0,0,0,0,105
ZFEB,357,0,0,0,0,0,357
ZG,3762,0,0,0,0,0,3762
ZGN,1139,0,0,0,0,0,1139
ZH,1325,0,0,0,0,0,1325
ZHDG,1255,0,0,0,0,0,1255
ZHOG,710,0,0,0,0,0,710
ZIG,1795,0,0,0,0,0,1795
ZIM,1365,0,0,0,0,0,1365
ZINC,24,0,0,0,0,0,24
ZION,11670,0,0,0,0,0,11670
ZIONP,4905,0,0,0,1,1,4904
ZIP,1283,0,0,0,0,0,1283
ZJAN,377,0,0,0,0,0,377
ZJK,442,0,0,0,0,0,442
ZJUL,505,0,0,0,0,0,505
ZJUN,275,0,0,0,0,0,275
ZJYL,821,0,0,0,0,0,821
ZKH,639,0,0,0,0,0,639
ZKIN,2221,0,0,0,0,0,2221
ZKP,105,0,0,0,0,0,105
ZKPU,122,0,0,0,0,0,122
ZLAB,2209,0,0,0,0,0,2209
ZM,1813,0,0,0,0,0,1813
ZMAR,338,0,0,0,0,0,338
ZMAY,296,0,0,0,0,0,296
ZMUN,192,0,0,0,0,0,192
ZNB,4438,0,0,0,0,0,4438
ZNOV,418,0,0,0,0,0,418
ZNTL,1571,0,0,0,0,0,1571
ZOCT,441,0,0,0,0,0,441
ZONE,549,0,0,0,0,0,549
ZOOZ,564,0,0,0,0,0,564
ZOOZW,82,0,0,0,0,0,82
ZROZ,4191,0,0,0,0,0,4191
ZS,2087,0,0,0,0,0,2087
ZSB,871,0,0,0,0,0,871
ZSC,728,0,0,0,0,0,728
ZSEP,461,0,0,0,0,0,461
ZSL,4423,0,0,0,0,0,4423
ZSQR,1392,0,0,0,0,0,1392
ZSTK,1294,0,0,0,0,0,1294
ZTAX,784,0,0,0,0,0,784
ZTEK,3585,0,0,0,0,0,3585
ZTEN,622,0,0,0,0,0,622
ZTG,207,0,0,0,0,0,207
ZTO,2434,0,0,0,0,0,2434
ZTOP,307,0,0,0,0,0,307
ZTR,9514,0,0,0,0,0,9514
ZTRE,622,0,0,0,0,0,622
ZTS,3376,0,0,0,0,0,3376
ZTWO,622,0,0,0,0,0,622
ZUMZ,5324,0,0,0,0,0,5324
ZURA,826,0,0,0,0,0,826
ZVIA,1244,0,0,0,0,0,1244
ZVOL,806,0,0,0,0,0,806
ZVRA,2822,0,0,0,0,0,2822
ZWS,3587,0,0,0,0,0,3587
ZYBT,374,0,0,0,0,0,374
ZYME,2309,0,0,0,0,0,2309
