Nasdaq Traded,Symbol,Security Name,Listing Exchange,Market Category,ETF,Round Lot Size,Test Issue,Financial Status,CQS Symbol,NASDAQ Symbol,NextShares
Y,A,"Agilent Technologies, Inc. Common Stock",N, ,N,100.0,N,,A,A,N
Y,AA,Alcoa Corporation Common Stock ,N, ,N,100.0,N,,AA,AA,N
Y,AACB,Artius II Acquisition Inc. - Class A Ordinary Shares,Q,G,N,100.0,N,D,,AACB,N
Y,AACBU,Artius II Acquisition Inc. - Units,Q,G,N,100.0,N,N,,AACBU,N
Y,AACG,"ATA Creativity Global - American Depositary Shares, each representing two common shares",Q,S,N,100.0,N,N,,AACG,N
Y,AACI,Armada Acquisition Corp. III - Class A Ordinary Share,Q,G,N,100.0,N,N,,AACI,N
Y,AACIU,Armada Acquisition Corp. III - Units,Q,G,N,100.0,N,N,,AACIU,N
Y,AACIW,Armada Acquisition Corp. III - Warrant,Q,G,N,100.0,N,N,,AACIW,N
Y,AACO,Abony Acquisition Corp. I - Class A Ordinary Share,Q,G,N,100.0,N,N,,AACO,N
Y,AACOU,Abony Acquisition Corp. I - Units,Q,G,N,100.0,N,N,,AACOU,N
Y,AACP,Apogee Acquisition Corp - Class A Ordinary Shares,Q,G,N,100.0,N,N,,AACP,N
Y,AACPR,Apogee Acquisition Corp - Rights,Q,G,N,100.0,N,N,,AACPR,N
Y,AACPU,Apogee Acquisition Corp - Units,Q,G,N,100.0,N,N,,AACPU,N
Y,AADX,"Applied Aerospace & Defense, Inc. Common Stock",N, ,N,100.0,N,,AADX,AADX,N
Y,AAL,"American Airlines Group, Inc. - Common Stock",Q,Q,N,100.0,N,N,,AAL,N
Y,AAME,Atlantic American Corporation - Common Stock,Q,G,N,100.0,N,E,,AAME,N
Y,AAMI,Acadian Asset Management Inc. Common Stock,N, ,N,100.0,N,,AAMI,AAMI,N
Y,AAOI,"Applied Optoelectronics, Inc. - Common Stock",Q,G,N,100.0,N,N,,AAOI,N
Y,AAON,"AAON, Inc. - Common Stock",Q,Q,N,100.0,N,N,,AAON,N
Y,AAP,Advance Auto Parts Inc.,N, ,N,100.0,N,,AAP,AAP,N
Y,AAPG,Ascentage Pharma Group International - American Depository Shares,Q,G,N,100.0,N,N,,AAPG,N
Y,AAPL,Apple Inc. - Common Stock,Q,Q,N,40.0,N,N,,AAPL,N
Y,AARD,"Aardvark Therapeutics, Inc. - Common Stock",Q,Q,N,100.0,N,N,,AARD,N
Y,AAT,"American Assets Trust, Inc. Common Stock",N, ,N,100.0,N,,AAT,AAT,N
Y,AAUC,Allied Gold Corporation Common Shares,N, ,N,100.0,N,,AAUC,AAUC,N
Y,AB,AllianceBernstein Holding L.P.  Units,N, ,N,100.0,N,,AB,AB,N
Y,ABAT,American Battery Technology Company - Common Stock,Q,S,N,100.0,N,N,,ABAT,N
Y,ABBV,AbbVie Inc. Common Stock,N, ,N,100.0,N,,ABBV,ABBV,N
Y,ABCB,Ameris Bancorp Common Stock,N, ,N,100.0,N,,ABCB,ABCB,N
Y,ABCL,AbCellera Biologics Inc. - Common Shares,Q,Q,N,100.0,N,N,,ABCL,N
Y,ABEO,Abeona Therapeutics Inc. - Common Stock,Q,S,N,100.0,N,N,,ABEO,N
Y,ABEV,Ambev S.A. American Depositary Shares (Each representing 1 Common Share),N, ,N,100.0,N,,ABEV,ABEV,N
Y,ABG,Asbury Automotive Group Inc Common Stock,N, ,N,100.0,N,,ABG,ABG,N
Y,ABLV,Able View Global Inc. - Class B Ordinary Shares,Q,S,N,100.0,N,N,,ABLV,N
Y,ABLVW,Able View Global Inc. - Warrant,Q,S,N,100.0,N,N,,ABLVW,N
Y,ABM,ABM Industries Incorporated Common Stock,N, ,N,100.0,N,,ABM,ABM,N
Y,ABNB,"Airbnb, Inc. - Class A Common Stock",Q,Q,N,100.0,N,N,,ABNB,N
Y,ABOS,"Acumen Pharmaceuticals, Inc. - Common Stock",Q,Q,N,100.0,N,N,,ABOS,N
Y,ABR,Arbor Realty Trust Common Stock,N, ,N,100.0,N,,ABR,ABR,N
Y,ABSI,Absci Corporation - Common Stock,Q,Q,N,100.0,N,N,,ABSI,N
Y,ABT,Abbott Laboratories Common Stock,N, ,N,100.0,N,,ABT,ABT,N
Y,ABTC,American Bitcoin Corp. - Class A Common Stock,Q,S,N,100.0,N,N,,ABTC,N
Y,ABTS,Abits Group Inc - Ordinary Shares,Q,S,N,100.0,N,N,,ABTS,N
Y,ABUS,Arbutus Biopharma Corporation - Common Stock,Q,Q,N,100.0,N,N,,ABUS,N
Y,ABVC,"ABVC BioPharma, Inc. - Common Stock",Q,S,N,100.0,N,N,,ABVC,N
Y,ABVX,Abivax SA - American Depositary Shares,Q,G,N,100.0,N,N,,ABVX,N
Y,ABX,"Abacus Global Management, Inc. Class A Common Stock",N, ,N,100.0,N,,ABX,ABX,N
Y,ABXL,"Abacus Global Management, Inc. 9.875% Fixed Rate Senior Notes due 2028",N, ,N,100.0,N,,ABXL,ABXL,N
Y,ACA,"Arcosa, Inc. Common Stock ",N, ,N,100.0,N,,ACA,ACA,N
Y,ACAA,Averin Capital Acquisition Corp. - Class A Ordinary Shares,Q,G,N,100.0,N,N,,ACAA,N
Y,ACAAU,Averin Capital Acquisition Corp. - Units,Q,G,N,100.0,N,N,,ACAAU,N
Y,ACAD,ACADIA Pharmaceuticals Inc. - Common Stock,Q,Q,N,100.0,N,N,,ACAD,N
Y,ACB,Aurora Cannabis Inc. - Common Shares,Q,S,N,100.0,N,N,,ACB,N
Y,ACCL,Acco Group Holdings Limited - Class A Ordinary Shares,Q,S,N,100.0,N,N,,ACCL,N
Y,ACCO,Acco Brands Corporation Common Stock,N, ,N,100.0,N,,ACCO,ACCO,N
Y,ACCS,ACCESS Newswire Inc. Common Stock,A, ,N,100.0,N,,ACCS,ACCS,N
Y,ACDC,ProFrac Holding Corp. - Class A Common Stock,Q,Q,N,100.0,N,N,,ACDC,N
Y,ACEL,"Accel Entertainment, Inc. ",N, ,N,100.0,N,,ACEL,ACEL,N
Y,ACET,"Adicet Bio, Inc. - Common Stock",Q,S,N,100.0,N,N,,ACET,N
Y,ACFN,"Acorn Energy, Inc. - Common Stock",Q,S,N,100.0,N,N,,ACFN,N
Y,ACGC,ACP Holdings Acquisition Corp. - Class A Ordinary Shares,Q,G,N,100.0,N,N,,ACGC,N
Y,ACGCU,ACP Holdings Acquisition Corp. - Units,Q,G,N,100.0,N,N,,ACGCU,N
Y,ACGCW,ACP Holdings Acquisition Corp. - Warrants,Q,G,N,100.0,N,N,,ACGCW,N
Y,ACGL,Arch Capital Group Ltd. - Common Stock,Q,Q,N,100.0,N,N,,ACGL,N
Y,ACGLN,"Arch Capital Group Ltd. - Depositary Shares, each Representing a 1/1,000th Interest in a 4.550% Non-Cumulative Preferred Share, Series G",Q,Q,N,100.0,N,N,,ACGLN,N
Y,ACGLO,"Arch Capital Group Ltd. - Depositary Shares Each Representing 1/1,000th Interest in a Share of5.45% Non-Cumulative Preferred Shares, Series F",Q,Q,N,100.0,N,N,,ACGLO,N
Y,ACH,"Accendra Health, Inc. Common Stock",N, ,N,100.0,N,,ACH,ACH,N
Y,ACHC,"Acadia Healthcare Company, Inc. - Common Stock",Q,Q,N,100.0,N,N,,ACHC,N
Y,ACHR,Archer Aviation Inc. Class A Common Stock,N, ,N,100.0,N,,ACHR,ACHR,N
Y,ACHV,"Achieve Life Sciences, Inc.  - Common Shares",Q,S,N,100.0,N,N,,ACHV,N
Y,ACI,"Albertsons Companies, Inc. Class A Common Stock",N, ,N,100.0,N,,ACI,ACI,N
Y,ACIC,American Coastal Insurance Corporation - Common Stock,Q,S,N,100.0,N,N,,ACIC,N
Y,ACIU,AC Immune SA - Common Stock,Q,G,N,100.0,N,N,,ACIU,N
Y,ACIW,"ACI Worldwide, Inc. - Common Stock",Q,Q,N,100.0,N,N,,ACIW,N
Y,ACLS,"Axcelis Technologies, Inc. - Common Stock",Q,Q,N,100.0,N,N,,ACLS,N
Y,ACM,AECOM Common Stock,N, ,N,100.0,N,,ACM,ACM,N
Y,ACMR,"ACM Research, Inc. - Class A Common Stock",Q,G,N,100.0,N,N,,ACMR,N
Y,ACN,Accenture plc Class A Ordinary Shares (Ireland),N, ,N,100.0,N,,ACN,ACN,N
Y,ACNB,ACNB Corporation - Common Stock,Q,S,N,100.0,N,N,,ACNB,N
Y,ACNT,Ascent Industries Co. - Common Stock,Q,G,N,100.0,N,N,,ACNT,N
Y,ACOG,Alpha Cognition Inc. - Common Stock,Q,S,N,100.0,N,N,,ACOG,N
Y,ACON,"Aclarion, Inc. - Common Stock",Q,S,N,100.0,N,N,,ACON,N
Y,ACONW,"Aclarion, Inc. - Warrant",Q,S,N,100.0,N,N,,ACONW,N
Y,ACP,abrdn Income Credit Strategies Fund Common Shares,N, ,N,100.0,N,,ACP,ACP,N
Y,ACR,ACRES Commercial Realty Corp. Common Stock,N, ,N,100.0,N,,ACR,ACR,N
Y,ACRE,Ares Commercial Real Estate Corporation Common Stock,N, ,N,100.0,N,,ACRE,ACRE,N
Y,ACRS,"Aclaris Therapeutics, Inc. - Common Stock",Q,Q,N,100.0,N,N,,ACRS,N
Y,ACRV,"Acrivon Therapeutics, Inc. - Common Stock",Q,G,N,100.0,N,N,,ACRV,N
Y,ACT,"Enact Holdings, Inc. - Common Stock",Q,Q,N,100.0,N,N,,ACT,N
Y,ACTG,Acacia Research Corporation - Common Stock,Q,Q,N,100.0,N,N,,ACTG,N
Y,ACTU,"Actuate Therapeutics, Inc. - Common stock",Q,G,N,100.0,N,N,,ACTU,N
Y,ACU,Acme United Corporation. Common Stock,A, ,N,100.0,N,,ACU,ACU,N
Y,ACV,Virtus Diversified Income & Convertible Fund Common Shares of Beneficial Interest,N, ,N,100.0,N,,ACV,ACV,N
Y,ACVA,ACV Auctions Inc. Class A Common Stock,N, ,N,100.0,N,,ACVA,ACVA,N
Y,ACXP,"Acurx Pharmaceuticals, Inc. - Common Stock",Q,S,N,100.0,N,N,,ACXP,N
Y,AD,"Array Digital Infrastructure, Inc. Common Shares",N, ,N,100.0,N,,AD,AD,N
Y,ADAC,American Drive Acquisition Company - Class A Ordinary Shares,Q,G,N,100.0,N,N,,ADAC,N
Y,ADACU,American Drive Acquisition Company - Units,Q,G,N,100.0,N,N,,ADACU,N
Y,ADAG,"Adagene Inc. - ADS, each representing 1.25 ordinary shares",Q,G,N,100.0,N,N,,ADAG,N
Y,ADAM,"Adamas Trust, Inc. - Common Stock",Q,Q,N,100.0,N,N,,ADAM,N
Y,ADAMG,"Adamas Trust, Inc. - 9.125% Senior Notes Due 2030",Q,Q,N,100.0,N,N,,ADAMG,N
Y,ADAMH,"Adamas Trust, Inc. - 9.875% Senior Notes Due 2030",Q,G,N,100.0,N,N,,ADAMH,N
Y,ADAMI,"Adamas Trust, Inc. - 9.125% Senior Notes Due 2029",Q,Q,N,100.0,N,N,,ADAMI,N
Y,ADAML,"Adamas Trust, Inc. - 6.875% Series F Fixed-to-Floating Rate Cumulative Redeemable Preferred Stock, $0.01 par value per share",Q,Q,N,100.0,N,N,,ADAML,N
Y,ADAMM,"Adamas Trust, Inc. - 7.875% Series E Fixed-to-Floating Rate Cumulative Redeemable Preferred Stock",Q,Q,N,100.0,N,N,,ADAMM,N
Y,ADAMN,"Adamas Trust, Inc. - 8.00% Series D Fixed-to-Floating Rate Cumulative Redeemable Preferred Stock",Q,Q,N,100.0,N,N,,ADAMN,N
Y,ADAMO,"Adamas Trust, Inc. - 9.250% Senior Notes Due 2031",Q,Q,N,100.0,N,N,,ADAMO,N
Y,ADAMZ,"Adamas Trust, Inc. - 7.000% Series G Cumulative Redeemable Preferred Stock, $0.01 par value per share",Q,Q,N,100.0,N,N,,ADAMZ,N
Y,ADBE,Adobe Inc. - Common Stock,Q,Q,N,40.0,N,N,,ADBE,N
Y,ADC,Agree Realty Corporation Common Stock,N, ,N,100.0,N,,ADC,ADC,N
Y,ADCT,ADC Therapeutics SA Common Shares,N, ,N,100.0,N,,ADCT,ADCT,N
Y,ADEA,Adeia Inc.  - Common Stock,Q,Q,N,100.0,N,N,,ADEA,N
Y,ADGM,"Adagio Medical Holdings, Inc - Common Stock",Q,S,N,100.0,N,D,,ADGM,N
Y,ADI,"Analog Devices, Inc. - Common Stock",Q,Q,N,40.0,N,N,,ADI,N
Y,ADIL,"Adial Pharmaceuticals, Inc - Common Stock",Q,S,N,100.0,N,N,,ADIL,N
Y,ADM,Archer-Daniels-Midland Company Common Stock,N, ,N,100.0,N,,ADM,ADM,N
Y,ADMA,ADMA Biologics Inc - Common Stock,Q,G,N,100.0,N,N,,ADMA,N
Y,ADNT,Adient plc Ordinary Shares ,N, ,N,100.0,N,,ADNT,ADNT,N
Y,ADP,"Automatic Data Processing, Inc. - Common Stock",Q,Q,N,100.0,N,N,,ADP,N
Y,ADPT,Adaptive Biotechnologies Corporation - Common Stock,Q,Q,N,100.0,N,N,,ADPT,N
Y,ADSE,ADS-TEC ENERGY PLC - Ordinary Shares,Q,S,N,100.0,N,N,,ADSE,N
Y,ADSEW,ADS-TEC ENERGY PLC - Warrant,Q,S,N,100.0,N,N,,ADSEW,N
Y,ADSK,"Autodesk, Inc. - Common Stock",Q,Q,N,100.0,N,N,,ADSK,N
Y,ADT,ADT Inc. Common Stock,N, ,N,100.0,N,,ADT,ADT,N
Y,ADTN,"ADTRAN Holdings, Inc. - Common Stock",Q,Q,N,100.0,N,N,,ADTN,N
Y,ADUR,Aduro Clean Technologies Inc. - Common Stock,Q,S,N,100.0,N,N,,ADUR,N
Y,ADUS,Addus HomeCare Corporation - Common Stock,Q,Q,N,100.0,N,N,,ADUS,N
Y,ADV,Advantage Solutions Inc.  - Class A Common Stock,Q,Q,N,100.0,N,N,,ADV,N
Y,ADVB,Advanced Biomed Inc. - Common Stock,Q,S,N,100.0,N,N,,ADVB,N
Y,ADX,Adams Diversified Equity Fund Inc.,N, ,N,100.0,N,,ADX,ADX,N
Y,ADXN,Addex Therapeutics Ltd - American Depositary Shares,Q,S,N,100.0,N,N,,ADXN,N
Y,AEAQ,Activate Energy Acquisition Corp. - Class A Ordinary Share,Q,G,N,100.0,N,N,,AEAQ,N
Y,AEAQU,Activate Energy Acquisition Corp. - Unit,Q,G,N,100.0,N,N,,AEAQU,N
Y,AEBI,Aebi Schmidt Holding AG - Common Stock,Q,Q,N,100.0,N,N,,AEBI,N
Y,AEC,Anfield Energy Inc. - Common Shares,Q,S,N,100.0,N,N,,AEC,N
Y,AEE,Ameren Corporation Common Stock,N, ,N,100.0,N,,AEE,AEE,N
Y,AEF,"abrdn Emerging Markets ex-China Fund, Inc. Common Stock",A, ,N,100.0,N,,AEF,AEF,N
Y,AEFC,Aegon Funding Company LLC 5.10% Subordinated Notes due 2049,N, ,N,100.0,N,,AEFC,AEFC,N
Y,AEG,Aegon Ltd. New York Registry Shares,N, ,N,100.0,N,,AEG,AEG,N
Y,AEHL,Antelope Enterprise Holdings Limited - Class A Ordinary Shares,Q,S,N,100.0,N,N,,AEHL,N
Y,AEHR,Aehr Test Systems - Common Stock,Q,S,N,100.0,N,N,,AEHR,N
Y,AEI,Alset Inc. - Common Stock,Q,S,N,100.0,N,N,,AEI,N
Y,AEIS,"Advanced Energy Industries, Inc. - Common Stock",Q,Q,N,40.0,N,N,,AEIS,N
Y,AEM,Agnico Eagle Mines Limited Common Stock,N, ,N,100.0,N,,AEM,AEM,N
Y,AEMD,"Aethlon Medical, Inc. - Common Stock",Q,S,N,100.0,N,N,,AEMD,N
Y,AENT,Alliance Entertainment Holding Corporation - common stock,Q,S,N,100.0,N,N,,AENT,N
Y,AENTW,Alliance Entertainment Holding Corporation - Warrants,Q,S,N,100.0,N,N,,AENTW,N
Y,AEO,"American Eagle Outfitters, Inc. Common Stock",N, ,N,100.0,N,,AEO,AEO,N
Y,AEON,"AEON Biopharma, Inc. Class A Common Stock",A, ,N,100.0,N,,AEON,AEON,N
Y,AEP,"American Electric Power Company, Inc. - Common Stock",Q,Q,N,100.0,N,N,,AEP,N
Y,AER,AerCap Holdings N.V. Ordinary Shares,N, ,N,100.0,N,,AER,AER,N
Y,AERO,"Grupo Aeromexico, S.A.B. de C.V. American Depositary Shares (each representing ten (10) Common Shares)",N, ,N,100.0,N,,AERO,AERO,N
Y,AERT,"Aeries Technology, Inc. - Class A Ordinary Share",Q,S,N,100.0,N,D,,AERT,N
Y,AERTW,"Aeries Technology, Inc. - Warrant",Q,S,N,100.0,N,N,,AERTW,N
Y,AES,The AES Corporation Common Stock,N, ,N,100.0,N,,AES,AES,N
Y,AESI,Atlas Energy Solutions Inc. Common Stock,N, ,N,100.0,N,,AESI,AESI,N
Y,AESPU,Aeon Acquisition I Corp. - Units,Q,G,N,100.0,N,N,,AESPU,N
Y,AEVA,"Aeva Technologies, Inc. - Common Stock",Q,Q,N,100.0,N,N,,AEVA,N
Y,AEXA,American Exceptionalism Acquisition Corp. A Class A Ordinary Shares,N, ,N,100.0,N,,AEXA,AEXA,N
Y,AEYE,"AudioEye, Inc. - Common Stock",Q,S,N,100.0,N,N,,AEYE,N
Y,AFB,AllianceBernstein National Municipal Income Fund Inc,N, ,N,100.0,N,,AFB,AFB,N
Y,AFBI,"Affinity Bancshares, Inc. - Common Stock",Q,S,N,100.0,N,N,,AFBI,N
Y,AFCG,Advanced Flower Capital Inc. - Common Stock,Q,G,N,100.0,N,N,,AFCG,N
Y,AFG,"American Financial Group, Inc. Common Stock",N, ,N,100.0,N,,AFG,AFG,N
Y,AFGB,"American Financial Group, Inc. 5.875% Subordinated Debentures due 2059",N, ,N,100.0,N,,AFGB,AFGB,N
Y,AFGC,"American Financial Group, Inc. 5.125% Subordinated Debentures due 2059",N, ,N,100.0,N,,AFGC,AFGC,N
Y,AFGD,"American Financial Group, Inc. 5.625% Subordinated Debentures due 2060",N, ,N,100.0,N,,AFGD,AFGD,N
Y,AFGE,"American Financial Group, Inc. 4.500% Subordinated Debentures due 2060",N, ,N,100.0,N,,AFGE,AFGE,N
Y,AFJK,"Aimei Health Technology Co., Ltd - Ordinary Share",Q,G,N,100.0,N,N,,AFJK,N
Y,AFJKU,"Aimei Health Technology Co., Ltd - Unit",Q,G,N,100.0,N,N,,AFJKU,N
Y,AFL,AFLAC Incorporated Common Stock,N, ,N,100.0,N,,AFL,AFL,N
Y,AFRI,Forafric Global PLC - Ordinary Shares,Q,S,N,100.0,N,N,,AFRI,N
Y,AFRIW,Forafric Global PLC - Warrants,Q,S,N,100.0,N,N,,AFRIW,N
Y,AFRM,"Affirm Holdings, Inc. - Class A Common Stock",Q,Q,N,100.0,N,N,,AFRM,N
Y,AFYA,Afya Limited - Class A Common Shares,Q,Q,N,100.0,N,N,,AFYA,N
Y,AG,First Majestic Silver Corp. Ordinary Shares (Canada),N, ,N,100.0,N,,AG,AG,N
Y,AGBK,AGI Inc Class A Common Shares,N, ,N,100.0,N,,AGBK,AGBK,N
Y,AGCC,Agencia Comercial Spirits Ltd - Class A Ordinary Share,Q,S,N,100.0,N,N,,AGCC,N
Y,AGCO,AGCO Corporation Common Stock,N, ,N,100.0,N,,AGCO,AGCO,N
Y,AGD,abrdn Global Dynamic Dividend Fund Common Shares of Beneficial Interest,N, ,N,100.0,N,,AGD,AGD,N
Y,AGEN,Agenus Inc. - Common Stock,Q,S,N,100.0,N,N,,AGEN,N
Y,AGI,Alamos Gold Inc. Class A Common Shares,N, ,N,100.0,N,,AGI,AGI,N
Y,AGIG,Abundia Global Impact Group Inc. Common stock,A, ,N,100.0,N,,AGIG,AGIG,N
Y,AGIO,"Agios Pharmaceuticals, Inc. - Common Stock",Q,Q,N,100.0,N,N,,AGIO,N
Y,AGL,"agilon health, inc. Common Stock",N, ,N,100.0,N,,AGL,AGL,N
Y,AGM,Federal Agricultural Mortgage Corporation Common Stock,N, ,N,100.0,N,,AGM,AGM,N
Y,AGMB,AgomAb Therapeutics NV - ADRs representing one common share.,Q,Q,N,100.0,N,N,,AGMB,N
Y,AGMH,AGM Group Holdings Inc. - Class A Ordinary Shares,Q,S,N,100.0,N,E,,AGMH,N
Y,AGNC,AGNC Investment Corp. - Common Stock,Q,Q,N,100.0,N,N,,AGNC,N
Y,AGNCL,"AGNC Investment Corp. - Depositary Shares Each Representing a 1/1,000th Interest in a Share of 7.75% Series G Fixed-Rate Reset Cumulative Redeemable Preferred Stock",Q,Q,N,100.0,N,N,,AGNCL,N
Y,AGNCM,AGNC Investment Corp. - Depositary Shares rep 6.875% Series D Fixed-to-Floating Cumulative Redeemable Preferred Stock,Q,Q,N,100.0,N,N,,AGNCM,N
Y,AGNCN,"AGNC Investment Corp. - Depositary Shares Each Representing a 1/1,000th Interest in a Share of 7.00% Series C Fixed-To-Floating Rate Cumulative Redeemable Preferred Stock",Q,Q,N,100.0,N,N,,AGNCN,N
Y,AGNCO,"AGNC Investment Corp. - Depositary Shares, each representing a 1/1,000th interest in a share of Series E Fixed-to-Floating Cumulative Redeemable Preferred Stock",Q,Q,N,100.0,N,N,,AGNCO,N
Y,AGNCP,"AGNC Investment Corp. - Depositary Shares Each Representing a 1/1,000th Interest in a Share of 6.125% Series F Fixed-to-Floating Rate Cumulative Redeemable Preferred Stock",Q,Q,N,100.0,N,N,,AGNCP,N
Y,AGNCZ,"AGNC Investment Corp. - Depositary Shares Each Representing a 1/1,000th Interest in a Share of 8.75% Series H Fixed-Rate Cumulative Redeemable Preferred Stock",Q,Q,N,100.0,N,N,,AGNCZ,N
Y,AGNT,"AGNT, Inc. - Common Stock",Q,G,N,100.0,N,N,,AGNT,N
Y,AGO,Assured Guaranty Ltd. Common Stock,N, ,N,100.0,N,,AGO,AGO,N
Y,AGPU,Axe Compute Inc. - Common Stock,Q,S,N,100.0,N,N,,AGPU,N
Y,AGRO,Adecoagro S.A. Common Shares,N, ,N,100.0,N,,AGRO,AGRO,N
Y,AGRZ,Agroz Inc. - Ordinary Shares,Q,S,N,100.0,N,H,,AGRZ,N
Y,AGX,"Argan, Inc. Common Stock",N, ,N,40.0,N,,AGX,AGX,N
Y,AGYS,"Agilysys, Inc. - Common Stock",Q,Q,N,100.0,N,N,,AGYS,N
Y,AHCO,AdaptHealth Corp.  - Common Stock,Q,S,N,100.0,N,N,,AHCO,N
Y,AHG,Akso Health Group - American Depositary Shares,Q,S,N,100.0,N,N,,AHG,N
Y,AHMA,Ambitions Enterprise Management Co. L.L.C - Class A Ordinary Shares,Q,S,N,100.0,N,N,,AHMA,N
Y,AHR,"American Healthcare REIT, Inc. Common Stock",N, ,N,100.0,N,,AHR,AHR,N
Y,AHRT,"AH Realty Trust, Inc. Common Stock",N, ,N,100.0,N,,AHRT,AHRT,N
Y,AHT,Ashford Hospitality Trust Inc Common Stock,N, ,N,100.0,N,,AHT,AHT,N
Y,AI,"C3.ai, Inc. Class A Common Stock",N, ,N,100.0,N,,AI,AI,N
Y,AIAI,AIAI Holdings Corporation - Class A common stock,Q,G,N,100.0,N,N,,AIAI,N
Y,AIB,AIB Data Centers Inc. Common Stock,A, ,N,100.0,N,,AIB,AIB,N
Y,AIBZ,Bitzero Holdings Inc. - Common Shares,Q,S,N,100.0,N,N,,AIBZ,N
Y,AIDX,"20/20 Biolabs, Inc. - Common Stock",Q,S,N,100.0,N,N,,AIDX,N
Y,AIFA,"All In FutureTech Alliance, Inc. - Common Stock",Q,S,N,100.0,N,H,,AIFA,N
Y,AIFC,AI Financial Corporation - Common Stock,Q,S,N,100.0,N,N,,AIFC,N
Y,AIFF,"Firefly Neuroscience, Inc.  - Common Stock",Q,S,N,100.0,N,N,,AIFF,N
Y,AIFU,AIFU Inc. - Class A Ordinary Share,Q,Q,N,100.0,N,N,,AIFU,N
Y,AIG,"American International Group, Inc. New Common Stock",N, ,N,100.0,N,,AIG,AIG,N
Y,AIHS,Senmiao Technology Limited - Common Stock,Q,S,N,100.0,N,N,,AIHS,N
Y,AII,"American Integrity Insurance Group, Inc. Common Stock",N, ,N,100.0,N,,AII,AII,N
Y,AIIA,AI Infrastructure Acquisition Corp. Class A Ordinary Shares,N, ,N,100.0,N,,AIIA,AIIA,N
Y,AIIO,Robo.ai Inc. - Class B Ordinary Shares,Q,S,N,100.0,N,N,,AIIO,N
Y,AIIOW,Robo.ai Inc. - Warrant,Q,S,N,100.0,N,N,,AIIOW,N
Y,AIIR,Air Global PLC - Ordinary shares,Q,S,N,100.0,N,N,,AIIR,N
Y,AIM,AIM ImmunoTech Inc. Common Stock,A, ,N,100.0,N,,AIM,AIM,N
Y,AIMD,"Ainos, Inc. - Common Stock",Q,S,N,100.0,N,N,,AIMD,N
Y,AIMDW,"Ainos, Inc. - warrants",Q,S,N,100.0,N,N,,AIMDW,N
Y,AIN,Albany International Corporation Common Stock,N, ,N,100.0,N,,AIN,AIN,N
Y,AIO,Virtus Artificial Intelligence & Technology Opportunities Fund Common Shares of Beneficial Interest,N, ,N,100.0,N,,AIO,AIO,N
Y,AIOS,AIOS Tech Inc. - Class A Common Shares,Q,S,N,100.0,N,N,,AIOS,N
Y,AIOT,"PowerFleet, Inc. - Common Stock",Q,G,N,100.0,N,N,,AIOT,N
Y,AIP,"Arteris, Inc.  - Common Stock",Q,G,N,100.0,N,N,,AIP,N
Y,AIR,AAR Corp. Common Stock,N, ,N,100.0,N,,AIR,AIR,N
Y,AIRE,reAlpha Tech Corp. - Common Stock,Q,S,N,100.0,N,N,,AIRE,N
Y,AIRG,"Airgain, Inc. - Common Stock",Q,S,N,100.0,N,N,,AIRG,N
Y,AIRI,Air Industries Group Common Stock,A, ,N,100.0,N,,AIRI,AIRI,N
Y,AIRJ,AirJoule Technologies Corporation - Class A Common Stock,Q,S,N,100.0,N,N,,AIRJ,N
Y,AIRJW,AirJoule Technologies Corporation - Warrant,Q,S,N,100.0,N,N,,AIRJW,N
Y,AIRO,"AIRO Group Holdings, Inc. - Common Stock",Q,G,N,100.0,N,N,,AIRO,N
Y,AIRS,"AirSculpt Technologies, Inc. - Common Stock",Q,G,N,100.0,N,N,,AIRS,N
Y,AIRT,"Air T, Inc. - Common Stock",Q,S,N,100.0,N,N,,AIRT,N
Y,AIRTP,"Air T, Inc. - Trust Preferred Securities",Q,G,N,100.0,N,N,,AIRTP,N
Y,AISP,"Airship AI Holdings, Inc - Class A Common Stock",Q,G,N,100.0,N,N,,AISP,N
Y,AISPW,"Airship AI Holdings, Inc - Warrants",Q,S,N,100.0,N,N,,AISPW,N
Y,AIT,"Applied Industrial Technologies, Inc. Common Stock",N, ,N,40.0,N,,AIT,AIT,N
Y,AIV,Apartment Investment and Management Company Common Stock,N, ,N,100.0,N,,AIV,AIV,N
Y,AIXC,"AIxCrypto Holdings, Inc. - Common Stock",Q,S,N,100.0,N,N,,AIXC,N
Y,AIXI,XIAO-I Corporation - American Depositary Shares,Q,G,N,100.0,N,N,,AIXI,N
Y,AIZ,"Assurant, Inc. Common Stock",N, ,N,100.0,N,,AIZ,AIZ,N
Y,AIZN,"Assurant, Inc. 5.25% Subordinated Notes due 2061",N, ,N,100.0,N,,AIZN,AIZN,N
Y,AJG,Arthur J. Gallagher & Co. Common Stock,N, ,N,100.0,N,,AJG,AJG,N
Y,AKA,a.k.a. Brands Holding Corp. Common Stock,N, ,N,100.0,N,,AKA,AKA,N
Y,AKAM,"Akamai Technologies, Inc. - Common Stock",Q,Q,N,100.0,N,N,,AKAM,N
Y,AKAN,Akanda Corp. - Common Shares,Q,S,N,100.0,N,D,,AKAN,N
Y,AKBA,"Akebia Therapeutics, Inc. - Common Stock",Q,S,N,100.0,N,N,,AKBA,N
Y,AKR,Acadia Realty Trust Common Stock,N, ,N,100.0,N,,AKR,AKR,N
Y,AKTS,"Aktis Oncology, Inc. - Common stock",Q,Q,N,100.0,N,N,,AKTS,N
Y,AKTX,Akari Therapeutics Plc - American Depositary Shares,Q,S,N,100.0,N,N,,AKTX,N
Y,ALAB,"Astera Labs, Inc. - Common Stock",Q,Q,N,100.0,N,N,,ALAB,N
Y,ALAR,Alarum Technologies Ltd. - American Depositary Shares,Q,S,N,100.0,N,N,,ALAR,N
Y,ALB,Albemarle Corporation Common Stock,N, ,N,100.0,N,,ALB,ALB,N
Y,ALBT,Avalon GloboCare Corp. - Common Stock,Q,S,N,100.0,N,D,,ALBT,N
Y,ALC,Alcon Inc. Ordinary Shares,N, ,N,100.0,N,,ALC,ALC,N
Y,ALCO,"Alico, Inc. - Common Stock",Q,Q,N,100.0,N,N,,ALCO,N
Y,ALDF,Aldel Financial II Inc. - Class A Ordinary Shares,Q,G,N,100.0,N,N,,ALDF,N
Y,ALDFU,Aldel Financial II Inc. - Units,Q,G,N,100.0,N,N,,ALDFU,N
Y,ALDFW,Aldel Financial II Inc. - Warrants,Q,G,N,100.0,N,N,,ALDFW,N
Y,ALDX,"Aldeyra Therapeutics, Inc. - Common Stock",Q,S,N,100.0,N,N,,ALDX,N
Y,ALEC,"Alector, Inc. - Common Stock",Q,Q,N,100.0,N,N,,ALEC,N
Y,ALF,Centurion Acquisition Corp. - Class A Ordinary Shares,Q,G,N,100.0,N,N,,ALF,N
Y,ALFUU,Centurion Acquisition Corp. - Unit,Q,G,N,100.0,N,N,,ALFUU,N
Y,ALFUW,Centurion Acquisition Corp. - Warrant,Q,G,N,100.0,N,N,,ALFUW,N
Y,ALG,"Alamo Group, Inc. Common Stock",N, ,N,100.0,N,,ALG,ALG,N
Y,ALGM,"Allegro MicroSystems, Inc. - Common Stock",Q,Q,N,100.0,N,N,,ALGM,N
Y,ALGN,"Align Technology, Inc. - Common Stock",Q,Q,N,100.0,N,N,,ALGN,N
Y,ALGS,"Aligos Therapeutics, Inc. - Common stock",Q,S,N,100.0,N,N,,ALGS,N
Y,ALGT,Allegiant Travel Company - Common Stock,Q,Q,N,100.0,N,N,,ALGT,N
Y,ALH,Alliance Laundry Holdings Inc. Common Stock,N, ,N,100.0,N,,ALH,ALH,N
Y,ALHC,"Alignment Healthcare, Inc. - Common Stock",Q,Q,N,100.0,N,N,,ALHC,N
Y,ALIS,Calisa Acquisition Corp - Ordinary shares,Q,G,N,100.0,N,D,,ALIS,N
Y,ALISU,Calisa Acquisition Corp - Units,Q,G,N,100.0,N,N,,ALISU,N
Y,ALIT,"Alight, Inc. Class A Common Stock",N, ,N,100.0,N,,ALIT,ALIT,N
Y,ALK,"Alaska Air Group, Inc. Common Stock",N, ,N,100.0,N,,ALK,ALK,N
Y,ALKS,Alkermes plc - Ordinary Shares,Q,Q,N,100.0,N,N,,ALKS,N
Y,ALKT,"Alkami Technology, Inc. - Common Stock",Q,Q,N,100.0,N,N,,ALKT,N
Y,ALL,Allstate Corporation (The) Common Stock,N, ,N,100.0,N,,ALL,ALL,N
Y,ALLE,Allegion plc Ordinary Shares,N, ,N,100.0,N,,ALLE,ALLE,N
Y,ALLO,"Allogene Therapeutics, Inc. - Common Stock",Q,Q,N,100.0,N,N,,ALLO,N
Y,ALLR,"Allarity Therapeutics, Inc. - Common stock",Q,S,N,100.0,N,N,,ALLR,N
Y,ALLT,Allot Ltd. - Ordinary Shares,Q,Q,N,100.0,N,N,,ALLT,N
Y,ALLY,Ally Financial Inc. Common Stock,N, ,N,100.0,N,,ALLY,ALLY,N
Y,ALM,Almonty Industries Inc. - Common Shares,Q,S,N,100.0,N,N,,ALM,N
Y,ALMR,"Alamar Biosciences, Inc. - Class A common stock",Q,Q,N,100.0,N,N,,ALMR,N
Y,ALMS,Alumis Inc. - Common Stock,Q,Q,N,100.0,N,N,,ALMS,N
Y,ALMU,"Aeluma, Inc. - Common Stock",Q,S,N,100.0,N,N,,ALMU,N
Y,ALNT,Allient Inc. - Common Stock,Q,G,N,100.0,N,N,,ALNT,N
Y,ALNY,"Alnylam Pharmaceuticals, Inc. - Common Stock",Q,Q,N,40.0,N,N,,ALNY,N
Y,ALOT,"AstroNova, Inc. - Common Stock",Q,G,N,100.0,N,N,,ALOT,N
Y,ALOV,"Aldabra 4 Liquidity Opportunity Vehicle, Inc. - Class A Ordinary Shares",Q,G,N,100.0,N,N,,ALOV,N
Y,ALOVU,"Aldabra 4 Liquidity Opportunity Vehicle, Inc. - Units",Q,G,N,100.0,N,N,,ALOVU,N
Y,ALOY,REalloys Inc. - Common Stock,Q,S,N,100.0,N,N,,ALOY,N
Y,ALP,Alpha Compute Corp  - Common Stock,Q,S,N,100.0,N,D,,ALP,N
Y,ALPS,ALPS Group Inc - Ordinary Share,Q,G,N,100.0,N,D,,ALPS,N
Y,ALPXU,Alpex Acquisition Corporation - Units,Q,G,N,100.0,N,N,,ALPXU,N
Y,ALRM,"Alarm.com Holdings, Inc. - Common Stock",Q,Q,N,100.0,N,N,,ALRM,N
Y,ALRS,Alerus Financial Corporation - Common Stock,Q,S,N,100.0,N,N,,ALRS,N
Y,ALSN,"Allison Transmission Holdings, Inc. Common Stock",N, ,N,100.0,N,,ALSN,ALSN,N
Y,ALT,"Altimmune, Inc. - Common Stock",Q,G,N,100.0,N,N,,ALT,N
Y,ALTG,Alta Equipment Group Inc. Class A Common Stock,N, ,N,100.0,N,,ALTG,ALTG,N
Y,ALTI,"AlTi Global, Inc. - Class A Common Stock",Q,S,N,100.0,N,N,,ALTI,N
Y,ALTO,"Alto Ingredients, Inc. - Common Stock",Q,S,N,100.0,N,N,,ALTO,N
Y,ALUB,Alussa Energy Acquisition Corp. II Class A Ordinary Shares,N, ,N,100.0,N,,ALUB,ALUB,N
Y,ALV,"Autoliv, Inc. Common Stock",N, ,N,100.0,N,,ALV,ALV,N
Y,ALVO,Alvotech - Ordinary Shares,Q,G,N,100.0,N,N,,ALVO,N
Y,ALVOW,Alvotech - Warrant,Q,G,N,100.0,N,N,,ALVOW,N
Y,ALX,"Alexander's, Inc. Common Stock",N, ,N,100.0,N,,ALX,ALX,N
Y,ALXO,ALX Oncology Holdings Inc. - Common Stock,Q,Q,N,100.0,N,N,,ALXO,N
Y,ALZN,"Alzamend Neuro, Inc. - Common Stock",Q,S,N,100.0,N,D,,ALZN,N
Y,AM,Antero Midstream Corporation Common Stock,N, ,N,100.0,N,,AM,AM,N
Y,AMAL,Amalgamated Financial Corp. - Common Stock,Q,G,N,100.0,N,N,,AMAL,N
Y,AMAN,Amanat Acquisition Corp - Class A Ordinary Shares,Q,S,N,100.0,N,N,,AMAN,N
Y,AMAT,"Applied Materials, Inc. - Common Stock",Q,Q,N,40.0,N,N,,AMAT,N
Y,AMBA,"Ambarella, Inc. - Ordinary Shares",Q,Q,N,100.0,N,N,,AMBA,N
Y,AMBO,Ambow Education Holding Ltd. American Depository Shares (each representing twenty (20) Class A Ordinary Shares),A, ,N,100.0,N,,AMBO,AMBO,N
Y,AMBP,Ardagh Metal Packaging S.A. Ordinary Shares,N, ,N,100.0,N,,AMBP,AMBP,N
Y,AMBQ,"Ambiq Micro, Inc. Common Stock",N, ,N,100.0,N,,AMBQ,AMBQ,N
Y,AMBR,Amber International Holding Limited - American Depositary Shares,Q,G,N,100.0,N,N,,AMBR,N
Y,AMC,"AMC Entertainment Holdings, Inc. Class A Common Stock",N, ,N,100.0,N,,AMC,AMC,N
Y,AMCI,AMC Robotics Corporation - Common Stock,Q,S,N,100.0,N,N,,AMCI,N
Y,AMCR,Amcor plc Ordinary Shares,N, ,N,100.0,N,,AMCR,AMCR,N
Y,AMCX,AMC Global Media Inc. - Class A Common Stock,Q,Q,N,100.0,N,N,,AMCX,N
Y,AMD,"Advanced Micro Devices, Inc. - Common Stock",Q,Q,N,100.0,N,N,,AMD,N
Y,AME,"AMETEK, Inc.",N, ,N,100.0,N,,AME,AME,N
Y,AMG,"Affiliated Managers Group, Inc. Common Stock",N, ,N,40.0,N,,AMG,AMG,N
Y,AMGN,Amgen Inc. - Common Stock,Q,Q,N,40.0,N,N,,AMGN,N
Y,AMH,American Homes 4 Rent Common Shares of Beneficial Interest,N, ,N,100.0,N,,AMH,AMH,N
Y,AMIX,"Autonomix Medical, Inc. - Common Stock",Q,S,N,100.0,N,D,,AMIX,N
Y,AMKR,"Amkor Technology, Inc. - Common Stock",Q,Q,N,100.0,N,N,,AMKR,N
Y,AMLX,"Amylyx Pharmaceuticals, Inc. - Common Stock",Q,Q,N,100.0,N,N,,AMLX,N
Y,AMN,AMN Healthcare Services Inc,N, ,N,100.0,N,,AMN,AMN,N
Y,AMOD,"Alpha Modus Holdings, Inc. - Class A Common Stock",Q,S,N,100.0,N,D,,AMOD,N
Y,AMODW,"Alpha Modus Holdings, Inc. - Warrant",Q,S,N,100.0,N,D,,AMODW,N
Y,AMP,"Ameriprise Financial, Inc. Common Stock",N, ,N,40.0,N,,AMP,AMP,N
Y,AMPG,"Amplitech Group, Inc. - Common Stock",Q,S,N,100.0,N,N,,AMPG,N
Y,AMPH,"Amphastar Pharmaceuticals, Inc. - Common Stock",Q,Q,N,100.0,N,N,,AMPH,N
Y,AMPL,"Amplitude, Inc. - Class A Common Stock",Q,S,N,100.0,N,N,,AMPL,N
Y,AMPX,"Amprius Technologies, Inc. Common Stock",N, ,N,100.0,N,,AMPX,AMPX,N
Y,AMPY,Amplify Energy Corp. Common Stock,N, ,N,100.0,N,,AMPY,AMPY,N
Y,AMR,"Alpha Metallurgical Resources, Inc. Common Stock",N, ,N,100.0,N,,AMR,AMR,N
Y,AMRC,"Ameresco, Inc. Class A Common Stock",N, ,N,100.0,N,,AMRC,AMRC,N
Y,AMRN,Amarin Corporation plc - American Depositary Shares,Q,S,N,100.0,N,N,,AMRN,N
Y,AMRX,"Amneal Pharmaceuticals, Inc. - Class A Common Stock",Q,Q,N,100.0,N,N,,AMRX,N
Y,AMRZ,Amrize Ltd Ordinary Shares,N, ,N,100.0,N,,AMRZ,AMRZ,N
Y,AMS,American Shared Hospital Services Common Stock,A, ,N,100.0,N,,AMS,AMS,N
Y,AMSC,American Superconductor Corporation - Common Stock,Q,Q,N,100.0,N,N,,AMSC,N
Y,AMSF,"AMERISAFE, Inc. - Common Stock",Q,Q,N,100.0,N,N,,AMSF,N
Y,AMSS,AMASS Brands Inc. - Common Stock,Q,G,N,100.0,N,N,,AMSS,N
Y,AMST,Amesite Inc. - Common Stock,Q,S,N,100.0,N,N,,AMST,N
Y,AMT,American Tower Corporation (REIT) Common Stock,N, ,N,100.0,N,,AMT,AMT,N
Y,AMTB,Amerant Bancorp Inc. Class A Common Stock,N, ,N,100.0,N,,AMTB,AMTB,N
Y,AMTD,"AMTD IDEA Group American Depositary Shares, each representing six (6) Class A Ordinary Shares",N, ,N,100.0,N,,AMTD,AMTD,N
Y,AMTM,"Amentum Holdings, Inc. Common Stock",N, ,N,100.0,N,,AMTM,AMTM,N
Y,AMTX,"Aemetis, Inc - Common Stock",Q,G,N,100.0,N,N,,AMTX,N
Y,AMUB,"ETRACS Alerian MLP Index ETN Series B due July 18, 2042",P, ,N,100.0,N,,AMUB,AMUB,N
Y,AMWL,American Well Corporation Class A Common Stock,N, ,N,100.0,N,,AMWL,AMWL,N
Y,AMX,"America Movil, S.A.B. de C.V. American Depositary Shares (each representing the right to receive twenty (20) Series B Shares",N, ,N,100.0,N,,AMX,AMX,N
Y,AMZE,"Amaze Holdings, Inc. Common Stock",A, ,N,100.0,N,,AMZE,AMZE,N
Y,AMZN,"Amazon.com, Inc. - Common Stock",Q,Q,N,100.0,N,N,,AMZN,N
Y,AN,"AutoNation, Inc. Common Stock",N, ,N,100.0,N,,AN,AN,N
Y,ANAB,"AnaptysBio, Inc. - Common Stock",Q,Q,N,100.0,N,N,,ANAB,N
Y,ANDE,"The Andersons, Inc. - Common Stock",Q,Q,N,100.0,N,N,,ANDE,N
Y,ANDG,Andersen Group Inc. Class A Common Stock,N, ,N,100.0,N,,ANDG,ANDG,N
Y,ANET,"Arista Networks, Inc. Common Stock",N, ,N,100.0,N,,ANET,ANET,N
Y,ANF,Abercrombie & Fitch Company Common Stock,N, ,N,100.0,N,,ANF,ANF,N
Y,ANGH,Anghami Inc. - Ordinary Shares,Q,S,N,100.0,N,N,,ANGH,N
Y,ANGHW,Anghami Inc. - Warrants,Q,S,N,100.0,N,N,,ANGHW,N
Y,ANGI,Angi Inc. - Class A Common Stock,Q,Q,N,100.0,N,N,,ANGI,N
Y,ANGO,"AngioDynamics, Inc. - Common Stock",Q,Q,N,100.0,N,N,,ANGO,N
Y,ANGX,"Angel Studios, Inc. Class A Common Stock",N, ,N,100.0,N,,ANGX,ANGX,N
Y,ANIK,Anika Therapeutics Inc. - Common Stock,Q,Q,N,100.0,N,N,,ANIK,N
Y,ANIP,"ANI Pharmaceuticals, Inc. - Common Stock",Q,G,N,100.0,N,N,,ANIP,N
Y,ANIX,"Anixa Biosciences, Inc. - Common Stock",Q,S,N,100.0,N,N,,ANIX,N
Y,ANL,Adlai Nortye Ltd. - American Depositary Shares,Q,G,N,100.0,N,N,,ANL,N
Y,ANNA,"AleAnna, Inc. - Class A Common Stock",Q,S,N,100.0,N,N,,ANNA,N
Y,ANNAW,"AleAnna, Inc. - Warrant",Q,S,N,100.0,N,N,,ANNAW,N
Y,ANNX,"Annexon, Inc. - common stock",Q,Q,N,100.0,N,N,,ANNX,N
Y,ANPA,Rich Sparkle Holdings Limited - Ordinary Shares,Q,S,N,100.0,N,N,,ANPA,N
Y,ANRO,"Alto Neuroscience, Inc. Common Stock",N, ,N,100.0,N,,ANRO,ANRO,N
Y,ANSC,Agriculture & Natural Solutions Acquisition Corporation - Class A Ordinary Shares,Q,G,N,100.0,N,N,,ANSC,N
Y,ANSCU,Agriculture & Natural Solutions Acquisition Corporation - Unit,Q,G,N,100.0,N,N,,ANSCU,N
Y,ANSCW,Agriculture & Natural Solutions Acquisition Corporation - Warrant,Q,G,N,100.0,N,N,,ANSCW,N
Y,ANTA,Antalpha Platform Holding Company - Class A Ordinary Shares,Q,G,N,100.0,N,N,,ANTA,N
Y,ANTX,"AN2 Therapeutics, Inc. - Common Stock",Q,Q,N,100.0,N,N,,ANTX,N
Y,ANVS,"Annovis Bio, Inc. Common Stock",N, ,N,100.0,N,,ANVS,ANVS,N
Y,ANY,Sphere 3D Corp. - Common Shares,Q,S,N,100.0,N,N,,ANY,N
Y,AOD,abrdn Total Dynamic Dividend Fund Common Shares of Beneficial Interest,N, ,N,100.0,N,,AOD,AOD,N
Y,AOMD,"Angel Oak Mortgage REIT, Inc. 9.750% Senior Notes due 2030",N, ,N,100.0,N,,AOMD,AOMD,N
Y,AOMN,"Angel Oak Mortgage REIT, Inc. 9.500% Senior Notes due 2029",N, ,N,100.0,N,,AOMN,AOMN,N
Y,AOMR,"Angel Oak Mortgage REIT, Inc. Common Stock",N, ,N,100.0,N,,AOMR,AOMR,N
Y,AON,Aon plc Class A Ordinary Shares (Ireland),N, ,N,40.0,N,,AON,AON,N
Y,AORT,"Artivion, Inc. Common Stock",N, ,N,100.0,N,,AORT,AORT,N
Y,AOS,A.O. Smith Corporation Common Stock,N, ,N,100.0,N,,AOS,AOS,N
Y,AOSL,Alpha and Omega Semiconductor Limited - Common Shares,Q,Q,N,100.0,N,N,,AOSL,N
Y,AOUT,"American Outdoor Brands, Inc. - Common Stock",Q,Q,N,100.0,N,N,,AOUT,N
Y,AP,Ampco-Pittsburgh Corporation Common Stock,N, ,N,100.0,N,,AP,AP,N
Y,APA,APA Corporation - Common Stock,Q,Q,N,100.0,N,N,,APA,N
Y,APAC,StoneBridge Acquisition II Corporation - Class A Ordinary Shares,Q,S,N,100.0,N,N,,APAC,N
Y,APACU,StoneBridge Acquisition II Corporation - Units,Q,S,N,100.0,N,N,,APACU,N
Y,APAM,Artisan Partners Asset Management Inc. Class A Common Stock,N, ,N,100.0,N,,APAM,APAM,N
Y,APC,ARKO Petroleum Corp. - Class A Common Stock,Q,S,N,100.0,N,N,,APC,N
Y,APD,"Air Products and Chemicals, Inc. Common Stock",N, ,N,40.0,N,,APD,APD,N
Y,APEI,"American Public Education, Inc. - Common Stock",Q,Q,N,100.0,N,N,,APEI,N
Y,APG,APi Group Corporation Common Stock,N, ,N,100.0,N,,APG,APG,N
Y,APGE,"Apogee Therapeutics, Inc. - Common Stock",Q,G,N,100.0,N,N,,APGE,N
Y,APH,Amphenol Corporation Common Stock,N, ,N,100.0,N,,APH,APH,N
Y,API,"Agora, Inc. - ADS",Q,Q,N,100.0,N,N,,API,N
Y,APLD,Applied Digital Corporation - Common Stock,Q,Q,N,100.0,N,N,,APLD,N
Y,APLE,"Apple Hospitality REIT, Inc. Common Shares",N, ,N,100.0,N,,APLE,APLE,N
Y,APLM,Apollomics Inc. - Class A Ordinary Shares,Q,S,N,100.0,N,D,,APLM,N
Y,APLMW,Apollomics Inc. - Warrant,Q,S,N,100.0,N,D,,APLMW,N
Y,APM,Aptorum Group Limited - Class A Ordinary Shares,Q,S,N,100.0,N,D,,APM,N
Y,APMC,AmperCap Acquisition Company - Ordinary Shares,Q,G,N,100.0,N,N,,APMC,N
Y,APMCU,AmperCap Acquisition Company - Unit,Q,G,N,100.0,N,N,,APMCU,N
Y,APO,"Apollo Global Management, Inc. (New) Common Stock",N, ,N,100.0,N,,APO,APO,N
Y,APOG,"Apogee Enterprises, Inc. - Common Stock",Q,Q,N,100.0,N,N,,APOG,N
Y,APOS,"Apollo Global Management, Inc. 7.625% Fixed-Rate Resettable Junior Subordinated Notes due 2053",N, ,N,100.0,N,,APOS,APOS,N
Y,APP,Applovin Corporation - Class A Common Stock,Q,Q,N,40.0,N,N,,APP,N
Y,APPF,"AppFolio, Inc. - Class A Common Stock",Q,G,N,100.0,N,N,,APPF,N
Y,APPN,Appian Corporation - Class A Common Stock,Q,G,N,100.0,N,N,,APPN,N
Y,APPS,"Digital Turbine, Inc. - Common Stock",Q,S,N,100.0,N,N,,APPS,N
Y,APRE,"Aprea Therapeutics, Inc. - Common Stock",Q,S,N,100.0,N,D,,APRE,N
Y,APT,"Alpha Pro Tech, Ltd. Common Stock",A, ,N,100.0,N,,APT,APT,N
Y,APTV,Aptiv PLC Ordinary Shares,N, ,N,100.0,N,,APTV,APTV,N
Y,APUR,Aperture AC - Class A Ordinary Shares,Q,S,N,100.0,N,N,,APUR,N
Y,APUS,"Apimeds Pharmaceuticals US, Inc. Common Stock",A, ,N,100.0,N,,APUS,APUS,N
Y,APVO,Aptevo Therapeutics Inc. - Common Stock,Q,S,N,100.0,N,N,,APVO,N
Y,APWC,"Asia Pacific Wire & Cable Corporation Limited  - Common shares, Par value .01 per share",Q,S,N,100.0,N,N,,APWC,N
Y,APXT,Apex Treasury Corporation - Class A Ordinary Share,Q,G,N,100.0,N,N,,APXT,N
Y,APXTU,Apex Treasury Corporation - Units,Q,G,N,100.0,N,N,,APXTU,N
Y,APXTW,Apex Treasury Corporation - Warrants,Q,G,N,100.0,N,N,,APXTW,N
Y,APYX,Apyx Medical Corporation - Common Stock,Q,Q,N,100.0,N,N,,APYX,N
Y,AQB,"AquaBounty Technologies, Inc. - Common Stock",Q,S,N,100.0,N,N,,AQB,N
Y,AQMS,"Aqua Metals, Inc. - Common Stock",Q,S,N,100.0,N,N,,AQMS,N
Y,AQN,Algonquin Power & Utilities Corp. Common Shares,N, ,N,100.0,N,,AQN,AQN,N
Y,AQNB,"Algonquin Power & Utilities Corp. 6.20% Fixed-to-Floating Subordinated Notes Series 2019-A due July 1, 2079",N, ,N,100.0,N,,AQNB,AQNB,N
Y,AQST,"Aquestive Therapeutics, Inc. - Common Stock",Q,G,N,100.0,N,N,,AQST,N
Y,AR,Antero Resources Corporation Common Stock,N, ,N,100.0,N,,AR,AR,N
Y,ARAI,Arrive AI Inc. - Common Stock,Q,G,N,100.0,N,D,,ARAI,N
Y,ARAY,Accuray Incorporated - Common Stock,Q,Q,N,100.0,N,D,,ARAY,N
Y,ARBB,ARB IOT Group Limited - Ordinary Shares,Q,S,N,100.0,N,N,,ARBB,N
Y,ARBE,Arbe Robotics Ltd. - Ordinary Shares,Q,S,N,100.0,N,D,,ARBE,N
Y,ARBEW,Arbe Robotics Ltd. - Warrant,Q,S,N,100.0,N,N,,ARBEW,N
Y,ARBK,Argo Blockchain plc - American Depositary Shares,Q,S,N,100.0,N,N,,ARBK,N
Y,ARCB,ArcBest Corporation - Common Stock,Q,Q,N,100.0,N,N,,ARCB,N
Y,ARCC,Ares Capital Corporation - Closed End Fund,Q,Q,N,100.0,N,N,,ARCC,N
Y,ARCI,Archimedes Tech SPAC Partners III Co. - Ordinary Share,Q,G,N,100.0,N,N,,ARCI,N
Y,ARCIU,Archimedes Tech SPAC Partners III Co. - Unit,Q,G,N,100.0,N,N,,ARCIU,N
Y,ARCL,ARC Group Acquisition I Corp - Class A Ordinary Shares,Q,G,N,100.0,N,N,,ARCL,N
Y,ARCLR,ARC Group Acquisition I Corp - Right,Q,G,N,100.0,N,N,,ARCLR,N
Y,ARCLU,ARC Group Acquisition I Corp - Unit,Q,G,N,100.0,N,N,,ARCLU,N
Y,ARCO,Arcos Dorados Holdings Inc. Class A Shares,N, ,N,100.0,N,,ARCO,ARCO,N
Y,ARCT,Arcturus Therapeutics Holdings Inc. - Common Stock,Q,G,N,100.0,N,N,,ARCT,N
Y,ARDC,"Ares Dynamic Credit Allocation Fund, Inc. Common Shares",N, ,N,100.0,N,,ARDC,ARDC,N
Y,ARDT,"Ardent Health, Inc. Common Stock",N, ,N,100.0,N,,ARDT,ARDT,N
Y,ARDX,"Ardelyx, Inc. - Common Stock",Q,G,N,100.0,N,N,,ARDX,N
Y,ARE,"Alexandria Real Estate Equities, Inc. Common Stock",N, ,N,100.0,N,,ARE,ARE,N
Y,AREC,American Resources Corporation - Class A Common Stock,Q,S,N,100.0,N,E,,AREC,N
Y,AREN,"The Arena Group Holdings, Inc. Common Stock",A, ,N,100.0,N,,AREN,AREN,N
Y,ARES,Ares Management Corporation Class A Common Stock,N, ,N,100.0,N,,ARES,ARES,N
Y,ARGX,argenx SE - American Depositary Shares,Q,Q,N,40.0,N,N,,ARGX,N
Y,ARHS,"Arhaus, Inc. - Class A Common Stock",Q,Q,N,100.0,N,N,,ARHS,N
Y,ARI,"Apollo Commercial Real Estate Finance, Inc",N, ,N,100.0,N,,ARI,ARI,N
Y,ARIS,Aris Mining Corporation Common Shares,N, ,N,100.0,N,,ARIS,ARIS,N
Y,ARKO,ARKO Corp. - Common Stock,Q,S,N,100.0,N,N,,ARKO,N
Y,ARKR,Ark Restaurants Corp. - Common Stock,Q,G,N,100.0,N,N,,ARKR,N
Y,ARL,"American Realty Investors, Inc. Common Stock",N, ,N,100.0,N,,ARL,ARL,N
Y,ARLO,"Arlo Technologies, Inc. Common Stock",N, ,N,100.0,N,,ARLO,ARLO,N
Y,ARLP,"Alliance Resource Partners, L.P. - Common Units Representing Limited Partnership Interests",Q,Q,N,100.0,N,N,,ARLP,N
Y,ARM,Arm Holdings plc - American Depositary Shares,Q,Q,N,100.0,N,N,,ARM,N
Y,ARMK,Aramark Common Stock,N, ,N,100.0,N,,ARMK,ARMK,N
Y,ARMP,"Armata Pharmaceuticals, Inc. Common Stock",A, ,N,100.0,N,,ARMP,ARMP,N
Y,AROC,"Archrock, Inc. Common Stock",N, ,N,100.0,N,,AROC,AROC,N
Y,AROW,Arrow Financial Corporation - Common Stock,Q,Q,N,100.0,N,N,,AROW,N
Y,ARQ,"Arq, Inc. - Common Stock",Q,G,N,100.0,N,N,,ARQ,N
Y,ARQQ,Arqit Quantum Inc. - Ordinary Shares,Q,S,N,100.0,N,N,,ARQQ,N
Y,ARQQW,Arqit Quantum Inc. - Warrants,Q,S,N,100.0,N,N,,ARQQW,N
Y,ARQT,"Arcutis Biotherapeutics, Inc. - Common stock",Q,Q,N,100.0,N,N,,ARQT,N
Y,ARR,"ARMOUR Residential REIT, Inc.",N, ,N,100.0,N,,ARR,ARR,N
Y,ARRY,"Array Technologies, Inc. - Common Stock",Q,G,N,100.0,N,N,,ARRY,N
Y,ARTC,Art Technology Acquisition Corp. - Class A Ordinary Shares,Q,G,N,100.0,N,N,,ARTC,N
Y,ARTCU,Art Technology Acquisition Corp. - Units,Q,G,N,100.0,N,N,,ARTCU,N
Y,ARTL,"Artelo Biosciences, Inc. - Common Stock",Q,S,N,100.0,N,N,,ARTL,N
Y,ARTNA,Artesian Resources Corporation - Class A Non-Voting Common Stock,Q,Q,N,100.0,N,N,,ARTNA,N
Y,ARTV,"Artiva Biotherapeutics, Inc. - Common Stock",Q,G,N,100.0,N,N,,ARTV,N
Y,ARTW,"Art's-Way Manufacturing Co., Inc. - Common Stock",Q,S,N,100.0,N,N,,ARTW,N
Y,ARVN,"Arvinas, Inc. - Common Stock",Q,Q,N,100.0,N,N,,ARVN,N
Y,ARW,"Arrow Electronics, Inc. Common Stock",N, ,N,100.0,N,,ARW,ARW,N
Y,ARWR,"Arrowhead Pharmaceuticals, Inc. - Common Stock",Q,Q,N,100.0,N,N,,ARWR,N
Y,ARX,Accelerant Holdings Class A Common Shares,N, ,N,100.0,N,,ARX,ARX,N
Y,ARXS,"Arxis, Inc. - Class A Common Stock",Q,Q,N,100.0,N,N,,ARXS,N
Y,AS,"Amer Sports, Inc. Ordinary Shares",N, ,N,100.0,N,,AS,AS,N
Y,ASA,ASA  Gold and Precious Metals Limited,N, ,N,100.0,N,,ASA,ASA,N
Y,ASAN,"Asana, Inc. Class A Common Stock",N, ,N,100.0,N,,ASAN,ASAN,N
Y,ASB,Associated Banc-Corp Common Stock,N, ,N,100.0,N,,ASB,ASB,N
Y,ASBA,Associated Banc-Corp 6.625% Fixed-Rate Reset Subordinated Notes due 2033,N, ,N,100.0,N,,ASBA,ASBA,N
Y,ASBP,"Aspire Biopharma Holdings, Inc.  - Common Stock",Q,S,N,100.0,N,N,,ASBP,N
Y,ASBPW,"Aspire Biopharma Holdings, Inc.  - Warrant",Q,S,N,100.0,N,N,,ASBPW,N
Y,ASC,Ardmore Shipping Corporation Common Stock,N, ,N,100.0,N,,ASC,ASC,N
Y,ASG,"Liberty All-Star Growth Fund, Inc.",N, ,N,100.0,N,,ASG,ASG,N
Y,ASGI,abrdn Global Infrastructure Income Fund Common Shares of Beneficial Interest,N, ,N,100.0,N,,ASGI,ASGI,N
Y,ASH,Ashland Inc. Common Stock,N, ,N,100.0,N,,ASH,ASH,N
Y,ASIC,Ategrity Specialty Insurance Company Holdings Common Stock,N, ,N,100.0,N,,ASIC,ASIC,N
Y,ASIX,AdvanSix Inc. Common Stock ,N, ,N,100.0,N,,ASIX,ASIX,N
Y,ASLE,AerSale Corporation - Common Stock,Q,S,N,100.0,N,N,,ASLE,N
Y,ASM,Avino Silver & Gold Mines Ltd. Common Shares (Canada),A, ,N,100.0,N,,ASM,ASM,N
Y,ASMB,"Assembly Biosciences, Inc. - Common Stock",Q,Q,N,100.0,N,N,,ASMB,N
Y,ASML,ASML Holding N.V. - New York Registry Shares,Q,Q,N,10.0,N,N,,ASML,N
Y,ASND,Ascendis Pharma A/S - Ordinary Share,Q,Q,N,100.0,N,N,,ASND,N
Y,ASO,"Academy Sports and Outdoors, Inc. - Common Stock",Q,Q,N,100.0,N,N,,ASO,N
Y,ASPC,A SPAC III Acquisition Corp. - Class A Ordinary Shares,Q,S,N,100.0,N,D,,ASPC,N
Y,ASPCU,A SPAC III Acquisition Corp. - Unit,Q,S,N,100.0,N,D,,ASPCU,N
Y,ASPI,ASP Isotopes Inc. - Common Stock,Q,S,N,100.0,N,N,,ASPI,N
Y,ASPN,"Aspen Aerogels, Inc. Common Stock",N, ,N,100.0,N,,ASPN,ASPN,N
Y,ASPS,Altisource Portfolio Solutions S.A. - Common Stock,Q,Q,N,100.0,N,N,,ASPS,N
Y,ASPSW,Altisource Portfolio Solutions S.A. - Net Settle Stakeholder Warrants,Q,Q,N,100.0,N,N,,ASPSW,N
Y,ASPSZ,Altisource Portfolio Solutions S.A. - Cash Exercise Stakeholder Warrants,Q,Q,N,100.0,N,N,,ASPSZ,N
Y,ASR,"Grupo Aeroportuario del Sureste, S.A. de C.V. Common Stock",N, ,N,40.0,N,,ASR,ASR,N
Y,ASRV,AmeriServ Financial Inc. - Common Stock,Q,G,N,100.0,N,N,,ASRV,N
Y,ASST,"Strive, Inc. - Class A Common Stock",Q,G,N,100.0,N,N,,ASST,N
Y,ASTC,Astrotech Corporation - Common Stock,Q,S,N,100.0,N,N,,ASTC,N
Y,ASTE,"Astec Industries, Inc. - Common Stock",Q,Q,N,100.0,N,N,,ASTE,N
Y,ASTH,Astrana Health Inc. - Common Stock,Q,S,N,100.0,N,N,,ASTH,N
Y,ASTI,"Ascent Solar Technologies, Inc - Common Stock",Q,S,N,100.0,N,N,,ASTI,N
Y,ASTL,Algoma Steel Group Inc. - Common Shares,Q,G,N,100.0,N,N,,ASTL,N
Y,ASTLW,Algoma Steel Group Inc. - Warrant,Q,G,N,100.0,N,N,,ASTLW,N
Y,ASTS,"AST SpaceMobile, Inc. - Class A Common Stock",Q,Q,N,100.0,N,N,,ASTS,N
Y,ASUR,Asure Software Inc - Common Stock,Q,S,N,100.0,N,N,,ASUR,N
Y,ASX,"ASE Technology Holding Co., Ltd. American Depositary Shares (each representing Two Common Shares) ",N, ,N,100.0,N,,ASX,ASX,N
Y,ASYS,"Amtech Systems, Inc. - Common Stock",Q,Q,N,100.0,N,N,,ASYS,N
Y,ATAI,AtaiBeckley Inc. - Common Stock,Q,G,N,100.0,N,N,,ATAI,N
Y,ATAT,Atour Lifestyle Holdings Limited - American Depositary Shares,Q,Q,N,100.0,N,N,,ATAT,N
Y,ATCH,"AtlasClear Holdings, Inc. Common Stock",A, ,N,100.0,N,,ATCH,ATCH,N
Y,ATCX,Atlas Critical Minerals Corporation - Common Stock,Q,S,N,100.0,N,N,,ATCX,N
Y,ATEC,"Alphatec Holdings, Inc. - Common Stock",Q,Q,N,100.0,N,N,,ATEC,N
Y,ATEN,"A10 Networks, Inc. Common Stock",N, ,N,100.0,N,,ATEN,ATEN,N
Y,ATER,"Aterian, Inc. - Common Stock",Q,S,N,100.0,N,N,,ATER,N
Y,ATEX,Anterix Inc. - Common Stock,Q,S,N,100.0,N,N,,ATEX,N
Y,ATGL,Alpha Technology Group Limited - Class A Ordinary Shares,Q,S,N,100.0,N,N,,ATGL,N
Y,ATHE,Alterity Therapeutics Limited - American Depositary Shares,Q,S,N,100.0,N,N,,ATHE,N
Y,ATHM,"Autohome Inc. American Depositary Shares, each representing four class A ordinary shares.",N, ,N,100.0,N,,ATHM,ATHM,N
Y,ATHR,"Aether Holdings, Inc. - Common Stock",Q,S,N,100.0,N,N,,ATHR,N
Y,ATHS,Athene Holding Ltd. 7.250% Fixed-Rate Reset Junior Subordinated Debentures due 2064,N, ,N,100.0,N,,ATHS,ATHS,N
Y,ATI,ATI Inc. Common Stock,N, ,N,100.0,N,,ATI,ATI,N
Y,ATII,Archimedes Tech SPAC Partners II Co. - Ordinary Shares,Q,G,N,100.0,N,N,,ATII,N
Y,ATIIU,Archimedes Tech SPAC Partners II Co. - Unit,Q,G,N,100.0,N,N,,ATIIU,N
Y,ATIIW,Archimedes Tech SPAC Partners II Co. - Warrant,Q,G,N,100.0,N,N,,ATIIW,N
Y,ATKR,Atkore Inc. Common Stock,N, ,N,100.0,N,,ATKR,ATKR,N
Y,ATLC,Atlanticus Holdings Corporation - Common Stock,Q,Q,N,100.0,N,N,,ATLC,N
Y,ATLCL,Atlanticus Holdings Corporation - 6.125% Senior Notes due 2026,Q,G,N,100.0,N,N,,ATLCL,N
Y,ATLCP,"Atlanticus Holdings Corporation - 7.625% Series B Cumulative Perpetual Preferred Stock, no par value per share",Q,Q,N,100.0,N,N,,ATLCP,N
Y,ATLCZ,Atlanticus Holdings Corporation - 9.25% Senior Notes due 2029,Q,G,N,100.0,N,N,,ATLCZ,N
Y,ATLO,Ames National Corporation - Common Stock,Q,S,N,100.0,N,N,,ATLO,N
Y,ATLX,Atlas Lithium Corporation - Common Stock,Q,S,N,100.0,N,N,,ATLX,N
Y,ATMP,iPath Select MLP ETN,Z, ,N,100.0,N,,ATMP,ATMP,N
Y,ATMU,Atmus Filtration Technologies Inc. Common Stock,N, ,N,100.0,N,,ATMU,ATMU,N
Y,ATNI,"ATN International, Inc. - Common Stock",Q,Q,N,100.0,N,N,,ATNI,N
Y,ATNM,"Actinium Pharmaceuticals, Inc. (Delaware) Common Stock",A, ,N,100.0,N,,ATNM,ATNM,N
Y,ATO,Atmos Energy Corporation Common Stock,N, ,N,100.0,N,,ATO,ATO,N
Y,ATOM,Atomera Incorporated - Common Stock,Q,S,N,100.0,N,N,,ATOM,N
Y,ATOS,"Atossa Therapeutics, Inc. - Common Stock",Q,S,N,100.0,N,N,,ATOS,N
Y,ATPC,Agape ATP Corporation - Common Stock,Q,S,N,100.0,N,N,,ATPC,N
Y,ATR,"AptarGroup, Inc. Common Stock",N, ,N,100.0,N,,ATR,ATR,N
Y,ATRA,"Atara Biotherapeutics, Inc. - Common Stock",Q,Q,N,100.0,N,N,,ATRA,N
Y,ATRC,"AtriCure, Inc. - Common Stock",Q,G,N,100.0,N,N,,ATRC,N
Y,ATRO,Astronics Corporation - Common Stock,Q,Q,N,100.0,N,N,,ATRO,N
Y,ATS,ATS Corporation Common Shares,N, ,N,100.0,N,,ATS,ATS,N
Y,ATXG,Addentax Group Corp. - Common Stock,Q,S,N,100.0,N,N,,ATXG,N
Y,ATYR,"aTyr Pharma, Inc. - Common Stock",Q,S,N,100.0,N,D,,ATYR,N
Y,AU,AngloGold Ashanti PLC Ordinary Shares,N, ,N,100.0,N,,AU,AU,N
Y,AUB,Atlantic Union Bankshares Corporation Common Stock,N, ,N,100.0,N,,AUB,AUB,N
Y,AUBN,"Auburn National Bancorporation, Inc. - Common Stock",Q,G,N,100.0,N,N,,AUBN,N
Y,AUC,ATIF Holdings Limited - Ordinary Shares,Q,S,N,100.0,N,N,,AUC,N
Y,AUDC,AudioCodes Ltd. - Ordinary Shares,Q,Q,N,100.0,N,N,,AUDC,N
Y,AUGO,Aura Minerals Inc. - Common Shares,Q,Q,N,100.0,N,N,,AUGO,N
Y,AUID,authID Inc. - Common Stock,Q,S,N,100.0,N,N,,AUID,N
Y,AUNA,Auna SA Class A Ordinary Shares,N, ,N,100.0,N,,AUNA,AUNA,N
Y,AUPH,Aurinia Pharmaceuticals Inc - Common Shares,Q,G,N,100.0,N,N,,AUPH,N
Y,AUR,"Aurora Innovation, Inc.  - Class A Common Stock",Q,Q,N,100.0,N,N,,AUR,N
Y,AURA,"Aura Biosciences, Inc. - Common Stock",Q,G,N,100.0,N,N,,AURA,N
Y,AURE,Aurelion Inc.  - Class A Ordinary Shares,Q,S,N,100.0,N,N,,AURE,N
Y,AUROW,"Aurora Innovation, Inc.  - Warrant",Q,Q,N,100.0,N,N,,AUROW,N
Y,AUST,Austin Gold Corp. Common Shares,A, ,N,100.0,N,,AUST,AUST,N
Y,AUTL,Autolus Therapeutics plc - American Depositary Shares,Q,Q,N,100.0,N,N,,AUTL,N
Y,AUUD,Auddia Inc. - Common Stock,Q,S,N,100.0,N,D,,AUUD,N
Y,AVA,Avista Corporation Common Stock,N, ,N,100.0,N,,AVA,AVA,N
Y,AVAH,Aveanna Healthcare Holdings Inc. - Common Stock,Q,Q,N,100.0,N,N,,AVAH,N
Y,AVAL,Grupo Aval Acciones y Valores S.A. ADR (Each representing 20 preferred shares),N, ,N,100.0,N,,AVAL,AVAL,N
Y,AVAT,Avalanche Treasury Corporation - Class A Common Stock,Q,S,N,100.0,N,N,,AVAT,N
Y,AVAV,"AeroVironment, Inc. - Common Stock",Q,Q,N,100.0,N,N,,AVAV,N
Y,AVB,"AvalonBay Communities, Inc. Common Stock",N, ,N,100.0,N,,AVB,AVB,N
Y,AVBC,"Avidia Bancorp, Inc. Common Stock",N, ,N,100.0,N,,AVBC,AVBC,N
Y,AVBH,"Avidbank Holdings, Inc. - Common Stock",Q,Q,N,100.0,N,N,,AVBH,N
Y,AVBP,"ArriVent BioPharma, Inc. - Common Stock",Q,G,N,100.0,N,N,,AVBP,N
Y,AVD,American Vanguard Corporation Common Stock ($0.10 Par Value),N, ,N,100.0,N,,AVD,AVD,N
Y,AVEX,AEVEX Corp. Class A Common Stock,N, ,N,100.0,N,,AVEX,AVEX,N
Y,AVGO,Broadcom Inc. - Common Stock,Q,Q,N,40.0,N,N,,AVGO,N
Y,AVIR,"Atea Pharmaceuticals, Inc. - common stock",Q,Q,N,100.0,N,N,,AVIR,N
Y,AVK,Advent Convertible and Income Fund,N, ,N,100.0,N,,AVK,AVK,N
Y,AVLN,Avalyn Pharma Inc. - common stock,Q,Q,N,100.0,N,N,,AVLN,N
Y,AVNS,"Avanos Medical, Inc. Common Stock",N, ,N,100.0,N,,AVNS,AVNS,N
Y,AVNT,Avient Corporation Common Stock,N, ,N,100.0,N,,AVNT,AVNT,N
Y,AVNW,"Aviat Networks, Inc. - Common Stock",Q,Q,N,100.0,N,N,,AVNW,N
Y,AVO,"Mission Produce, Inc. - Common Stock",Q,Q,N,100.0,N,N,,AVO,N
Y,AVPT,"AvePoint, Inc. - Class A Common Stock",Q,Q,N,100.0,N,N,,AVPT,N
Y,AVR,Anteris Technologies Global Corp. - Common Stock,Q,G,N,100.0,N,N,,AVR,N
Y,AVT,"Avnet, Inc. - Common Stock",Q,Q,N,100.0,N,N,,AVT,N
Y,AVTR,"Avantor, Inc. Common Stock",N, ,N,100.0,N,,AVTR,AVTR,N
Y,AVTX,"Avalo Therapeutics, Inc. - Common Stock",Q,S,N,100.0,N,N,,AVTX,N
Y,AVX,Avax One Technology Ltd. - Common Shares,Q,S,N,100.0,N,D,,AVX,N
Y,AVXL,Anavex Life Sciences Corp. - Common Stock,Q,Q,N,100.0,N,E,,AVXL,N
Y,AVY,Avery Dennison Corporation Common Stock,N, ,N,100.0,N,,AVY,AVY,N
Y,AWF,Alliancebernstein Global High Income Fund,N, ,N,100.0,N,,AWF,AWF,N
Y,AWI,Armstrong World Industries Inc Common Stock,N, ,N,100.0,N,,AWI,AWI,N
Y,AWK,"American Water Works Company, Inc. Common Stock",N, ,N,100.0,N,,AWK,AWK,N
Y,AWP,abrdn Global Premier Properties Fund Common Shares of Beneficial Interest,N, ,N,100.0,N,,AWP,AWP,N
Y,AWR,American States Water Company Common Stock,N, ,N,100.0,N,,AWR,AWR,N
Y,AWRE,"Aware, Inc. - Common Stock",Q,G,N,100.0,N,N,,AWRE,N
Y,AWX,Avalon Holdings Corporation Common Stock,A, ,N,100.0,N,,AWX,AWX,N
Y,AX,"Axos Financial, Inc. Common Stock",N, ,N,100.0,N,,AX,AX,N
Y,AXG,Solowin Holdings - Class A Ordinary Share,Q,S,N,100.0,N,N,,AXG,N
Y,AXGN,"Axogen, Inc. - Common Stock",Q,S,N,100.0,N,N,,AXGN,N
Y,AXIA,AXIA Energia American Depositary Shares (Each representing one Common Share),N, ,N,100.0,N,,AXIA,AXIA,N
Y,AXIL,"AXIL Brands, Inc. Common Stock",A, ,N,100.0,N,,AXIL,AXIL,N
Y,AXIN,Axiom Intelligence Acquisition Corp 1 - Class A Ordinary Shares,Q,G,N,100.0,N,N,,AXIN,N
Y,AXINU,Axiom Intelligence Acquisition Corp 1 - Units,Q,G,N,100.0,N,N,,AXINU,N
Y,AXON,"Axon Enterprise, Inc. - Common Stock",Q,Q,N,40.0,N,N,,AXON,N
Y,AXP,American Express Company Common Stock,N, ,N,40.0,N,,AXP,AXP,N
Y,AXR,AMREP Corporation Common Stock,N, ,N,100.0,N,,AXR,AXR,N
Y,AXS,Axis Capital Holdings Limited Common Stock,N, ,N,100.0,N,,AXS,AXS,N
Y,AXSM,"Axsome Therapeutics, Inc. - Common Stock",Q,G,N,100.0,N,N,,AXSM,N
Y,AXTA,Axalta Coating Systems Ltd. Common Shares,N, ,N,100.0,N,,AXTA,AXTA,N
Y,AXTI,AXT Inc - Common Stock,Q,Q,N,100.0,N,N,,AXTI,N
Y,AYA,Aya Gold & Silver Inc. - Common Shares,Q,Q,N,100.0,N,N,,AYA,N
Y,AYI,Acuity Inc. Common Stock,N, ,N,40.0,N,,AYI,AYI,N
Y,AYTU,"Aytu BioPharma, Inc.  - Common Stock",Q,S,N,100.0,N,N,,AYTU,N
Y,AZ,A2Z Cust2Mate Solutions Corp. - Common Shares,Q,S,N,100.0,N,N,,AZ,N
Y,AZI,Autozi Internet Technology (Global) Ltd. - Class A Ordinary Shares,Q,S,N,100.0,N,N,,AZI,N
Y,AZN,AstraZeneca PLC Ordinary Shares,N, ,N,100.0,N,,AZN,AZN,N
Y,AZO,"AutoZone, Inc. Common Stock",N, ,N,10.0,N,,AZO,AZO,N
Y,AZTA,"Azenta, Inc. - Common Stock",Q,Q,N,100.0,N,N,,AZTA,N
Y,AZTR,Azitra Inc Common Stock,A, ,N,100.0,N,,AZTR,AZTR,N
Y,AZUL,"Azul S.A. American Depositary Shares, each representing two (2) Common Shares",A, ,N,100.0,N,,AZUL,AZUL,N
Y,AZZ,AZZ Inc.,N, ,N,100.0,N,,AZZ,AZZ,N
Y,B,Barrick Mining Corporation Common Shares,N, ,N,100.0,N,,B,B,N
Y,BA,Boeing Company (The) Common Stock,N, ,N,100.0,N,,BA,BA,N
Y,BABA,Alibaba Group Holding Limited American Depositary Shares each representing eight Ordinary share,N, ,N,100.0,N,,BABA,BABA,N
Y,BAC,Bank of America Corporation Common Stock,N, ,N,100.0,N,,BAC,BAC,N
Y,BACC,Blue Acquisition Corp. - Class A Ordinary Shares,Q,G,N,100.0,N,N,,BACC,N
Y,BACCU,Blue Acquisition Corp. - Unit,Q,G,N,100.0,N,N,,BACCU,N
Y,BAER,"Bridger Aerospace Group Holdings, Inc. - Common Stock",Q,G,N,100.0,N,N,,BAER,N
Y,BAERW,"Bridger Aerospace Group Holdings, Inc. - Warrant",Q,G,N,100.0,N,N,,BAERW,N
Y,BAFN,BayFirst Financial Corp. - Common Stock,Q,S,N,100.0,N,N,,BAFN,N
Y,BAH,Booz Allen Hamilton Holding Corporation Common Stock,N, ,N,100.0,N,,BAH,BAH,N
Y,BAK,Braskem SA ADR,N, ,N,100.0,N,,BAK,BAK,N
Y,BALL,Ball Corporation Common Stock,N, ,N,100.0,N,,BALL,BALL,N
Y,BALY,Bally's Corporation Common Stock,N, ,N,100.0,N,,BALY,BALY,N
Y,BAM,Brookfield Asset Management Inc Class A Limited Voting Shares,N, ,N,100.0,N,,BAM,BAM,N
Y,BANC,"Banc of California, Inc. Common Stock",N, ,N,100.0,N,,BANC,BANC,N
Y,BAND,Bandwidth Inc. - Class A Common Stock,Q,Q,N,100.0,N,N,,BAND,N
Y,BANF,BancFirst Corporation - Common Stock,Q,Q,N,100.0,N,N,,BANF,N
Y,BANFP,BancFirst Corporation - 7.2% Cumulative Trust Preferred Securities,Q,Q,N,100.0,N,N,,BANFP,N
Y,BANL,CBL International Limited - Class B Ordinary Shares,Q,S,N,100.0,N,D,,BANL,N
Y,BANR,Banner Corporation - Common Stock,Q,Q,N,100.0,N,N,,BANR,N
Y,BANX,ArrowMark Financial Corp. - Closed End Fund,Q,Q,N,100.0,N,N,,BANX,N
Y,BAOS,Baosheng Media Group Holdings Limited - Ordinary shares,Q,S,N,100.0,N,N,,BAOS,N
Y,BAP,Credicorp Ltd. Common Stock,N, ,N,40.0,N,,BAP,BAP,N
Y,BAR,GraniteShares Gold Trust Shares of Beneficial Interest,P, ,N,100.0,N,,BAR,BAR,N
Y,BARK,"BARK, Inc. Class A Common Stock",N, ,N,100.0,N,,BARK,BARK,N
Y,BATL,Battalion Oil Corporation Common Stock,A, ,N,100.0,N,,BATL,BATL,N
Y,BATRA,"Atlanta Braves Holdings, Inc. - Series A Common Stock",Q,Q,N,100.0,N,N,,BATRA,N
Y,BATRK,"Atlanta Braves Holdings, Inc. - Series C Common Stock",Q,Q,N,100.0,N,N,,BATRK,N
Y,BAX,Baxter International Inc. Common Stock,N, ,N,100.0,N,,BAX,BAX,N
Y,BB,BlackBerry Limited Common Stock,N, ,N,100.0,N,,BB,BB,N
Y,BBAI,"BigBear.ai, Inc. Common Stock",N, ,N,100.0,N,,BBAI,BBAI,N
Y,BBAR,Banco BBVA Argentina S.A. ADS,N, ,N,100.0,N,,BBAR,BBAR,N
Y,BBBY,"Bed Bath & Beyond, Inc. Common Stock",N, ,N,100.0,N,,BBBY,BBBY,N
Y,BBCP,"Concrete Pumping Holdings, Inc.  - Common Stock",Q,S,N,100.0,N,N,,BBCP,N
Y,BBCQ,Bleichroeder Acquisition Corp. II - Class A Ordinary Shares,Q,G,N,100.0,N,N,,BBCQ,N
Y,BBCQU,Bleichroeder Acquisition Corp. II - Units,Q,G,N,100.0,N,N,,BBCQU,N
Y,BBCQW,Bleichroeder Acquisition Corp. II - Warrants,Q,G,N,100.0,N,N,,BBCQW,N
Y,BBD,Banco Bradesco Sa American Depositary Shares,N, ,N,100.0,N,,BBD,BBD,N
Y,BBDC,"Barings BDC, Inc. Common Stock",N, ,N,100.0,N,,BBDC,BBDC,N
Y,BBDO,Banco Bradesco Sa American Depositary Shares (each representing one Common Share),N, ,N,100.0,N,,BBDO,BBDO,N
Y,BBGI,"Beasley Broadcast Group, Inc. - Class A Common Stock",Q,S,N,100.0,N,D,,BBGI,N
Y,BBIO,"BridgeBio Pharma, Inc. - Common Stock",Q,Q,N,100.0,N,N,,BBIO,N
Y,BBLG,Bone Biologics Corp - Common Stock,Q,S,N,100.0,N,N,,BBLG,N
Y,BBLGW,Bone Biologics Corp - warrants,Q,S,N,100.0,N,N,,BBLGW,N
Y,BBN,BlackRock Taxable Municipal Bond Trust Common Shares of Beneficial Interest,N, ,N,100.0,N,,BBN,BBN,N
Y,BBNX,"Beta Bionics, Inc. - Common Stock",Q,G,N,100.0,N,N,,BBNX,N
Y,BBOT,"BridgeBio Oncology Therapeutics, Inc. - Common Stock",Q,G,N,100.0,N,N,,BBOT,N
Y,BBSI,"Barrett Business Services, Inc. - Common Stock",Q,Q,N,100.0,N,N,,BBSI,N
Y,BBT,Beacon Financial Corporation Common stock,N, ,N,100.0,N,,BBT,BBT,N
Y,BBUC,Brookfield Business Corporation Class A Subordinate Voting Shares,N, ,N,100.0,N,,BBUC,BBUC,N
Y,BBVA,Banco Bilbao Vizcaya Argentaria S.A. Common Stock,N, ,N,100.0,N,,BBVA,BBVA,N
Y,BBW,"Build-A-Bear Workshop, Inc. Common Stock",N, ,N,100.0,N,,BBW,BBW,N
Y,BBWI,"Bath & Body Works, Inc.",N, ,N,100.0,N,,BBWI,BBWI,N
Y,BBY,"Best Buy Co., Inc. Common Stock",N, ,N,100.0,N,,BBY,BBY,N
Y,BC,Brunswick Corporation Common Stock,N, ,N,100.0,N,,BC,BC,N
Y,BCAB,"BioAtla, Inc. - Common Stock",Q,S,N,100.0,N,D,,BCAB,N
Y,BCAL,California BanCorp - Common Stock,Q,S,N,100.0,N,N,,BCAL,N
Y,BCAR,D. Boral ARC Acquisition I Corp. - Class A Ordinary Shares,Q,G,N,100.0,N,N,,BCAR,N
Y,BCARU,D. Boral ARC Acquisition I Corp. - Units,Q,G,N,100.0,N,N,,BCARU,N
Y,BCARW,D. Boral ARC Acquisition I Corp. - Warrant,Q,G,N,100.0,N,N,,BCARW,N
Y,BCAT,BlackRock Capital Allocation Term Trust Common Shares of Beneficial Interest,N, ,N,100.0,N,,BCAT,BCAT,N
Y,BCAX,Bicara Therapeutics Inc. - Common Stock,Q,G,N,100.0,N,N,,BCAX,N
Y,BCBP,"BCB Bancorp, Inc. (NJ) - Common Stock",Q,G,N,100.0,N,N,,BCBP,N
Y,BCC,"Boise Cascade, L.L.C. Common Stock",N, ,N,100.0,N,,BCC,BCC,N
Y,BCDA,"BioCardia, Inc. - Common Stock",Q,S,N,100.0,N,D,,BCDA,N
Y,BCE,"BCE, Inc. Common Stock",N, ,N,100.0,N,,BCE,BCE,N
Y,BCG,"Binah Capital Group, Inc. - Common Stock",Q,G,N,100.0,N,N,,BCG,N
Y,BCGWW,"Binah Capital Group, Inc. - Warrants",Q,S,N,100.0,N,N,,BCGWW,N
Y,BCH,Banco De Chile ADS,N, ,N,100.0,N,,BCH,BCH,N
Y,BCHT,Birchtech Corp. Common Stock,A, ,N,100.0,N,,BCHT,BCHT,N
Y,BCIC,BCP Investment Corporation - Closed End Fund,Q,Q,N,100.0,N,N,,BCIC,N
Y,BCML,BayCom Corp - Common Stock,Q,Q,N,100.0,N,N,,BCML,N
Y,BCO,Brinks Company (The) Common Stock,N, ,N,100.0,N,,BCO,BCO,N
Y,BCPC,Balchem Corporation - Common Stock,Q,Q,N,100.0,N,N,,BCPC,N
Y,BCRX,"BioCryst Pharmaceuticals, Inc. - Common Stock",Q,Q,N,100.0,N,N,,BCRX,N
Y,BCS,Barclays PLC Common Stock,N, ,N,100.0,N,,BCS,BCS,N
Y,BCSF,"Bain Capital Specialty Finance, Inc. Common Stock",N, ,N,100.0,N,,BCSF,BCSF,N
Y,BCSS,Bain Capital GSS Investment Corp. Class A Ordinary Shares,N, ,N,100.0,N,,BCSS,BCSS,N
Y,BCTX,BriaCell Therapeutics Corp. - Common Shares,Q,S,N,100.0,N,N,,BCTX,N
Y,BCTXZ,BriaCell Therapeutics Corp. - Warrant,Q,S,N,100.0,N,N,,BCTXZ,N
Y,BCV,"Bancroft Fund, Ltd.",A, ,N,100.0,N,,BCV,BCV,N
Y,BCX,BlackRock Resources Common Shares of Beneficial Interest,N, ,N,100.0,N,,BCX,BCX,N
Y,BCYC,Bicycle Therapeutics plc - American Depositary Shares,Q,Q,N,100.0,N,N,,BCYC,N
Y,BDC,Belden Inc Common Stock,N, ,N,100.0,N,,BDC,BDC,N
Y,BDCI,BTC Development Corp. - Class A Ordinary Shares,Q,G,N,100.0,N,N,,BDCI,N
Y,BDCIU,BTC Development Corp. - Unit,Q,G,N,100.0,N,N,,BDCIU,N
Y,BDCIW,BTC Development Corp. - Warrant,Q,G,N,100.0,N,N,,BDCIW,N
Y,BDCZ,"ETRACS MarketVector Business Development Companies Liquid Index ETN due April 26, 2041",P, ,N,100.0,N,,BDCZ,BDCZ,N
Y,BDJ,Blackrock Enhanced Equity Dividend Trust,N, ,N,100.0,N,,BDJ,BDJ,N
Y,BDL,"Flanigan's Enterprises, Inc. Common Stock",A, ,N,100.0,N,,BDL,BDL,N
Y,BDMD,Baird Medical Investment Holdings Ltd - Ordinary Share,Q,S,N,100.0,N,N,,BDMD,N
Y,BDMDW,Baird Medical Investment Holdings Ltd - Warrant,Q,S,N,100.0,N,N,,BDMDW,N
Y,BDN,Brandywine Realty Trust Common Stock,N, ,N,100.0,N,,BDN,BDN,N
Y,BDRX,Biodexa Pharmaceuticals plc - American Depositary Shares,Q,S,N,100.0,N,N,,BDRX,N
Y,BDSX,"Biodesix, Inc. - Common Stock",Q,G,N,100.0,N,N,,BDSX,N
Y,BDTX,"Black Diamond Therapeutics, Inc. - Common Stock",Q,Q,N,100.0,N,N,,BDTX,N
Y,BDX,"Becton, Dickinson and Company Common Stock",N, ,N,100.0,N,,BDX,BDX,N
Y,BE,Bloom Energy Corporation Class A Common Stock,N, ,N,100.0,N,,BE,BE,N
Y,BEAG,Bold Eagle Acquisition Corp. - Class A Ordinary Shares,Q,G,N,100.0,N,N,,BEAG,N
Y,BEAGU,Bold Eagle Acquisition Corp. - Units,Q,G,N,100.0,N,N,,BEAGU,N
Y,BEAM,Beam Therapeutics Inc. - Common Stock,Q,Q,N,100.0,N,N,,BEAM,N
Y,BEAT,"Heartbeam, Inc. - Common Stock",Q,S,N,100.0,N,N,,BEAT,N
Y,BEATW,"Heartbeam, Inc. - Warrant",Q,S,N,100.0,N,N,,BEATW,N
Y,BEBE,TGE Value Creative Solutions Corp Class A Ordinary Shares,N, ,N,100.0,N,,BEBE,BEBE,N
Y,BEEM,Beam Global - Common Stock,Q,S,N,100.0,N,N,,BEEM,N
Y,BEEP,Mobile Infrastructure Corporation - Common Stock,Q,G,N,100.0,N,N,,BEEP,N
Y,BEKE,KE Holdings Inc American Depositary Shares (each representing three Class A Ordinary Shares),N, ,N,100.0,N,,BEKE,BEKE,N
Y,BELFA,Bel Fuse Inc. - Class A Common Stock,Q,Q,N,100.0,N,N,,BELFA,N
Y,BELFB,Bel Fuse Inc. - Class B Common Stock,Q,Q,N,100.0,N,N,,BELFB,N
Y,BEN,"Franklin Resources, Inc. Common Stock",N, ,N,100.0,N,,BEN,BEN,N
Y,BENF,Beneficient - Class A Common Stock,Q,S,N,100.0,N,N,,BENF,N
Y,BENFW,Beneficient - Warrant,Q,S,N,100.0,N,N,,BENFW,N
Y,BEP,Brookfield Renewable Partners L.P. Limited Partnership Units,N, ,N,100.0,N,,BEP,BEP,N
Y,BEPC,Brookfield Renewable Corporation Brookfield Renewable Corporation Class A Subordinate Voting Shares,N, ,N,100.0,N,,BEPC,BEPC,N
Y,BEPH,Brookfield BRP Holdings (Canada) Inc. 4.625% Perpetual Subordinated Notes,N, ,N,100.0,N,,BEPH,BEPH,N
Y,BEPI,Brookfield BRP Holdings (Canada) Inc. 4.875% Perpetual Subordinated Notes,N, ,N,100.0,N,,BEPI,BEPI,N
Y,BEPJ,Brookfield BRP Holdings (Canada) Inc. 7.250% Perpetual Subordinated Notes,N, ,N,100.0,N,,BEPJ,BEPJ,N
Y,BESS,Bimergen Energy Corporation Common Stock,A, ,N,100.0,N,,BESS,BESS,N
Y,BETA,"Beta Technologies, Inc. Class A Common Stock",N, ,N,100.0,N,,BETA,BETA,N
Y,BETR,Better Home & Finance Holding Company - Class A Common Stock,Q,G,N,100.0,N,N,,BETR,N
Y,BETRW,Better Home & Finance Holding Company - Warrant,Q,G,N,100.0,N,N,,BETRW,N
Y,BFAM,Bright Horizons Family Solutions Inc. Common Stock,N, ,N,100.0,N,,BFAM,BFAM,N
Y,BFC,Bank First Corporation - Common Stock,Q,S,N,100.0,N,N,,BFC,N
Y,BFH,"Bread Financial Holdings, Inc. Common Stock",N, ,N,100.0,N,,BFH,BFH,N
Y,BFLY,"Butterfly Network, Inc. Class A Common Stock",N, ,N,100.0,N,,BFLY,BFLY,N
Y,BFRG,"Bullfrog AI Holdings, Inc. - Common Stock",Q,S,N,100.0,N,D,,BFRG,N
Y,BFRGW,"Bullfrog AI Holdings, Inc. - Warrants",Q,S,N,100.0,N,N,,BFRGW,N
Y,BFRI,Biofrontera Inc. - Common Stock,Q,S,N,100.0,N,N,,BFRI,N
Y,BFRIW,Biofrontera Inc. - Warrants,Q,S,N,100.0,N,N,,BFRIW,N
Y,BFS,"Saul Centers, Inc. Common Stock",N, ,N,100.0,N,,BFS,BFS,N
Y,BFST,"Business First Bancshares, Inc. - Common Stock",Q,Q,N,100.0,N,N,,BFST,N
Y,BG,Bunge Limited Common Shares,N, ,N,100.0,N,,BG,BG,N
Y,BGB,Blackstone Strategic Credit 2027 Term Fund Common Shares of Beneficial Interest,N, ,N,100.0,N,,BGB,BGB,N
Y,BGC,"BGC Group, Inc. - Class A Common Stock",Q,Q,N,100.0,N,N,,BGC,N
Y,BGDE,"Big Digital Energy, Inc. - Common Stock",Q,S,N,100.0,N,N,,BGDE,N
Y,BGH,Barings Global Short Duration High Yield Fund Common Shares of Beneficial Interests,N, ,N,100.0,N,,BGH,BGH,N
Y,BGI,Birks Group Inc. Common Stock,A, ,N,100.0,N,,BGI,BGI,N
Y,BGIN,Bgin Blockchain Limited - Class A Ordinary Shares,Q,G,N,100.0,N,N,,BGIN,N
Y,BGL,Blue Gold Limited - Class A ordinary shares,Q,G,N,100.0,N,N,,BGL,N
Y,BGLC,BioNexus Gene Lab Corp - Common stock,Q,S,N,100.0,N,N,,BGLC,N
Y,BGLWW,Blue Gold Limited - Warrant,Q,S,N,100.0,N,N,,BGLWW,N
Y,BGM,BGM Group Ltd. - Class A Ordinary Shares,Q,S,N,100.0,N,H,,BGM,N
Y,BGMS,"Bio Green Med Solution, Inc. - Common Stock",Q,S,N,100.0,N,N,,BGMS,N
Y,BGR,BlackRock Energy and Resources Trust,N, ,N,100.0,N,,BGR,BGR,N
Y,BGS,"B&G Foods, Inc. Common Stock",N, ,N,100.0,N,,BGS,BGS,N
Y,BGSF,"BGSF, Inc. Common Stock",N, ,N,100.0,N,,BGSF,BGSF,N
Y,BGSI,Boyd Group Services Inc. Common Shares,N, ,N,100.0,N,,BGSI,BGSI,N
Y,BGT,BlackRock Floating Rate Income Trust,N, ,N,100.0,N,,BGT,BGT,N
Y,BGX,Blackstone Long Short Credit Income Fund Common Shares,N, ,N,100.0,N,,BGX,BGX,N
Y,BGY,Blackrock Enhanced International Dividend Trust,N, ,N,100.0,N,,BGY,BGY,N
Y,BH,Biglari Holdings Inc. Class B Common Stock,N, ,N,40.0,N,,BH,BH,N
Y,BHAV,BHAV Acquisition Corp - Class A Ordinary Shares,Q,G,N,100.0,N,N,,BHAV,N
Y,BHAVU,BHAV Acquisition Corp - Units,Q,G,N,100.0,N,N,,BHAVU,N
Y,BHB,"Bar Harbor Bankshares, Inc. Common Stock",A, ,N,100.0,N,,BHB,BHB,N
Y,BHC,Bausch Health Companies Inc. Common Stock,N, ,N,100.0,N,,BHC,BHC,N
Y,BHE,"Benchmark Electronics, Inc. Common Stock",N, ,N,100.0,N,,BHE,BHE,N
Y,BHF,"Brighthouse Financial, Inc. - Common Stock",Q,Q,N,100.0,N,N,,BHF,N
Y,BHFAL,"Brighthouse Financial, Inc. - Junior Subordinated Debentures due 2058",Q,Q,N,100.0,N,N,,BHFAL,N
Y,BHFAM,"Brighthouse Financial, Inc. - Depositary shares each representing a 1/1,000th Interest in a Share of 4.625% Non-Cumulative Preferred Stock, Series D",Q,Q,N,100.0,N,N,,BHFAM,N
Y,BHFAN,"Brighthouse Financial, Inc. - depositary shares, each representing a 1/1,000th interest in a share of 5.375% Non-Cumulative Preferred Stock, Series C",Q,Q,N,100.0,N,N,,BHFAN,N
Y,BHFAO,"Brighthouse Financial, Inc. - Depositary Shares, each representing a 1/1,000th interest in a share of 6.750% Non-Cumulative Preferred Stock, Series B",Q,Q,N,100.0,N,N,,BHFAO,N
Y,BHFAP,"Brighthouse Financial, Inc. - Depositary Shares 6.6% Non-Cumulative Preferred Stock, Series A",Q,Q,N,100.0,N,N,,BHFAP,N
Y,BHK,Blackrock Core Bond Trust,N, ,N,100.0,N,,BHK,BHK,N
Y,BHM,"Bluerock Homes Trust, Inc. Class A Common Stock",A, ,N,100.0,N,,BHM,BHM,N
Y,BHP,BHP Group Limited American Depositary Shares (Each representing two Ordinary Shares),N, ,N,100.0,N,,BHP,BHP,N
Y,BHR,Braemar Hotels & Resorts Inc. Common Stock,N, ,N,100.0,N,,BHR,BHR,N
Y,BHRB,Burke & Herbert Financial Services Corp. - Common Stock,Q,S,N,100.0,N,N,,BHRB,N
Y,BHST,BioHarvest Sciences Inc. - Common Stock,Q,G,N,100.0,N,N,,BHST,N
Y,BHV,BlackRock Virginia Municipal Bond Trust,N, ,N,100.0,N,,BHV,BHV,N
Y,BHVN,Biohaven Ltd. Common Shares ,N, ,N,100.0,N,,BHVN,BHVN,N
Y,BIAF,"bioAffinity Technologies, Inc. - Common Stock",Q,S,N,100.0,N,N,,BIAF,N
Y,BIAFW,"bioAffinity Technologies, Inc. - Warrant",Q,S,N,100.0,N,N,,BIAFW,N
Y,BIDU,"Baidu, Inc. - American Depositary Shares, each representing 8 ordinary share",Q,Q,N,100.0,N,N,,BIDU,N
Y,BIDWU,Tribeca Strategic Acquisition Corp. - Unit,Q,G,N,100.0,N,N,,BIDWU,N
Y,BIIB,Biogen Inc. - Common Stock,Q,Q,N,100.0,N,N,,BIIB,N
Y,BIII,Black Spade Acquisition III Co Class A Ordinary Shares,N, ,N,100.0,N,,BIII,BIII,N
Y,BILI,Bilibili Inc. - American Depositary Shares,Q,Q,N,100.0,N,N,,BILI,N
Y,BILL,"BILL Holdings, Inc. Common Stock",N, ,N,100.0,N,,BILL,BILL,N
Y,BIO,"Bio-Rad Laboratories, Inc. Class A Common Stock",N, ,N,40.0,N,,BIO,BIO,N
Y,BIOA,"BioAge Labs, Inc. - Common Stock",Q,Q,N,100.0,N,N,,BIOA,N
Y,BIOX,Bioceres Crop Solutions Corp. - Ordinary Shares,Q,Q,N,100.0,N,D,,BIOX,N
Y,BIP,Brookfield Infrastructure Partners LP Limited Partnership Units,N, ,N,100.0,N,,BIP,BIP,N
Y,BIPC,Brookfield Infrastructure Corporation Brookfield Infrastructure Corporation,N, ,N,100.0,N,,BIPC,BIPC,N
Y,BIPH,Brookfield Infrastructure Corporation 5.000% Subordinated Notes due 2081,N, ,N,100.0,N,,BIPH,BIPH,N
Y,BIPI,BIP Bermuda Holdings I Limited 5.125% Perpetual Subordinated Notes,N, ,N,100.0,N,,BIPI,BIPI,N
Y,BIPJ,Brookfield Infrastructure Corporation 7.250% Subordinated Notes due 2084,N, ,N,100.0,N,,BIPJ,BIPJ,N
Y,BIRD,"Smartbird, Inc. - Class A Common Stock",Q,Q,N,100.0,N,N,,BIRD,N
Y,BIRK,Birkenstock Holding plc Ordinary Shares,N, ,N,100.0,N,,BIRK,BIRK,N
Y,BIT,BlackRock Multi-Sector Income Trust Common Shares of Beneficial Interest,N, ,N,100.0,N,,BIT,BIT,N
Y,BIVI,BioVie Inc. - Common stock,Q,S,N,100.0,N,N,,BIVI,N
Y,BIVIW,BioVie Inc. - Warrant,Q,S,N,100.0,N,N,,BIVIW,N
Y,BIXI,Bitcoin Infrastructure Acquisition Corp Ltd. - Class A Ordinary Shares,Q,G,N,100.0,N,N,,BIXI,N
Y,BIXIU,Bitcoin Infrastructure Acquisition Corp Ltd. - Units,Q,G,N,100.0,N,N,,BIXIU,N
Y,BIXIW,Bitcoin Infrastructure Acquisition Corp Ltd. - Warrants,Q,G,N,100.0,N,N,,BIXIW,N
Y,BIYA,Baiya International Group Inc.  - Ordinary Shares,Q,S,N,100.0,N,N,,BIYA,N
Y,BJ,"BJ's Wholesale Club Holdings, Inc. Common Stock",N, ,N,100.0,N,,BJ,BJ,N
Y,BJDX,"Bluejay Diagnostics, Inc. - Common Stock",Q,S,N,100.0,N,N,,BJDX,N
Y,BJRI,"BJ's Restaurants, Inc. - Common Stock",Q,Q,N,100.0,N,N,,BJRI,N
Y,BKD,Brookdale Senior Living Inc. Common Stock,N, ,N,100.0,N,,BKD,BKD,N
Y,BKE,"Buckle, Inc. (The) Common Stock",N, ,N,100.0,N,,BKE,BKE,N
Y,BKH,Black Hills Corporation Common Stock,N, ,N,100.0,N,,BKH,BKH,N
Y,BKHA,Black Hawk Acquisition Corporation - Class A Ordinary Shares,Q,G,N,100.0,N,D,,BKHA,N
Y,BKHAU,Black Hawk Acquisition Corporation - Units,Q,G,N,100.0,N,D,,BKHAU,N
Y,BKKT,"Bakkt, Inc. Class A Common Stock",N, ,N,100.0,N,,BKKT,BKKT,N
Y,BKNG,Booking Holdings Inc. - Common Stock,Q,Q,N,10.0,N,N,,BKNG,N
Y,BKR,Baker Hughes Company - Common Stock,Q,Q,N,100.0,N,N,,BKR,N
Y,BKSY,BlackSky Technology Inc. Class A Common Stock,N, ,N,100.0,N,,BKSY,BKSY,N
Y,BKT,BlackRock Income Trust Inc. (The),N, ,N,100.0,N,,BKT,BKT,N
Y,BKTI,BK Technologies Corporation Common Stock,A, ,N,100.0,N,,BKTI,BKTI,N
Y,BKU,"BankUnited, Inc. Common Stock",N, ,N,100.0,N,,BKU,BKU,N
Y,BKV,BKV Corporation Common Stock,N, ,N,100.0,N,,BKV,BKV,N
Y,BL,"BlackLine, Inc. - Common Stock",Q,Q,N,100.0,N,N,,BL,N
Y,BLBD,Blue Bird Corporation - Common Stock,Q,G,N,100.0,N,N,,BLBD,N
Y,BLCO,Bausch + Lomb Corporation Common Shares,N, ,N,100.0,N,,BLCO,BLCO,N
Y,BLDP,"Ballard Power Systems, Inc. - Common Shares",Q,G,N,100.0,N,N,,BLDP,N
Y,BLDR,"Builders FirstSource, Inc. Common Stock",N, ,N,100.0,N,,BLDR,BLDR,N
Y,BLFS,"BioLife Solutions, Inc. - Common Stock",Q,S,N,100.0,N,N,,BLFS,N
Y,BLIN,"Bridgeline Digital, Inc. - Common Stock",Q,S,N,100.0,N,N,,BLIN,N
Y,BLIV,BeLive Holdings - ordinary shares,Q,S,N,100.0,N,N,,BLIV,N
Y,BLK,"BlackRock, Inc. Common Stock",N, ,N,40.0,N,,BLK,BLK,N
Y,BLKB,"Blackbaud, Inc. - Common Stock",Q,Q,N,100.0,N,N,,BLKB,N
Y,BLLN,"BillionToOne, Inc. - Class A common stock",Q,Q,N,100.0,N,N,,BLLN,N
Y,BLMN,"Bloomin' Brands, Inc. - Common Stock",Q,Q,N,100.0,N,N,,BLMN,N
Y,BLND,"Blend Labs, Inc. Class A Common Stock",N, ,N,100.0,N,,BLND,BLND,N
Y,BLNE,"Beeline Holdings, Inc. - Common Stock",Q,S,N,100.0,N,N,,BLNE,N
Y,BLNK,Blink Charging Co. - Common Stock,Q,S,N,100.0,N,D,,BLNK,N
Y,BLRK,Bluerock Acquisition Corp. - Class A Ordinary Shares,Q,G,N,100.0,N,N,,BLRK,N
Y,BLRKU,Bluerock Acquisition Corp. - Units,Q,G,N,100.0,N,N,,BLRKU,N
Y,BLRX,BioLineRx Ltd. - American Depositary Shares,Q,S,N,100.0,N,N,,BLRX,N
Y,BLSH,Bullish Ordinary Shares,N, ,N,100.0,N,,BLSH,BLSH,N
Y,BLTE,"Belite Bio, Inc - American Depositary Shares",Q,S,N,100.0,N,N,,BLTE,N
Y,BLUW,Blue Water Acquisition Corp. III - Class A Ordinary Shares,Q,G,N,100.0,N,N,,BLUW,N
Y,BLUWU,Blue Water Acquisition Corp. III - Unit.,Q,G,N,100.0,N,N,,BLUWU,N
Y,BLUWW,Blue Water Acquisition Corp. III - Warrant.,Q,G,N,100.0,N,N,,BLUWW,N
Y,BLW,Blackrock Limited Duration Income Trust,N, ,N,100.0,N,,BLW,BLW,N
Y,BLX,"Bladex, Inc. Class E Common Stock",N, ,N,100.0,N,,BLX,BLX,N
Y,BLZE,"Backblaze, Inc. - Common Stock",Q,G,N,100.0,N,N,,BLZE,N
Y,BLZR,Trailblazer Acquisition Corp. - Class A Ordinary Shares,Q,G,N,100.0,N,N,,BLZR,N
Y,BLZRU,Trailblazer Acquisition Corp. - Unit,Q,G,N,100.0,N,N,,BLZRU,N
Y,BLZRW,Trailblazer Acquisition Corp. - Warrant,Q,G,N,100.0,N,N,,BLZRW,N
Y,BMA,Banco Macro S.A.  ADR (representing Ten Class B Common Shares),N, ,N,100.0,N,,BMA,BMA,N
Y,BMBL,Bumble Inc. - common stock,Q,Q,N,100.0,N,N,,BMBL,N
Y,BME,Blackrock Health Sciences Trust,N, ,N,100.0,N,,BME,BME,N
Y,BMEA,"Biomea Fusion, Inc. - Common Stock",Q,Q,N,100.0,N,N,,BMEA,N
Y,BMEZ,BlackRock Health Sciences Term Trust Common Shares of Beneficial Interest,N, ,N,100.0,N,,BMEZ,BMEZ,N
Y,BMGL,Basel Medical Group Ltd - ordinary shares,Q,S,N,100.0,N,D,,BMGL,N
Y,BMHL,Bluemount Holdings Limited - Class B Ordinary Shares,Q,S,N,100.0,N,N,,BMHL,N
Y,BMI,"Badger Meter, Inc. Common Stock",N, ,N,100.0,N,,BMI,BMI,N
Y,BMM,Blue Moon Metals Inc. - Common Shares,Q,S,N,100.0,N,N,,BMM,N
Y,BMN,BlackRock 2037 Municipal Target Term Trust Common Shares of Beneficial Interest,N, ,N,100.0,N,,BMN,BMN,N
Y,BMNP,"BitMine Immersion Technologies, Inc. 9.5% Series A Perpetual Preferred Stock",N, ,N,100.0,N,,BMNP,BMNP,N
Y,BMNR,"BitMine Immersion Technologies, Inc. Common Stock",N, ,N,100.0,N,,BMNR,BMNR,N
Y,BMO,Bank Of Montreal Common Stock,N, ,N,100.0,N,,BMO,BMO,N
Y,BMR,Beamr Imaging Ltd. - Ordinary Share,Q,S,N,100.0,N,N,,BMR,N
Y,BMRA,"Biomerica, Inc. - Common Stock",Q,S,N,100.0,N,N,,BMRA,N
Y,BMRC,Bank of Marin Bancorp - Common Stock,Q,Q,N,100.0,N,N,,BMRC,N
Y,BMRN,BioMarin Pharmaceutical Inc. - Common Stock,Q,Q,N,100.0,N,N,,BMRN,N
Y,BMY,Bristol-Myers Squibb Company Common Stock,N, ,N,100.0,N,,BMY,BMY,N
Y,BN,Brookfield Corporation Class A Limited Voting Shares,N, ,N,100.0,N,,BN,BN,N
Y,BNAI,Brand Engagement Network Inc. - Common Stock,Q,S,N,100.0,N,N,,BNAI,N
Y,BNAIW,Brand Engagement Network Inc. - Warrant,Q,S,N,100.0,N,N,,BNAIW,N
Y,BNBX,BNB Plus Corp. - Common Stock,Q,S,N,100.0,N,D,,BNBX,N
Y,BNC,CEA Industries Inc. - Common Stock,Q,S,N,100.0,N,D,,BNC,N
Y,BNCWW,CEA Industries Inc. - Warrant,Q,S,N,100.0,N,D,,BNCWW,N
Y,BNED,"Barnes & Noble Education, Inc Common Stock",N, ,N,100.0,N,,BNED,BNED,N
Y,BNGO,"Bionano Genomics, Inc. - Common Stock",Q,S,N,100.0,N,N,,BNGO,N
Y,BNH,"Brookfield Finance Inc. 4.625% Subordinated Notes due October 16, 2080",N, ,N,100.0,N,,BNH,BNH,N
Y,BNJ,Brookfield Finance Inc. 4.50% Perpetual Subordinated Notes,N, ,N,100.0,N,,BNJ,BNJ,N
Y,BNKK,"Bonk, Inc. - Common Stock",Q,S,N,100.0,N,N,,BNKK,N
Y,BNL,"Broadstone Net Lease, Inc. Common Stock",N, ,N,100.0,N,,BNL,BNL,N
Y,BNR,Burning Rock Biotech Limited - American Depositary Shares,Q,G,N,100.0,N,N,,BNR,N
Y,BNRG,Brenmiller Energy Ltd - Ordinary Shares,Q,S,N,100.0,N,N,,BNRG,N
Y,BNS,Bank Nova Scotia Halifax Pfd 3 Ordinary Shares,N, ,N,100.0,N,,BNS,BNS,N
Y,BNT,Brookfield Wealth Solutions Ltd. Class A Exchangeable Limited Voting Shares,N, ,N,100.0,N,,BNT,BNT,N
Y,BNTC,Benitec Biopharma Inc. - Common Stock,Q,S,N,100.0,N,N,,BNTC,N
Y,BNTX,BioNTech SE - American Depositary Shares,Q,Q,N,100.0,N,N,,BNTX,N
Y,BNY,The Bank of New York Mellon Corporation Common Stock,N, ,N,100.0,N,,BNY,BNY,N
Y,BNZI,"Banzai International, Inc. - Class A Common Stock",Q,S,N,100.0,N,N,,BNZI,N
Y,BNZIW,"Banzai International, Inc. - Warrant",Q,S,N,100.0,N,N,,BNZIW,N
Y,BOBS,"Bob's Discount Furniture, Inc. Common Stock",N, ,N,100.0,N,,BOBS,BOBS,N
Y,BOC,Boston Omaha Corporation Class A Common Stock,N, ,N,100.0,N,,BOC,BOC,N
Y,BODI,"The Beachbody Company, Inc. - Class A Common Stock",Q,S,N,100.0,N,N,,BODI,N
Y,BOE,Blackrock Enhanced Global Dividend Trust Common Shares of Beneficial Interest,N, ,N,100.0,N,,BOE,BOE,N
Y,BOF,BranchOut Food Inc. - Common Stock,Q,S,N,100.0,N,N,,BOF,N
Y,BOH,Bank of Hawaii Corporation Common Stock,N, ,N,100.0,N,,BOH,BOH,N
Y,BOKF,BOK Financial Corporation - Common Stock,Q,Q,N,100.0,N,N,,BOKF,N
Y,BOLD,"Boundless Bio, Inc. - Common Stock",Q,Q,N,100.0,N,N,,BOLD,N
Y,BOLT,"Bolt Biotherapeutics, Inc. - Common Stock",Q,S,N,100.0,N,N,,BOLT,N
Y,BON,Bon Natural Life Limited - Class A Ordinary Shares,Q,S,N,100.0,N,N,,BON,N
Y,BOOM,DMC Global Inc. - Common Stock,Q,Q,N,100.0,N,N,,BOOM,N
Y,BOOT,"Boot Barn Holdings, Inc. Common Stock",N, ,N,100.0,N,,BOOT,BOOT,N
Y,BORR,Borr Drilling Limited Common Shares,N, ,N,100.0,N,,BORR,BORR,N
Y,BOSC,B.O.S. Better Online Solutions - Ordinary Shares,Q,S,N,100.0,N,N,,BOSC,N
Y,BOT,"RoboStrategy, Inc. - Common Stock",Q,G,N,100.0,N,N,,BOT,N
Y,BOTJ,"Bank of the James Financial Group, Inc. - Common Stock",Q,S,N,100.0,N,N,,BOTJ,N
Y,BOW,Bowhead Specialty Holdings Inc. Common Stock,N, ,N,100.0,N,,BOW,BOW,N
Y,BOX,"Box, Inc. Class A Common Stock",N, ,N,100.0,N,,BOX,BOX,N
Y,BOXL,Boxlight Corporation - Class A Common Stock,Q,S,N,100.0,N,D,,BOXL,N
Y,BP,BP p.l.c. Common Stock,N, ,N,100.0,N,,BP,BP,N
Y,BPAC,Blueport Acquisition Ltd - Class A Ordinary Shares,Q,S,N,100.0,N,N,,BPAC,N
Y,BPACU,Blueport Acquisition Ltd - Units,Q,S,N,100.0,N,N,,BPACU,N
Y,BPOP,"Popular, Inc. - Common Stock",Q,Q,N,100.0,N,N,,BPOP,N
Y,BPOPM,"Popular, Inc. - Popular Capital Trust II - 6.125% Cumulative Monthly Income Trust Preferred Securities",Q,Q,N,100.0,N,N,,BPOPM,N
Y,BPRE,Bluerock Private Real Estate Fund Common Shares of Beneficial Interest,N, ,N,100.0,N,,BPRE,BPRE,N
Y,BPRN,"Princeton Bancorp, Inc. - Common Stock",Q,Q,N,100.0,N,N,,BPRN,N
Y,BPYPM,"Brookfield Property Partners L.P. - 6.25% Class A Cumulative Redeemable Preferred Units, Series 1",Q,Q,N,100.0,N,N,,BPYPM,N
Y,BPYPN,"Brookfield Property Partners L.P. - 5.750% Class A Cumulative Redeemable Perpetual Preferred Units, Series 3",Q,Q,N,100.0,N,N,,BPYPN,N
Y,BPYPO,"Brookfield Property Partners L.P. - 6.375% Class A Cumulative Redeemable Perpetual Preferred Units, Series 2",Q,Q,N,100.0,N,N,,BPYPO,N
Y,BPYPP,Brookfield Property Partners L.P. - 6.50% Class A Cumulative Redeemable Perpetual Preferred Units,Q,Q,N,100.0,N,N,,BPYPP,N
Y,BQ,Boqii Holding Limited Class A Ordinary Shares,A, ,N,100.0,N,,BQ,BQ,N
Y,BR,"Broadridge Financial Solutions, Inc. Common Stock",N, ,N,100.0,N,,BR,BR,N
Y,BRAG,Bragg Gaming Group Inc. - Common Shares,Q,Q,N,100.0,N,N,,BRAG,N
Y,BRAI,Braiin Limited - Common Stock,Q,G,N,100.0,N,N,,BRAI,N
Y,BRBI,BRBI BR Partners S.A. - ADSs,Q,S,N,100.0,N,N,,BRBI,N
Y,BRBR,"BellRing Brands, Inc. Common Stock ",N, ,N,100.0,N,,BRBR,BRBR,N
Y,BRBS,"Blue Ridge Bankshares, Inc. Common Stock",A, ,N,100.0,N,,BRBS,BRBS,N
Y,BRC,Brady Corporation Common Stock,N, ,N,100.0,N,,BRC,BRC,N
Y,BRCB,"Black Rock Coffee Bar, Inc. - Class A Common Stock",Q,G,N,100.0,N,N,,BRCB,N
Y,BRCC,BRC Inc. Class A Common Stock,N, ,N,100.0,N,,BRCC,BRCC,N
Y,BREZ,Breeze Acquisition Corp. II - Ordinary Shares,Q,G,N,100.0,N,N,,BREZ,N
Y,BRFH,Barfresh Food Group Inc. - Common Stock,Q,S,N,100.0,N,N,,BRFH,N
Y,BRIA,BrilliA Inc Class A Ordinary Shares,A, ,N,100.0,N,,BRIA,BRIA,N
Y,BRID,Bridgford Foods Corporation - Common Stock,Q,G,N,100.0,N,N,,BRID,N
Y,BRKHU,Burtech Acquisition Corp II - Units,Q,S,N,100.0,N,N,,BRKHU,N
Y,BRKR,Bruker Corporation - Common Stock,Q,Q,N,100.0,N,N,,BRKR,N
Y,BRKRP,"Bruker Corporation - 6.375% Mandatory Convertible Preferred Stock, Series A",Q,Q,N,40.0,N,N,,BRKRP,N
Y,BRLS,Borealis Foods Inc. - Class A Common Shares,Q,S,N,100.0,N,N,,BRLS,N
Y,BRLSW,Borealis Foods Inc. - Warrant,Q,S,N,100.0,N,N,,BRLSW,N
Y,BRLT,"Brilliant Earth Group, Inc. - Class A Common Stock",Q,G,N,100.0,N,N,,BRLT,N
Y,BRN,"Barnwell Industries, Inc. Common Stock",A, ,N,100.0,N,,BRN,BRN,N
Y,BRNS,Barinthus Biotherapeutics plc - American Depositary Shares,Q,S,N,100.0,N,D,,BRNS,N
Y,BRO,"Brown & Brown, Inc. Common Stock",N, ,N,100.0,N,,BRO,BRO,N
Y,BROS,Dutch Bros Inc. Class A Common Stock,N, ,N,100.0,N,,BROS,BROS,N
Y,BRR,"ProCap Financial, Inc. - Common Stock",Q,G,N,100.0,N,D,,BRR,N
Y,BRRWW,"ProCap Financial, Inc. - Warrant.",Q,S,N,100.0,N,D,,BRRWW,N
Y,BRSL,"Brightstar Lottery PLC Trading under the Legal Name to begin at the market open on July 21, 2025. Ordinary Shares",N, ,N,100.0,N,,BRSL,BRSL,N
Y,BRSP,"BrightSpire Capital, Inc. Class A Common Stock",N, ,N,100.0,N,,BRSP,BRSP,N
Y,BRT,BRT Apartments Corp. (MD) Common Stock,N, ,N,100.0,N,,BRT,BRT,N
Y,BRTX,"BioRestorative Therapies, Inc. - Common Stock",Q,S,N,100.0,N,D,,BRTX,N
Y,BRUN,Boost Run Inc. - Class A Common Stock,Q,G,N,100.0,N,N,,BRUN,N
Y,BRW,Saba Capital Income & Opportunities Fund SBI,N, ,N,100.0,N,,BRW,BRW,N
Y,BRX,Brixmor Property Group Inc. Common Stock,N, ,N,100.0,N,,BRX,BRX,N
Y,BRZE,"Braze, Inc. - Class A Common Stock",Q,Q,N,100.0,N,N,,BRZE,N
Y,BSAA,BEST SPAC I Acquisition Corp. - Class A Ordinary Shares,Q,S,N,100.0,N,N,,BSAA,N
Y,BSAAU,BEST SPAC I Acquisition Corp. - Unit,Q,S,N,100.0,N,N,,BSAAU,N
Y,BSAC,Banco Santander - Chile ADS,N, ,N,100.0,N,,BSAC,BSAC,N
Y,BSBK,Bogota Financial Corp. - Common Stock,Q,S,N,100.0,N,N,,BSBK,N
Y,BSBR,"Banco Santander Brasil SA American Depositary Shares, each representing one unit",N, ,N,100.0,N,,BSBR,BSBR,N
Y,BSET,"Bassett Furniture Industries, Incorporated - Common Stock",Q,Q,N,100.0,N,N,,BSET,N
Y,BSIN,Big Sky Industrial Inc. - Common Stock,Q,S,N,100.0,N,N,,BSIN,N
Y,BSL,Blackstone Senior Floating Rate 2027 Term Fund Common Shares of Beneficial Interest,N, ,N,100.0,N,,BSL,BSL,N
Y,BSM,"Black Stone Minerals, L.P. Common units representing limited partner interests",N, ,N,100.0,N,,BSM,BSM,N
Y,BSP,Bending Spoons S.p.A. - Ordinary Shares,Q,Q,N,100.0,N,N,,BSP,N
Y,BSRR,Sierra Bancorp - Common Stock,Q,Q,N,100.0,N,N,,BSRR,N
Y,BST,BlackRock Science and Technology Trust Common Shares of Beneficial Interest,N, ,N,100.0,N,,BST,BST,N
Y,BSTZ,BlackRock Science and Technology Term Trust Common Shares of Beneficial Interest,N, ,N,100.0,N,,BSTZ,BSTZ,N
Y,BSVN,Bank7 Corp. - Common stock,Q,Q,N,100.0,N,N,,BSVN,N
Y,BSX,Boston Scientific Corporation Common Stock,N, ,N,100.0,N,,BSX,BSX,N
Y,BSY,"Bentley Systems, Incorporated - Class B Common Stock",Q,Q,N,100.0,N,N,,BSY,N
Y,BTAI,"BioXcel Therapeutics, Inc. - Common Stock",Q,S,N,100.0,N,N,,BTAI,N
Y,BTBD,"BT Brands, Inc. - Common Stock",Q,S,N,100.0,N,N,,BTBD,N
Y,BTBDW,"BT Brands, Inc. - Warrant",Q,S,N,100.0,N,N,,BTBDW,N
Y,BTBT,"Bit Digital, Inc. - Ordinary Share",Q,S,N,100.0,N,N,,BTBT,N
Y,BTCS,BTCS Inc. - Common Stock,Q,S,N,100.0,N,N,,BTCS,N
Y,BTCT,BTC Digital Ltd. - Ordinary Shares,Q,S,N,100.0,N,N,,BTCT,N
Y,BTDR,Bitdeer Technologies Group - Ordinary Shares,Q,S,N,100.0,N,N,,BTDR,N
Y,BTE,Baytex Energy Corp Common Shares,N, ,N,100.0,N,,BTE,BTE,N
Y,BTG,B2Gold Corp Common shares (Canada),A, ,N,100.0,N,,BTG,BTG,N
Y,BTGO,"BitGo Holdings, Inc. Class A Common Stock",N, ,N,100.0,N,,BTGO,BTGO,N
Y,BTI,"British American Tobacco  Industries, p.l.c. Common Stock ADR",N, ,N,100.0,N,,BTI,BTI,N
Y,BTMD,Biote Corp. - Class A common stock,Q,G,N,100.0,N,N,,BTMD,N
Y,BTO,John Hancock Financial Opportunities Fund Common Stock,N, ,N,100.0,N,,BTO,BTO,N
Y,BTOC,Armlogi Holding Corp. - common stock,Q,S,N,100.0,N,D,,BTOC,N
Y,BTOG,Bit Origin Limited - Class A Ordinary Shares,Q,S,N,100.0,N,N,,BTOG,N
Y,BTQ,BTQ Technologies Corp. - Common Stock,Q,G,N,100.0,N,N,,BTQ,N
Y,BTSG,"BrightSpring Health Services, Inc. - Common Stock",Q,Q,N,100.0,N,N,,BTSG,N
Y,BTSGU,"BrightSpring Health Services, Inc. - Tangible Equity Unit",Q,Q,N,100.0,N,N,,BTSGU,N
Y,BTT,BlackRock Municipal 2030 Target Term Trust,N, ,N,100.0,N,,BTT,BTT,N
Y,BTTC,Black Titan Corp - Ordinary Shares,Q,S,N,100.0,N,N,,BTTC,N
Y,BTU,Peabody Energy Corporation Common Stock ,N, ,N,100.0,N,,BTU,BTU,N
Y,BTX,BlackRock Technology and Private Equity Term Trust Common Shares of Beneficial Interest,N, ,N,100.0,N,,BTX,BTX,N
Y,BTZ,BlackRock Credit Allocation Income Trust,N, ,N,100.0,N,,BTZ,BTZ,N
Y,BUD,Anheuser-Busch Inbev SA Sponsored ADR (Belgium),N, ,N,100.0,N,,BUD,BUD,N
Y,BUDA,"Buda Juice, Inc. Common Stock",A, ,N,100.0,N,,BUDA,BUDA,N
Y,BUI,"BlackRock Utility, Infrastructure & Power Opportunities Trust",N, ,N,100.0,N,,BUI,BUI,N
Y,BULL,Webull Corporation - Class A Ordinary Shares,Q,S,N,100.0,N,N,,BULL,N
Y,BULLW,Webull Corporation - Warrants,Q,S,N,100.0,N,N,,BULLW,N
Y,BUR,Burford Capital Limited Ordinary Shares,N, ,N,100.0,N,,BUR,BUR,N
Y,BURL,"Burlington Stores, Inc. Common Stock",N, ,N,40.0,N,,BURL,BURL,N
Y,BURU,"Nuburu, Inc. Common Stock",A, ,N,100.0,N,,BURU,BURU,N
Y,BUSE,First Busey Corporation - Common Stock,Q,Q,N,100.0,N,N,,BUSE,N
Y,BUSEP,"First Busey Corporation - Depositary Shares, Each Representing a 1/40th Interest in a Share of 8.25% Fixed-Rate Series B Non-Cumulative Perpetual Preferred Stock, $0.001 par value",Q,Q,N,100.0,N,N,,BUSEP,N
Y,BUUU,BUUU Group Limited - Class A Ordinary Share,Q,S,N,100.0,N,N,,BUUU,N
Y,BV,"BrightView Holdings, Inc. Common Stock",N, ,N,100.0,N,,BV,BV,N
Y,BVC,BitVentures Limited - Ordinary Share,Q,S,N,100.0,N,N,,BVC,N
Y,BVFL,"BV Financial, Inc. - Common Stock",Q,S,N,100.0,N,N,,BVFL,N
Y,BVN,Buenaventura Mining Company Inc.,N, ,N,100.0,N,,BVN,BVN,N
Y,BVS,Bioventus Inc. - Class A Common Stock,Q,Q,N,100.0,N,N,,BVS,N
Y,BW,"Babcock & Wilcox Enterprises, Inc. Common Stock",N, ,N,100.0,N,,BW,BW,N
Y,BWA,BorgWarner Inc. Common Stock,N, ,N,100.0,N,,BWA,BWA,N
Y,BWAY,BrainsWay Ltd. - American Depositary Shares,Q,G,N,100.0,N,N,,BWAY,N
Y,BWB,"Bridgewater Bancshares, Inc. - Common Stock",Q,S,N,100.0,N,N,,BWB,N
Y,BWBBP,"Bridgewater Bancshares, Inc. - Depositary Shares, Each Representing a 1/100th Interest in a Share of 5.875% Non-Cumulative Perpetual Preferred Stock, Series A",Q,S,N,100.0,N,N,,BWBBP,N
Y,BWEN,"Broadwind, Inc. - Common Stock",Q,S,N,100.0,N,N,,BWEN,N
Y,BWFG,"Bankwell Financial Group, Inc. - Common Stock",Q,G,N,100.0,N,N,,BWFG,N
Y,BWG,BrandywineGLOBAL Global Income Opportunities Fund Inc.,N, ,N,100.0,N,,BWG,BWG,N
Y,BWIN,"The Baldwin Insurance Group, Inc. - Class A Common Stock",Q,Q,N,100.0,N,N,,BWIN,N
Y,BWIV,Blue Water Acquisition Corp. IV Class A Ordinary Shares,N, ,N,100.0,N,,BWIV,BWIV,N
Y,BWLP,BW LPG Limited Common Shares,N, ,N,100.0,N,,BWLP,BWLP,N
Y,BWMN,Bowman Consulting Group Ltd. - Common Stock,Q,G,N,100.0,N,N,,BWMN,N
Y,BWMX,"Betterware de Mexico, S.A.P.I. de C.V. Ordinary Shares",N, ,N,100.0,N,,BWMX,BWMX,N
Y,BWNB,"Babcock & Wilcox Enterprises, Inc. 6.50% Senior Notes due 2026",N, ,N,100.0,N,,BWNB,BWNB,N
Y,BWXT,"BWX Technologies, Inc. Common Stock",N, ,N,100.0,N,,BWXT,BWXT,N
Y,BX,Blackstone Inc. Common Stock,N, ,N,100.0,N,,BX,BX,N
Y,BXC,Bluelinx Holdings Inc. Common Stock,N, ,N,100.0,N,,BXC,BXC,N
Y,BXDC,Blackstone Digital Infrastructure Trust Inc. Common Stock,N, ,N,100.0,N,,BXDC,BXDC,N
Y,BXMT,"Blackstone Mortgage Trust, Inc. Common Stock",N, ,N,100.0,N,,BXMT,BXMT,N
Y,BXP,"BXP, Inc. Common Stock",N, ,N,100.0,N,,BXP,BXP,N
Y,BXSL,Blackstone Secured Lending Fund Common Shares of Beneficial Interest,N, ,N,100.0,N,,BXSL,BXSL,N
Y,BY,"Byline Bancorp, Inc. Common Stock",N, ,N,100.0,N,,BY,BY,N
Y,BYAH,"Park Ha Biological Technology Co., Ltd. - Class A Ordinary Shares",Q,S,N,100.0,N,N,,BYAH,N
Y,BYD,Boyd Gaming Corporation Common Stock,N, ,N,100.0,N,,BYD,BYD,N
Y,BYFC,Broadway Financial Corporation - Class A Common Stock,Q,S,N,100.0,N,N,,BYFC,N
Y,BYND,"Beyond Meat, Inc. - Common stock",Q,Q,N,100.0,N,D,,BYND,N
Y,BYRN,"Byrna Technologies, Inc. - Common Stock",Q,S,N,100.0,N,N,,BYRN,N
Y,BYSI,"BeyondSpring, Inc. - Ordinary Shares",Q,S,N,100.0,N,N,,BYSI,N
Y,BZ,KANZHUN LIMITED - American Depository Shares,Q,Q,N,100.0,N,N,,BZ,N
Y,BZAI,"Blaize Holdings, Inc. - Common Stock",Q,G,N,100.0,N,N,,BZAI,N
Y,BZAIW,"Blaize Holdings, Inc. - Warrant",Q,S,N,100.0,N,N,,BZAIW,N
Y,BZFD,"BuzzFeed, Inc. - Class A Common Stock",Q,S,N,100.0,N,N,,BZFD,N
Y,BZFDW,"BuzzFeed, Inc. - Warrant",Q,S,N,100.0,N,N,,BZFDW,N
Y,BZH,"Beazer Homes USA, Inc. Common Stock",N, ,N,100.0,N,,BZH,BZH,N
Y,BZUN,Baozun Inc. - American Depositary Shares,Q,Q,N,100.0,N,N,,BZUN,N
Y,C,"Citigroup, Inc. Common Stock",N, ,N,100.0,N,,C,C,N
Y,CAAP,Corporacion America Airports SA Common Shares,N, ,N,100.0,N,,CAAP,CAAP,N
Y,CAAS,"China Automotive Systems, Inc. - Ordinary Share",Q,S,N,100.0,N,N,,CAAS,N
Y,CABA,"Cabaletta Bio, Inc. - Common Stock",Q,Q,N,100.0,N,N,,CABA,N
Y,CABO,"Cable One, Inc. Common Stock",N, ,N,100.0,N,,CABO,CABO,N
Y,CABR,"Caring Brands, Inc. - Common Stock",Q,S,N,100.0,N,D,,CABR,N
Y,CAC,Camden National Corporation - Common Stock,Q,Q,N,100.0,N,N,,CAC,N
Y,CACC,Credit Acceptance Corporation - Common Stock,Q,Q,N,40.0,N,N,,CACC,N
Y,CACI,"CACI International, Inc. Class A Common Stock",N, ,N,40.0,N,,CACI,CACI,N
Y,CADL,"Candel Therapeutics, Inc. - Common Stock",Q,G,N,100.0,N,N,,CADL,N
Y,CAE,CAE Inc. Ordinary Shares,N, ,N,100.0,N,,CAE,CAE,N
Y,CAES,"Cantor Equity Partners VII, Inc. - Class A Ordinary Shares",Q,G,N,100.0,N,N,,CAES,N
Y,CAF,Morgan Stanley China A Share Fund Inc. Common Stock,N, ,N,100.0,N,,CAF,CAF,N
Y,CAG,"ConAgra Brands, Inc. Common Stock",N, ,N,100.0,N,,CAG,CAG,N
Y,CAH,"Cardinal Health, Inc. Common Stock",N, ,N,100.0,N,,CAH,CAH,N
Y,CAI,"Caris Life Sciences, Inc. - Common Stock",Q,Q,N,100.0,N,N,,CAI,N
Y,CAII,Collective Acquisition Corp. II - Class A Ordinary Shares,Q,G,N,100.0,N,N,,CAII,N
Y,CAIIU,Collective Acquisition Corp. II - Units,Q,G,N,100.0,N,N,,CAIIU,N
Y,CAKE,The Cheesecake Factory Incorporated - Common Stock,Q,Q,N,100.0,N,N,,CAKE,N
Y,CAL,"Caleres, Inc. Common Stock",N, ,N,100.0,N,,CAL,CAL,N
Y,CALC,"CalciMedica, Inc. - Common Stock",Q,S,N,100.0,N,D,,CALC,N
Y,CALM,"Cal-Maine Foods, Inc. - Common Stock",Q,Q,N,100.0,N,N,,CALM,N
Y,CALX,"Calix, Inc Common Stock",N, ,N,100.0,N,,CALX,CALX,N
Y,CALY,Callaway Golf Company Common Stock,N, ,N,100.0,N,,CALY,CALY,N
Y,CAMP,CAMP4 Therapeutics Corporation - Common Stock,Q,G,N,100.0,N,N,,CAMP,N
Y,CAMT,Camtek Ltd. - Ordinary Shares,Q,G,N,100.0,N,N,,CAMT,N
Y,CAN,Canaan Inc. - American Depositary Shares,Q,S,N,100.0,N,D,,CAN,N
Y,CANF,"Can-Fite Biopharma Ltd American Depositary Shares, each representing two (2) Ordinary Shares",A, ,N,100.0,N,,CANF,CANF,N
Y,CANG,Cango Inc. Class A Ordinary Shares,N, ,N,100.0,N,,CANG,CANG,N
Y,CAPL,CrossAmerica Partners LP Common Units representing limited partner interests,N, ,N,100.0,N,,CAPL,CAPL,N
Y,CAPN,Cayson Acquisition Corp - Ordinary Shares,Q,G,N,100.0,N,D,,CAPN,N
Y,CAPNR,Cayson Acquisition Corp - Right,Q,G,N,100.0,N,N,,CAPNR,N
Y,CAPNU,Cayson Acquisition Corp - Units,Q,G,N,100.0,N,N,,CAPNU,N
Y,CAPR,"Capricor Therapeutics, Inc. - Common Stock",Q,Q,N,100.0,N,N,,CAPR,N
Y,CAPS,Capstone Holding Corp. - Common Stock,Q,S,N,100.0,N,D,,CAPS,N
Y,CAQ,Cambridge Acquisition Corp. - Class A Ordinary Shares,Q,G,N,100.0,N,N,,CAQ,N
Y,CAQUU,Cambridge Acquisition Corp. - Unit,Q,G,N,100.0,N,N,,CAQUU,N
Y,CAR,"Avis Budget Group, Inc. - Common Stock",Q,Q,N,100.0,N,N,,CAR,N
Y,CARE,"Carter Bankshares, Inc. - Common Stock",Q,Q,N,100.0,N,N,,CARE,N
Y,CARG,"CarGurus, Inc. - Class A Common Stock",Q,Q,N,100.0,N,N,,CARG,N
Y,CARL,"Carlsmed, Inc. - Common Stock",Q,Q,N,100.0,N,N,,CARL,N
Y,CARR,Carrier Global Corporation Common Stock ,N, ,N,100.0,N,,CARR,CARR,N
Y,CARS,Cars.com Inc. Common Stock ,N, ,N,100.0,N,,CARS,CARS,N
Y,CART,Maplebear Inc. - Common Stock,Q,Q,N,100.0,N,N,,CART,N
Y,CASH,"Pathward Financial, Inc. - Common Stock",Q,Q,N,100.0,N,N,,CASH,N
Y,CASS,"Cass Information Systems, Inc - Common Stock",Q,Q,N,100.0,N,N,,CASS,N
Y,CAST,"FreeCast, Inc. - Class A common stock",Q,G,N,100.0,N,N,,CAST,N
Y,CASY,"Caseys General Stores, Inc. - Common Stock",Q,Q,N,40.0,N,N,,CASY,N
Y,CAT,"Caterpillar, Inc. Common Stock",N, ,N,40.0,N,,CAT,CAT,N
Y,CATO,Cato Corporation (The) Class A Common Stock,N, ,N,100.0,N,,CATO,CATO,N
Y,CATX,"Perspective Therapeutics, Inc. Common Stock",A, ,N,100.0,N,,CATX,CATX,N
Y,CATY,Cathay General Bancorp - Common Stock,Q,Q,N,100.0,N,N,,CATY,N
Y,CAVA,"CAVA Group, Inc. Common Stock",N, ,N,100.0,N,,CAVA,CAVA,N
Y,CB,Chubb Limited  Common Stock,N, ,N,40.0,N,,CB,CB,N
Y,CBAN,"Colony Bankcorp, Inc. Common Stock",N, ,N,100.0,N,,CBAN,CBAN,N
Y,CBAT,CBAK Energy Technology Limited - Ordinary Shares,Q,S,N,100.0,N,D,,CBAT,N
Y,CBC,"Central Bancompany, Inc. - Class A Common Stock",Q,Q,N,100.0,N,N,,CBC,N
Y,CBFV,"CB Financial Services, Inc. - Common Stock",Q,G,N,100.0,N,N,,CBFV,N
Y,CBIO,"Crescent Biopharma, Inc. - Common Stock",Q,S,N,100.0,N,N,,CBIO,N
Y,CBK,"Commercial Bancgroup, Inc. - Common Stock",Q,S,N,100.0,N,N,,CBK,N
Y,CBL,"CBL & Associates Properties, Inc. Common Stock",N, ,N,100.0,N,,CBL,CBL,N
Y,CBLL,"CeriBell, Inc. - Common Stock",Q,Q,N,100.0,N,N,,CBLL,N
Y,CBNA,"Chain Bridge Bancorp, Inc. Class A Common Stock",N, ,N,100.0,N,,CBNA,CBNA,N
Y,CBNK,"Capital Bancorp, Inc. - Common Stock",Q,Q,N,100.0,N,N,,CBNK,N
Y,CBOE,"Cboe Global Markets, Inc. Common Stock",Z, ,N,40.0,N,,CBOE,CBOE,N
Y,CBRE,CBRE Group Inc Common Stock Class A,N, ,N,100.0,N,,CBRE,CBRE,N
Y,CBRL,"Cracker Barrel Old Country Store, Inc. - Common Stock",Q,Q,N,100.0,N,N,,CBRL,N
Y,CBRS,Cerebras Systems Inc. - Class A Common Stock,Q,Q,N,100.0,N,N,,CBRS,N
Y,CBSH,"Commerce Bancshares, Inc. - Common Stock",Q,Q,N,100.0,N,N,,CBSH,N
Y,CBT,Cabot Corporation Common Stock,N, ,N,100.0,N,,CBT,CBT,N
Y,CBU,"Community Financial System, Inc. Common Stock",N, ,N,100.0,N,,CBU,CBU,N
Y,CBUS,"Cibus, Inc. - Class A Common Stock",Q,S,N,100.0,N,N,,CBUS,N
Y,CBZ,"CBIZ, Inc. Common Stock",N, ,N,100.0,N,,CBZ,CBZ,N
Y,CC,Chemours Company (The) Common Stock,N, ,N,100.0,N,,CC,CC,N
Y,CCAP,"Crescent Capital BDC, Inc. - Common Stock",Q,G,N,100.0,N,N,,CCAP,N
Y,CCAQ,Collective Acquisition Corp. - Class A ordinary shares,Q,G,N,100.0,N,N,,CCAQ,N
Y,CCAQU,Collective Acquisition Corp. - Units,Q,G,N,100.0,N,N,,CCAQU,N
Y,CCB,Coastal Financial Corporation - Common Stock,Q,Q,N,100.0,N,N,,CCB,N
Y,CCBG,Capital City Bank Group - Common Stock,Q,Q,N,100.0,N,N,,CCBG,N
Y,CCC,CCC Intelligent Solutions Holdings Inc. - Common Stock,Q,Q,N,100.0,N,N,,CCC,N
Y,CCCC,"C4 Therapeutics, Inc. - Common Stock",Q,Q,N,100.0,N,N,,CCCC,N
Y,CCD,Calamos Dynamic Convertible & Income Fund - Closed End Fund,Q,Q,N,100.0,N,N,,CCD,N
Y,CCEC,Capital Clean Energy Carriers Corp. - Common Share,Q,Q,N,100.0,N,N,,CCEC,N
Y,CCEL,"Cryo-Cell International, Inc. Common Stock",A, ,N,100.0,N,,CCEL,CCEL,N
Y,CCEP,Coca-Cola Europacific Partners plc - Ordinary Shares,Q,Q,N,100.0,N,N,,CCEP,N
Y,CCG,Cheche Group Inc. - Class A Ordinary Shares,Q,S,N,100.0,N,D,,CCG,N
Y,CCGWW,Cheche Group Inc. - Warrant,Q,S,N,100.0,N,N,,CCGWW,N
Y,CCHH,CCH Holdings Ltd - Class A Ordinary Shares,Q,S,N,100.0,N,D,,CCHH,N
Y,CCI,Crown Castle Inc. Common Stock,N, ,N,100.0,N,,CCI,CCI,N
Y,CCID,Carlyle Credit Income Fund 7.375% Series D Term Preferred Shares due 2028,N, ,N,100.0,N,,CCID,CCID,N
Y,CCIF,Carlyle Credit Income Fund Shares of Beneficial Interest,N, ,N,100.0,N,,CCIF,CCIF,N
Y,CCII,Cohen Circle Acquisition Corp. II - Class A Ordinary Shares,Q,G,N,100.0,N,N,,CCII,N
Y,CCIIU,Cohen Circle Acquisition Corp. II - Unit,Q,G,N,100.0,N,N,,CCIIU,N
Y,CCIIW,Cohen Circle Acquisition Corp. II - Warrant,Q,G,N,100.0,N,N,,CCIIW,N
Y,CCIX,Churchill Capital Corp IX - Ordinary Shares,Q,G,N,100.0,N,N,,CCIX,N
Y,CCIXU,Churchill Capital Corp IX - Unit,Q,G,N,100.0,N,N,,CCIXU,N
Y,CCIXW,Churchill Capital Corp IX - Warrant,Q,G,N,100.0,N,N,,CCIXW,N
Y,CCJ,Cameco Corporation Common Stock,N, ,N,100.0,N,,CCJ,CCJ,N
Y,CCK,"Crown Holdings, Inc.",N, ,N,100.0,N,,CCK,CCK,N
Y,CCL,Carnival Corporation Ltd. Common Shares,N, ,N,100.0,N,,CCL,CCL,N
Y,CCLD,"CareCloud, Inc. - Common Stock",Q,G,N,100.0,N,N,,CCLD,N
Y,CCM,Concord Medical Services Holdings Limited American Depositary Shares (Each represents thirty (30) Class A ordinary shares),N, ,N,100.0,N,,CCM,CCM,N
Y,CCNE,CNB Financial Corporation - Common Stock,Q,Q,N,100.0,N,N,,CCNE,N
Y,CCNEP,"CNB Financial Corporation - Depositary shares, each representing a 1/40th ownership interest in a share of 7.125% Series A Fixed- Rate Non-Cumulative Perpetual Preferred Stock",Q,Q,N,100.0,N,N,,CCNEP,N
Y,CCO,"Clear Channel Outdoor Holdings, Inc. Common Stock",N, ,N,100.0,N,,CCO,CCO,N
Y,CCOI,"Cogent Communications Holdings, Inc. - Common Stock",Q,Q,N,100.0,N,N,,CCOI,N
Y,CCRN,"Cross Country Healthcare, Inc. - Common Stock",Q,Q,N,100.0,N,N,,CCRN,N
Y,CCS,"Century Communities, Inc. Common Stock",N, ,N,100.0,N,,CCS,CCS,N
Y,CCSI,"Consensus Cloud Solutions, Inc. - Common Stock",Q,Q,N,100.0,N,N,,CCSI,N
Y,CCTG,CCSC Technology International Holdings Limited - Class A Ordinary Shares,Q,S,N,100.0,N,D,,CCTG,N
Y,CCU,"Compania Cervecerias Unidas, S.A. Common Stock",N, ,N,100.0,N,,CCU,CCU,N
Y,CCXI,Churchill Capital Corp XI - Class A Ordinary Shares,Q,G,N,100.0,N,N,,CCXI,N
Y,CCXIU,Churchill Capital Corp XI - Units,Q,G,N,100.0,N,N,,CCXIU,N
Y,CCZ,Comcast Holdings ZONES,N, ,N,100.0,N,,CCZ,CCZ,N
Y,CD,Chaince Digital Holdings Inc. - American Ordinary Shares,Q,G,N,100.0,N,N,,CD,N
Y,CDE,"Coeur Mining, Inc. Common Stock",N, ,N,100.0,N,,CDE,CDE,N
Y,CDIO,Cardio Diagnostics Holdings Inc. - Common stock,Q,S,N,100.0,N,N,,CDIO,N
Y,CDIOW,Cardio Diagnostics Holdings Inc. - Warrant,Q,S,N,100.0,N,N,,CDIOW,N
Y,CDLR,Cadeler A/S American Depositary Share (each representing four (4) Ordinary Shares),N, ,N,100.0,N,,CDLR,CDLR,N
Y,CDLX,"Cardlytics, Inc. - Common Stock",Q,G,N,100.0,N,N,,CDLX,N
Y,CDNA,"CareDx, Inc. - Common Stock",Q,G,N,100.0,N,N,,CDNA,N
Y,CDNL,Cardinal Infrastructure Group Inc. - Class A Common Stock,Q,Q,N,100.0,N,N,,CDNL,N
Y,CDNS,"Cadence Design Systems, Inc. - Common Stock",Q,Q,N,40.0,N,N,,CDNS,N
Y,CDP,COPT Defense Properties Common Shares of Beneficial Interest,N, ,N,100.0,N,,CDP,CDP,N
Y,CDRE,"Cadre Holdings, Inc. Common Stock",N, ,N,100.0,N,,CDRE,CDRE,N
Y,CDRO,"Codere Online Luxembourg, S.A. - Ordinary Shares",Q,S,N,100.0,N,N,,CDRO,N
Y,CDROW,"Codere Online Luxembourg, S.A. - Warrants",Q,S,N,100.0,N,N,,CDROW,N
Y,CDT,CDT Equity Inc. - Common Stock,Q,S,N,100.0,N,E,,CDT,N
Y,CDTG,CDT Environmental Technology Investment Holdings Limited - ordinary shares,Q,S,N,100.0,N,N,,CDTG,N
Y,CDTTW,CDT Equity Inc. - Warrant,Q,S,N,100.0,N,E,,CDTTW,N
Y,CDW,CDW Corporation - Common Stock,Q,Q,N,100.0,N,N,,CDW,N
Y,CDXS,"Codexis, Inc. - Common Stock",Q,Q,N,100.0,N,N,,CDXS,N
Y,CDZI,"Cadiz, Inc. - Common Stock",Q,G,N,100.0,N,N,,CDZI,N
Y,CDZIP,"Cadiz, Inc. - Depositary Shares",Q,G,N,100.0,N,N,,CDZIP,N
Y,CE,Celanese Corporation Common Stock,N, ,N,100.0,N,,CE,CE,N
Y,CECO,CECO Environmental Corp. - Common Stock,Q,Q,N,100.0,N,N,,CECO,N
Y,CEE,"The Central and Eastern Europe Fund, Inc. (The) Common Stock",N, ,N,100.0,N,,CEE,CEE,N
Y,CEG,Constellation Energy Corporation - Common Stock When-Issued,Q,Q,N,40.0,N,N,,CEG,N
Y,CELC,Celcuity Inc. - Common Stock,Q,S,N,100.0,N,N,,CELC,N
Y,CELH,"Celsius Holdings, Inc. - Common Stock",Q,S,N,100.0,N,N,,CELH,N
Y,CELU,Celularity Inc. - Class A Common Stock,Q,S,N,100.0,N,H,,CELU,N
Y,CELUW,Celularity Inc. - Warrant,Q,S,N,100.0,N,H,,CELUW,N
Y,CELZ,"Creative Medical Technology Holdings, Inc. - Common Stock",Q,S,N,100.0,N,N,,CELZ,N
Y,CENN,Cenntro Inc. - Common Stock,Q,S,N,100.0,N,N,,CENN,N
Y,CENT,Central Garden & Pet Company - Common Stock,Q,Q,N,100.0,N,N,,CENT,N
Y,CENTA,Central Garden & Pet Company - Class A Common Stock Nonvoting,Q,Q,N,100.0,N,N,,CENTA,N
Y,CENX,Century Aluminum Company - Common Stock,Q,Q,N,100.0,N,N,,CENX,N
Y,CEPF,"Cantor Equity Partners IV, Inc. - Class A Ordinary Shares",Q,G,N,100.0,N,N,,CEPF,N
Y,CEPO,"Cantor Equity Partners I, Inc. - Class A Ordinary Shares",Q,G,N,100.0,N,N,,CEPO,N
Y,CEPS,"Cantor Equity Partners VI, Inc. - Class A Ordinary Shares",Q,G,N,100.0,N,N,,CEPS,N
Y,CEPU,Central Puerto S.A. American Depositary Shares (each represents ten Common Shares),N, ,N,100.0,N,,CEPU,CEPU,N
Y,CEPV,"Cantor Equity Partners V, Inc. - Class A Ordinary Shares",Q,G,N,100.0,N,N,,CEPV,N
Y,CERS,Cerus Corporation - Common Stock,Q,G,N,100.0,N,N,,CERS,N
Y,CERT,"Certara, Inc. - Common Stock",Q,Q,N,100.0,N,N,,CERT,N
Y,CET,Central Securities Corporation Common Stock,A, ,N,100.0,N,,CET,CET,N
Y,CETX,Cemtrex Inc. - Common Stock,Q,S,N,100.0,N,N,,CETX,N
Y,CETY,"Clean Energy Technologies, Inc. - Common Stock",Q,S,N,100.0,N,E,,CETY,N
Y,CEV,Eaton Vance California Municipal Income Trust Shares of Beneficial Interest,A, ,N,100.0,N,,CEV,CEV,N
Y,CEVA,"CEVA, Inc. - Common Stock",Q,Q,N,100.0,N,N,,CEVA,N
Y,CF,"CF Industries Holdings, Inc. Common Stock",N, ,N,100.0,N,,CF,CF,N
Y,CFBK,CF Bankshares Inc. - Common Stock,Q,S,N,100.0,N,N,,CFBK,N
Y,CFFI,C&F Financial Corporation - Common Stock,Q,Q,N,100.0,N,N,,CFFI,N
Y,CFFN,"Capitol Federal Financial, Inc. - Common Stock",Q,Q,N,100.0,N,N,,CFFN,N
Y,CFG,"Citizens Financial Group, Inc. Common Stock",N, ,N,100.0,N,,CFG,CFG,N
Y,CFND,C1 Fund Inc. Common Stock,N, ,N,100.0,N,,CFND,CFND,N
Y,CFR,"Cullen/Frost Bankers, Inc. Common Stock",N, ,N,100.0,N,,CFR,CFR,N
Y,CG,The Carlyle Group Inc. - Common Stock,Q,Q,N,100.0,N,N,,CG,N
Y,CGABL,The Carlyle Group Inc. - 4.625% Subordinated Notes due 2061,Q,Q,N,100.0,N,N,,CGABL,N
Y,CGAU,Centerra Gold Inc. Common Shares,N, ,N,100.0,N,,CGAU,CGAU,N
Y,CGBD,"Carlyle Secured Lending, Inc. - Closed End Fund",Q,Q,N,100.0,N,N,,CGBD,N
Y,CGC,Canopy Growth Corporation - Common Shares,Q,Q,N,100.0,N,N,,CGC,N
Y,CGCFU,Cartesian Growth Corporation IV - Units,Q,G,N,100.0,N,N,,CGCFU,N
Y,CGEM,"Cullinan Therapeutics, Inc. - Common Stock",Q,Q,N,100.0,N,N,,CGEM,N
Y,CGEN,Compugen Ltd. - Ordinary Shares,Q,S,N,100.0,N,N,,CGEN,N
Y,CGNT,Cognyte Software Ltd. - Ordinary Shares,Q,Q,N,100.0,N,N,,CGNT,N
Y,CGNX,Cognex Corporation - Common Stock,Q,Q,N,100.0,N,N,,CGNX,N
Y,CGO,Calamos Global Total Return Fund - Closed End Fund,Q,Q,N,100.0,N,N,,CGO,N
Y,CGON,"CG Oncology, Inc. - Common stock",Q,Q,N,100.0,N,N,,CGON,N
Y,CGTL,Creative Global Technology Holdings Limited - Class A Ordinary Shares,Q,S,N,100.0,N,D,,CGTL,N
Y,CGTX,"Cognition Therapeutics, Inc. - Common Stock",Q,S,N,100.0,N,N,,CGTX,N
Y,CHA,"Chagee Holdings Limited - American Depositary Shares, each representing 1 Class A ordinary share",Q,Q,N,100.0,N,N,,CHA,N
Y,CHAI,"Core AI Holdings, Inc. - Common Shares",Q,S,N,100.0,N,N,,CHAI,N
Y,CHAR,Charlton Aria Acquisition Corporation - Class A Ordinary Shares,Q,G,N,100.0,N,N,,CHAR,N
Y,CHARU,Charlton Aria Acquisition Corporation - Units,Q,G,N,100.0,N,N,,CHARU,N
Y,CHCI,"Comstock Holding Companies, Inc. - Class A Common Stock",Q,S,N,100.0,N,N,,CHCI,N
Y,CHCO,City Holding Company - Common Stock,Q,Q,N,100.0,N,N,,CHCO,N
Y,CHCT,Community Healthcare Trust Incorporated Common Stock,N, ,N,100.0,N,,CHCT,CHCT,N
Y,CHD,"Church & Dwight Company, Inc. Common Stock",N, ,N,100.0,N,,CHD,CHD,N
Y,CHDN,"Churchill Downs, Incorporated - Common Stock",Q,Q,N,100.0,N,N,,CHDN,N
Y,CHE,Chemed Corp,N, ,N,40.0,N,,CHE,CHE,N
Y,CHEC,Chenghe Acquisition III Co. - Class A Ordinary Shares,Q,G,N,100.0,N,N,,CHEC,N
Y,CHECU,Chenghe Acquisition III Co. - Units,Q,G,N,100.0,N,N,,CHECU,N
Y,CHECW,Chenghe Acquisition III Co. - Warrants,Q,G,N,100.0,N,N,,CHECW,N
Y,CHEF,"The Chefs' Warehouse, Inc. - Common Stock",Q,Q,N,100.0,N,N,,CHEF,N
Y,CHGG,"Chegg, Inc. Common Stock",N, ,N,100.0,N,,CHGG,CHGG,N
Y,CHH,"Choice Hotels International, Inc. Common Stock",N, ,N,100.0,N,,CHH,CHH,N
Y,CHI,Calamos Convertible Opportunities and Income Fund - Closed End Fund,Q,Q,N,100.0,N,N,,CHI,N
Y,CHKP,Check Point Software Technologies Ltd. - Ordinary Shares,Q,Q,N,100.0,N,N,,CHKP,N
Y,CHMG,Chemung Financial Corp  - Common Stock,Q,Q,N,100.0,N,N,,CHMG,N
Y,CHMI,Cherry Hill Mortgage Investment Corporation Common Stock,N, ,N,100.0,N,,CHMI,CHMI,N
Y,CHNR,"China Natural Resources, Inc. - Common Shares",Q,S,N,100.0,N,N,,CHNR,N
Y,CHOW,ChowChow Cloud International Holdings Limited Ordinary Shares,A, ,N,100.0,N,,CHOW,CHOW,N
Y,CHPG,ChampionsGate Acquisition Corporation - Class A Ordinary Share,Q,G,N,100.0,N,N,,CHPG,N
Y,CHPGU,ChampionsGate Acquisition Corporation - Unit,Q,G,N,100.0,N,N,,CHPGU,N
Y,CHPT,"ChargePoint Holdings, Inc. Common Stock",N, ,N,100.0,N,,CHPT,CHPT,N
Y,CHR,"Cheer Holding, Inc.  - Class A Ordinary Share",Q,S,N,100.0,N,N,,CHR,N
Y,CHRD,Chord Energy Corporation - Common Stock,Q,Q,N,100.0,N,N,,CHRD,N
Y,CHRN,ChronoScale Holdings Corporation - Common Stock,Q,S,N,100.0,N,N,,CHRN,N
Y,CHRS,"Coherus Oncology, Inc. - Common Stock",Q,G,N,100.0,N,N,,CHRS,N
Y,CHRW,"C.H. Robinson Worldwide, Inc. - Common Stock",Q,Q,N,100.0,N,N,,CHRW,N
Y,CHSCL,"CHS Inc - Class B Cumulative Redeemable Preferred Stock, Series 4",Q,Q,N,100.0,N,N,,CHSCL,N
Y,CHSCM,"CHS Inc - Class B Reset Rate Cumulative Redeemable Preferred Stock, Series 3",Q,Q,N,100.0,N,N,,CHSCM,N
Y,CHSCN,CHS Inc - Preferred Class B Series 2 Reset Rate,Q,Q,N,100.0,N,N,,CHSCN,N
Y,CHSCO,CHS Inc - Class B Cumulative Redeemable Preferred Stock,Q,Q,N,100.0,N,N,,CHSCO,N
Y,CHSCP,CHS Inc - 8%  Cumulative Redeemable Preferred Stock,Q,Q,N,100.0,N,N,,CHSCP,N
Y,CHSN,Chanson International Holding - Class A Ordinary Shares,Q,S,N,100.0,N,N,,CHSN,N
Y,CHT,"Chunghwa Telecom Co., Ltd.",N, ,N,100.0,N,,CHT,CHT,N
Y,CHTR,"Charter Communications, Inc. - Class A Common Stock",Q,Q,N,100.0,N,N,,CHTR,N
Y,CHW,Calamos Global Dynamic Income Fund - Closed End Fund,Q,Q,N,100.0,N,N,,CHW,N
Y,CHWY,"Chewy, Inc. Class A Common Stock",N, ,N,100.0,N,,CHWY,CHWY,N
Y,CHY,Calamos Convertible and High Income Fund - Closed End Fund,Q,Q,N,100.0,N,N,,CHY,N
Y,CHYM,"Chime Financial, Inc. - Class A Common Stock",Q,Q,N,100.0,N,N,,CHYM,N
Y,CI,The Cigna Group Common Stock,N, ,N,40.0,N,,CI,CI,N
Y,CIA,"Citizens, Inc. Class A Common Stock ($1.00 Par)",N, ,N,100.0,N,,CIA,CIA,N
Y,CIB,Grupo Cibest S.A. American Depositary Shares each representing four Preferred Shares,N, ,N,100.0,N,,CIB,CIB,N
Y,CICB,CION Investment Corporation 7.50% Notes due 2029,N, ,N,100.0,N,,CICB,CICB,N
Y,CICC,CION Investment Corporation 7.50% Notes due 2031,N, ,N,100.0,N,,CICC,CICC,N
Y,CIEN,Ciena Corporation Common Stock,N, ,N,40.0,N,,CIEN,CIEN,N
Y,CIFR,Cipher Digital Inc. - Common Stock,Q,Q,N,100.0,N,N,,CIFR,N
Y,CIG,Comp En De Mn Cemig ADS American Depositary Shares,N, ,N,100.0,N,,CIG,CIG,N
Y,CIGI,Colliers International Group Inc.  - Subordinate Voting Shares,Q,Q,N,100.0,N,N,,CIGI,N
Y,CII,"BlackRock Enhanced Large Cap Core Fund, Inc. Common Stock",N, ,N,100.0,N,,CII,CII,N
Y,CIIT,"Tianci International, Inc. - Common Stock",Q,S,N,100.0,N,N,,CIIT,N
Y,CIK,"Credit Suisse Asset Management Income Fund, Inc. Common Stock",A, ,N,100.0,N,,CIK,CIK,N
Y,CIM,Chimera Investment Corporation Common Stock,N, ,N,100.0,N,,CIM,CIM,N
Y,CIMN,Chimera Investment Corporation 9.000% Senior Notes due 2029,N, ,N,100.0,N,,CIMN,CIMN,N
Y,CIMO,Chimera Investment Corporation 9.250% Senior Notes due 2029,N, ,N,100.0,N,,CIMO,CIMO,N
Y,CIMP,Chimera Investment Corporation 8.875% Senior Notes due 2030,N, ,N,100.0,N,,CIMP,CIMP,N
Y,CINF,Cincinnati Financial Corporation - Common Stock,Q,Q,N,100.0,N,N,,CINF,N
Y,CING,Cingulate Inc. - Common Stock,Q,S,N,100.0,N,N,,CING,N
Y,CINGW,Cingulate Inc. - Warrants,Q,S,N,100.0,N,N,,CINGW,N
Y,CINT,CI&T Inc Class A Common Shares,N, ,N,100.0,N,,CINT,CINT,N
Y,CION,CION Investment Corporation Common Stock,N, ,N,100.0,N,,CION,CION,N
Y,CIRC,"Circle8 Group, Inc. - Common Stock",Q,G,N,100.0,N,N,,CIRC,N
Y,CISO,"CISO Global, Inc. - Common Stock",Q,S,N,100.0,N,D,,CISO,N
Y,CISS,C3is Inc. - Common Stock,Q,S,N,100.0,N,N,,CISS,N
Y,CITR,CitroTech Inc. Common Stock,A, ,N,100.0,N,,CITR,CITR,N
Y,CIVB,"Civista Bancshares, Inc.  - Common Stock",Q,S,N,100.0,N,N,,CIVB,N
Y,CIX,CompX International Inc. Common Stock,A, ,N,100.0,N,,CIX,CIX,N
Y,CJMB,Callan JMB Inc. - Common Stock,Q,S,N,100.0,N,D,,CJMB,N
Y,CKX,"CKX Lands, Inc. Common Stock",A, ,N,100.0,N,,CKX,CKX,N
Y,CL,Colgate-Palmolive Company Common Stock,N, ,N,100.0,N,,CL,CL,N
Y,CLAR,Clarus Corporation - Common Stock,Q,Q,N,100.0,N,N,,CLAR,N
Y,CLB,Core Laboratories Inc. Common Stock,N, ,N,100.0,N,,CLB,CLB,N
Y,CLBK,"Columbia Financial, Inc. - Common Stock",Q,Q,N,100.0,N,N,,CLBK,N
Y,CLBR,Colombier Acquisition Corp. III Class A Ordinary Shares,N, ,N,100.0,N,,CLBR,CLBR,N
Y,CLBT,Cellebrite DI Ltd. - Ordinary Shares,Q,Q,N,100.0,N,N,,CLBT,N
Y,CLDI,"Calidi Biotherapeutics, Inc. Common Stock",A, ,N,100.0,N,,CLDI,CLDI,N
Y,CLDT,Chatham Lodging Trust (REIT) Common Shares of Beneficial Interest,N, ,N,100.0,N,,CLDT,CLDT,N
Y,CLDX,"Celldex Therapeutics, Inc. - Common Stock",Q,S,N,100.0,N,N,,CLDX,N
Y,CLF,Cleveland-Cliffs Inc. Common Stock,N, ,N,100.0,N,,CLF,CLF,N
Y,CLFD,"Clearfield, Inc. - Common Stock",Q,G,N,100.0,N,N,,CLFD,N
Y,CLGN,CollPlant Biotechnologies Ltd. - Ordinary Shares,Q,S,N,100.0,N,D,,CLGN,N
Y,CLH,"Clean Harbors, Inc. Common Stock",N, ,N,40.0,N,,CLH,CLH,N
Y,CLIK,Click Holdings Limited - Ordinary Share,Q,S,N,100.0,N,N,,CLIK,N
Y,CLIR,ClearSign Technologies Corporation - Common Stock,Q,S,N,100.0,N,N,,CLIR,N
Y,CLLS,Cellectis S.A. - American Depositary Shares,Q,G,N,100.0,N,N,,CLLS,N
Y,CLM,"Cornerstone Strategic Investment Fund, Inc. Common Shares",A, ,N,100.0,N,,CLM,CLM,N
Y,CLMB,"Climb Global Solutions, Inc. - Common Stock",Q,G,N,100.0,N,N,,CLMB,N
Y,CLMT,"Calumet, Inc - Common Stock",Q,Q,N,100.0,N,N,,CLMT,N
Y,CLNE,Clean Energy Fuels Corp. - Common Stock,Q,Q,N,100.0,N,N,,CLNE,N
Y,CLNN,Clene Inc. - Common Stock,Q,S,N,100.0,N,N,,CLNN,N
Y,CLOV,"Clover Health Investments, Corp.  - Class A Common stock",Q,Q,N,100.0,N,N,,CLOV,N
Y,CLPR,Clipper Realty Inc. Common Stock,N, ,N,100.0,N,,CLPR,CLPR,N
Y,CLPS,CLPS Incorporation - Common Stock,Q,G,N,100.0,N,D,,CLPS,N
Y,CLPT,ClearPoint Neuro Inc. - Common Stock,Q,S,N,100.0,N,N,,CLPT,N
Y,CLRB,"Cellectar Biosciences, Inc. - Common Stock",Q,S,N,100.0,N,N,,CLRB,N
Y,CLRO,"ClearOne, Inc. - Common Stock",Q,S,N,100.0,N,D,,CLRO,N
Y,CLS,"Celestica, Inc. Common Stock",N, ,N,40.0,N,,CLS,CLS,N
Y,CLSK,"CleanSpark, Inc. - Common Stock",Q,S,N,100.0,N,N,,CLSK,N
Y,CLSKW,"CleanSpark, Inc. - Warrant",Q,S,N,100.0,N,N,,CLSKW,N
Y,CLST,"Catalyst Bancorp, Inc. - common stock",Q,S,N,100.0,N,N,,CLST,N
Y,CLVT,Clarivate Plc Ordinary Shares,N, ,N,100.0,N,,CLVT,CLVT,N
Y,CLW,Clearwater Paper Corporation Common Stock,N, ,N,100.0,N,,CLW,CLW,N
Y,CLWT,Euro Tech Holdings Company Limited - Ordinary Shares,Q,S,N,100.0,N,N,,CLWT,N
Y,CLX,Clorox Company (The) Common Stock,N, ,N,100.0,N,,CLX,CLX,N
Y,CLYM,"Climb Bio, Inc. - Common Stock",Q,G,N,100.0,N,N,,CLYM,N
Y,CM,Canadian Imperial Bank of Commerce Common Stock,N, ,N,100.0,N,,CM,CM,N
Y,CMBT,CMB.TECH NV Ordinary Shares,N, ,N,100.0,N,,CMBT,CMBT,N
Y,CMC,Commercial Metals Company Common Stock,N, ,N,100.0,N,,CMC,CMC,N
Y,CMCL,Caledonia Mining Corporation Plc Common Shares,A, ,N,100.0,N,,CMCL,CMCL,N
Y,CMCM,"Cheetah Mobile Inc. American Depositary Shares, each representing fifty (50) Class A Ordinary Shares",N, ,N,100.0,N,,CMCM,CMCM,N
Y,CMCO,Columbus McKinnon Corporation - Common Stock,Q,Q,N,100.0,N,N,,CMCO,N
Y,CMCSA,Comcast Corporation - Class A Common Stock,Q,Q,N,100.0,N,N,,CMCSA,N
Y,CMCT,Creative Media  - Common Stock,Q,S,N,100.0,N,N,,CMCT,N
Y,CMDB,Costamare Bulkers Holdings Limited Common Stock,N, ,N,100.0,N,,CMDB,CMDB,N
Y,CME,CME Group Inc. - Class A Common Stock,Q,Q,N,40.0,N,N,,CME,N
Y,CMG,"Chipotle Mexican Grill, Inc. Common Stock",N, ,N,100.0,N,,CMG,CMG,N
Y,CMI,Cummins Inc. Common Stock,N, ,N,40.0,N,,CMI,CMI,N
Y,CMII,Columbus Circle Capital Corp II - Class A Ordinary Shares,Q,G,N,100.0,N,N,,CMII,N
Y,CMIIU,Columbus Circle Capital Corp II - Unit,Q,G,N,100.0,N,N,,CMIIU,N
Y,CMMB,Chemomab Therapeutics Ltd.  - American Depositary Shares,Q,S,N,100.0,N,N,,CMMB,N
Y,CMND,Clearmind Medicine Inc. - Common Shares,Q,S,N,100.0,N,N,,CMND,N
Y,CMP,Compass Minerals Intl Inc Common Stock,N, ,N,100.0,N,,CMP,CMP,N
Y,CMPR,Cimpress plc - Ordinary Shares,Q,Q,N,100.0,N,N,,CMPR,N
Y,CMPS,COMPASS Pathways Plc - American Depository Shares,Q,Q,N,100.0,N,N,,CMPS,N
Y,CMPX,"Compass Therapeutics, Inc. - Common Stock",Q,S,N,100.0,N,N,,CMPX,N
Y,CMRC,"Commerce.com, Inc. - Series 1 Common Stock",Q,G,N,100.0,N,N,,CMRC,N
Y,CMRE,Costamare Inc. Common Stock $0.0001 par value,N, ,N,100.0,N,,CMRE,CMRE,N
Y,CMS,CMS Energy Corporation Common Stock,N, ,N,100.0,N,,CMS,CMS,N
Y,CMSA,CMS Energy Corporation 5.625% Junior Subordinated Notes due 2078,N, ,N,100.0,N,,CMSA,CMSA,N
Y,CMSC,CMS Energy Corporation 5.875% Junior Subordinated Notes due 2078,N, ,N,100.0,N,,CMSC,CMSC,N
Y,CMSD,CMS Energy Corporation 5.875% Junior Subordinated Notes due 2079,N, ,N,100.0,N,,CMSD,CMSD,N
Y,CMT,Core Molding Technologies Inc Common Stock,A, ,N,100.0,N,,CMT,CMT,N
Y,CMTG,"Claros Mortgage Trust, Inc. Common Stock",N, ,N,100.0,N,,CMTG,CMTG,N
Y,CMTL,Comtech Telecommunications Corp. - Common Stock,Q,Q,N,100.0,N,N,,CMTL,N
Y,CMTV,Community Bancorp.  - Common stock,Q,S,N,100.0,N,N,,CMTV,N
Y,CNA,CNA Financial Corporation Common Stock,N, ,N,100.0,N,,CNA,CNA,N
Y,CNC,Centene Corporation Common Stock,N, ,N,100.0,N,,CNC,CNC,N
Y,CNCK,Coincheck Group N.V. - Ordinary Shares,Q,G,N,100.0,N,N,,CNCK,N
Y,CNCKW,Coincheck Group N.V. - Warrants,Q,S,N,100.0,N,N,,CNCKW,N
Y,CNDT,Conduent Incorporated - Common Stock,Q,Q,N,100.0,N,N,,CNDT,N
Y,CNET,ZW Data Action Technologies Inc. - Common Stock,Q,S,N,100.0,N,D,,CNET,N
Y,CNEY,CN Energy Group Inc. - Class A Ordinary Shares,Q,S,N,100.0,N,N,,CNEY,N
Y,CNF,"CNFinance Holdings Limited American Depositary Shares, each representing two hundred (200) Ordinary Shares",N, ,N,100.0,N,,CNF,CNF,N
Y,CNH,CNH Industrial N.V. Common Shares,N, ,N,100.0,N,,CNH,CNH,N
Y,CNI,Canadian National Railway Company Common Stock,N, ,N,100.0,N,,CNI,CNI,N
Y,CNK,"Cinemark Holdings Inc Cinemark Holdings, Inc. Common Stock",N, ,N,100.0,N,,CNK,CNK,N
Y,CNL,Collective Mining Ltd. Common Shares,A, ,N,100.0,N,,CNL,CNL,N
Y,CNM,"Core & Main, Inc. Class A Common Stock",N, ,N,100.0,N,,CNM,CNM,N
Y,CNMD,CONMED Corporation Common Stock,N, ,N,100.0,N,,CNMD,CNMD,N
Y,CNNE,"Cannae Holdings, Inc. Common Stock",N, ,N,100.0,N,,CNNE,CNNE,N
Y,CNO,"CNO Financial Group, Inc. Common Stock",N, ,N,100.0,N,,CNO,CNO,N
Y,CNOB,"ConnectOne Bancorp, Inc. - Common Stock",Q,Q,N,100.0,N,N,,CNOB,N
Y,CNOBP,"ConnectOne Bancorp, Inc. - Depositary Shares (each representing a 1/40th interest in a share of 5.25% Fixed-Rate Reset Non-Cumulative Perpetual Preferred Stock, Series A, par value $0.00 per share)",Q,Q,N,100.0,N,N,,CNOBP,N
Y,CNP,"CenterPoint Energy, Inc (Holding Co) Common Stock",N, ,N,100.0,N,,CNP,CNP,N
Y,CNQ,Canadian Natural Resources Limited Common Stock,N, ,N,100.0,N,,CNQ,CNQ,N
Y,CNR,"Core Natural Resources, Inc. Common Stock",N, ,N,100.0,N,,CNR,CNR,N
Y,CNS,Cohen & Steers Inc Common Stock,N, ,N,100.0,N,,CNS,CNS,N
Y,CNSP,"CNS Pharmaceuticals, Inc. - Common Stock",Q,S,N,100.0,N,N,,CNSP,N
Y,CNTB,Connect Biopharma Holdings Limited - Ordinary Shares,Q,G,N,100.0,N,N,,CNTB,N
Y,CNTN,"Canton Strategic Holdings, Inc. - Common Stock",Q,S,N,100.0,N,N,,CNTN,N
Y,CNTX,Context Therapeutics Inc. - Common Stock,Q,S,N,100.0,N,N,,CNTX,N
Y,CNTY,"Century Casinos, Inc. - Common Stock",Q,S,N,100.0,N,N,,CNTY,N
Y,CNVS,Cineverse Corp. - Class A Common Stock,Q,S,N,100.0,N,N,,CNVS,N
Y,CNX,CNX Resources Corporation Common Stock,N, ,N,100.0,N,,CNX,CNX,N
Y,CNXC,Concentrix Corporation - Common Stock,Q,Q,N,100.0,N,N,,CNXC,N
Y,CNXN,"PC Connection, Inc. - Common Stock",Q,Q,N,100.0,N,N,,CNXN,N
Y,CNXU,Conexeu Sciences Inc. - Common Stock,Q,S,N,100.0,N,N,,CNXU,N
Y,COAG,"Hemab Therapeutics Holdings, Inc. - Common Stock",Q,Q,N,100.0,N,N,,COAG,N
Y,COCH,"Envoy Medical, Inc. - Class A Common Stock",Q,S,N,100.0,N,D,,COCH,N
Y,COCHW,"Envoy Medical, Inc. - Warrant",Q,S,N,100.0,N,N,,COCHW,N
Y,COCO,"The Vita Coco Company, Inc. - Common Stock",Q,Q,N,100.0,N,N,,COCO,N
Y,COCP,"Cocrystal Pharma, Inc. - Common Stock",Q,S,N,100.0,N,N,,COCP,N
Y,CODA,"Coda Octopus Group, Inc. - Common stock",Q,S,N,100.0,N,N,,CODA,N
Y,CODI,D/B/A Compass Diversified Holdings Shares of Beneficial Interest,N, ,N,100.0,N,,CODI,CODI,N
Y,CODX,"Co-Diagnostics, Inc. - Common Stock",Q,S,N,100.0,N,N,,CODX,N
Y,COE,"51Talk Online Education Group American depositary shares, each representing 60 Class A ordinary shares",A, ,N,100.0,N,,COE,COE,N
Y,COF,Capital One Financial Corporation Common Stock,N, ,N,100.0,N,,COF,COF,N
Y,COFS,"ChoiceOne Financial Services, Inc. - Common Stock",Q,S,N,100.0,N,N,,COFS,N
Y,COGT,"Cogent Biosciences, Inc. - Common Stock",Q,Q,N,100.0,N,N,,COGT,N
Y,COHN,Cohen & Company Inc.,A, ,N,100.0,N,,COHN,COHN,N
Y,COHR,Coherent Corp. Common Stock,N, ,N,40.0,N,,COHR,COHR,N
Y,COHU,"Cohu, Inc. - Common Stock",Q,Q,N,100.0,N,N,,COHU,N
Y,COIN,"Coinbase Global, Inc. - Class A Common Stock",Q,Q,N,100.0,N,N,,COIN,N
Y,COKE,"Coca-Cola Consolidated, Inc. - Common Stock",Q,Q,N,100.0,N,N,,COKE,N
Y,COLA,Columbus Acquisition Corp - Ordinary Shares,Q,G,N,100.0,N,D,,COLA,N
Y,COLAU,Columbus Acquisition Corp - Unit,Q,G,N,100.0,N,N,,COLAU,N
Y,COLB,"Columbia Banking System, Inc. - Common Stock",Q,Q,N,100.0,N,N,,COLB,N
Y,COLD,"Americold Realty Trust, Inc. Common Stock",N, ,N,100.0,N,,COLD,COLD,N
Y,COLL,"Collegium Pharmaceutical, Inc. - Common Stock",Q,Q,N,100.0,N,N,,COLL,N
Y,COLM,Columbia Sportswear Company - Common Stock,Q,Q,N,100.0,N,N,,COLM,N
Y,COMP,"Compass, Inc. Class A Common Stock",N, ,N,100.0,N,,COMP,COMP,N
Y,CON,"Concentra Group Holdings Parent, Inc. Common Stock",N, ,N,100.0,N,,CON,CON,N
Y,COO,"The Cooper Companies, Inc.  - Common Stock",Q,Q,N,100.0,N,N,,COO,N
Y,COOK,"Traeger, Inc. Common Stock",N, ,N,100.0,N,,COOK,COOK,N
Y,COOT,Australian Oilseeds Holdings Limited - Ordinary Shares,Q,S,N,100.0,N,D,,COOT,N
Y,COOTW,Australian Oilseeds Holdings Limited - Warrant,Q,S,N,100.0,N,N,,COOTW,N
Y,COP,ConocoPhillips Common Stock,N, ,N,100.0,N,,COP,COP,N
Y,COPL,Copley Acquisition Corp Ordinary Shares,N, ,N,100.0,N,,COPL,COPL,N
Y,COPR,Idaho Copper Corporation Common Stock,A, ,N,100.0,N,,COPR,COPR,N
Y,COR,"Cencora, Inc. Common Stock",N, ,N,40.0,N,,COR,COR,N
Y,CORT,Corcept Therapeutics Incorporated - Common Stock,Q,S,N,100.0,N,N,,CORT,N
Y,CORZ,"Core Scientific, Inc. - Common Stock",Q,Q,N,100.0,N,N,,CORZ,N
Y,CORZW,"Core Scientific, Inc. - Tranche 1 Warrants",Q,Q,N,100.0,N,N,,CORZW,N
Y,CORZZ,"Core Scientific, Inc. - Tranche 2 Warrants",Q,Q,N,100.0,N,N,,CORZZ,N
Y,COSM,Cosmos Health Inc. - Common Stock,Q,S,N,100.0,N,D,,COSM,N
Y,COSO,"CoastalSouth Bancshares, Inc. Common Stock",N, ,N,100.0,N,,COSO,COSO,N
Y,COST,Costco Wholesale Corporation - Common Stock,Q,Q,N,40.0,N,N,,COST,N
Y,COTY,Coty Inc. Class A Common Stock,N, ,N,100.0,N,,COTY,COTY,N
Y,COUR,"Coursera, Inc. Common Stock",N, ,N,100.0,N,,COUR,COUR,N
Y,COYA,"Coya Therapeutics, Inc. - Common Stock",Q,S,N,100.0,N,N,,COYA,N
Y,CP,Canadian Pacific Kansas City Limited Common Shares,N, ,N,100.0,N,,CP,CP,N
Y,CPA,"Copa Holdings, S.A. Class A Common Stock",N, ,N,100.0,N,,CPA,CPA,N
Y,CPAC,Cementos Pacasmayo S.A.A. American Depositary Shares (Each representing five Common Shares),N, ,N,100.0,N,,CPAC,CPAC,N
Y,CPAY,"Corpay, Inc. Common Stock",N, ,N,40.0,N,,CPAY,CPAY,N
Y,CPB,The Campbell's Company - Common Stock,Q,Q,N,100.0,N,N,,CPB,N
Y,CPBI,"Central Plains Bancshares, Inc. - Common Stock",Q,S,N,100.0,N,N,,CPBI,N
Y,CPF,Central Pacific Financial Corp New,N, ,N,100.0,N,,CPF,CPF,N
Y,CPHC,Canterbury Park Holding Corporation - Common Stock,Q,G,N,100.0,N,N,,CPHC,N
Y,CPHI,"China Pharma Holdings, Inc. Common Stock",A, ,N,100.0,N,,CPHI,CPHI,N
Y,CPIX,Cumberland Pharmaceuticals Inc. - Common Stock,Q,Q,N,100.0,N,N,,CPIX,N
Y,CPK,Chesapeake Utilities Corporation Common Stock,N, ,N,100.0,N,,CPK,CPK,N
Y,CPNG,"Coupang, Inc. Class A Common Stock",N, ,N,100.0,N,,CPNG,CPNG,N
Y,CPOP,"Pop Culture Group Co., Ltd - Class A Ordinary Shares",Q,S,N,100.0,N,D,,CPOP,N
Y,CPRI,Capri Holdings Limited Ordinary Shares,N, ,N,100.0,N,,CPRI,CPRI,N
Y,CPRT,"Copart, Inc. - Common Stock",Q,Q,N,100.0,N,N,,CPRT,N
Y,CPRX,"Catalyst Pharmaceuticals, Inc. - Common Stock",Q,S,N,100.0,N,N,,CPRX,N
Y,CPS,Cooper-Standard Holdings Inc. Common Stock,N, ,N,100.0,N,,CPS,CPS,N
Y,CPSH,CPS Technologies Corp. - Common Stock,Q,S,N,100.0,N,N,,CPSH,N
Y,CPSS,"Consumer Portfolio Services, Inc. - Common Stock",Q,G,N,100.0,N,N,,CPSS,N
Y,CPT,Camden Property Trust Common Stock,N, ,N,100.0,N,,CPT,CPT,N
Y,CPZ,Calamos Long/Short Equity & Dynamic Income Trust - Closed End Fund,Q,Q,N,100.0,N,N,,CPZ,N
Y,CQP,"Cheniere Energy Partners, LP Common Units",N, ,N,100.0,N,,CQP,CQP,N
Y,CR,Crane Company Common Stock,N, ,N,100.0,N,,CR,CR,N
Y,CRAC,Crown Reserve Acquisition Corp. I - Class A Ordinary Shares,Q,G,N,100.0,N,N,,CRAC,N
Y,CRACU,Crown Reserve Acquisition Corp. I - Unit,Q,G,N,100.0,N,N,,CRACU,N
Y,CRACW,Crown Reserve Acquisition Corp. I - Warrant,Q,G,N,100.0,N,N,,CRACW,N
Y,CRAI,"CRA International,Inc. - Common Stock",Q,Q,N,100.0,N,N,,CRAI,N
Y,CRAN,Crane Harbor Acquisition Corp. II - Class A Ordinary Shares,Q,G,N,100.0,N,N,,CRAN,N
Y,CRANU,Crane Harbor Acquisition Corp. II - Units,Q,G,N,100.0,N,N,,CRANU,N
Y,CRAQ,Cal Redwood Acquisition Corp. - Class A Ordinary Shares,Q,G,N,100.0,N,N,,CRAQ,N
Y,CRAQU,Cal Redwood Acquisition Corp. - Units,Q,G,N,100.0,N,N,,CRAQU,N
Y,CRBD,Corebridge Financial Inc. 6.375% Junior Subordinated Notes due 2064,N, ,N,100.0,N,,CRBD,CRBD,N
Y,CRBG,Corebridge Financial Inc. Common Stock,N, ,N,100.0,N,,CRBG,CRBG,N
Y,CRBP,"Corbus Pharmaceuticals Holdings, Inc. - Common Stock",Q,S,N,100.0,N,N,,CRBP,N
Y,CRBU,"Caribou Biosciences, Inc. - Common Stock",Q,Q,N,100.0,N,N,,CRBU,N
Y,CRC,California Resources Corporation Common Stock,N, ,N,100.0,N,,CRC,CRC,N
Y,CRCL,"Circle Internet Group, Inc. Class A Common Stock",N, ,N,100.0,N,,CRCL,CRCL,N
Y,CRCT,"Cricut, Inc. - Class A common stock",Q,Q,N,100.0,N,N,,CRCT,N
Y,CRDF,"Cardiff Oncology, Inc. - Common Stock",Q,S,N,100.0,N,N,,CRDF,N
Y,CRDL,Cardiol Therapeutics Inc. - Class A Common Shares,Q,S,N,100.0,N,N,,CRDL,N
Y,CRDO,Credo Technology Group Holding Ltd - Ordinary Shares,Q,Q,N,100.0,N,N,,CRDO,N
Y,CRE,Cre8 Enterprise Limited - Class A Ordinary Shares,Q,S,N,100.0,N,N,,CRE,N
Y,CREG,Smart Powerr Corp. - Common Stock,Q,S,N,100.0,N,D,,CREG,N
Y,CRESY,"Cresud S.A.C.I.F. y A. - American Depositary Shares, each representing ten shares of Common Stock",Q,Q,N,100.0,N,N,,CRESY,N
Y,CREX,"Creative Realities, Inc. - Common Stock",Q,S,N,100.0,N,N,,CREX,N
Y,CRF,"Cornerstone Total Return Fund, Inc. (The) Common Stock",A, ,N,100.0,N,,CRF,CRF,N
Y,CRGO,Freightos Limited - Ordinary shares,Q,S,N,100.0,N,N,,CRGO,N
Y,CRGOW,Freightos Limited - Warrants,Q,S,N,100.0,N,N,,CRGOW,N
Y,CRGY,Crescent Energy Company Class A Common Stock,N, ,N,100.0,N,,CRGY,CRGY,N
Y,CRH,CRH PLC Ordinary Shares,N, ,N,100.0,N,,CRH,CRH,N
Y,CRI,"Carter's, Inc. Common Stock",N, ,N,100.0,N,,CRI,CRI,N
Y,CRIS,"Curis, Inc. - Common Stock",Q,S,N,100.0,N,D,,CRIS,N
Y,CRK,"Comstock Resources, Inc. Common Stock",N, ,N,100.0,N,,CRK,CRK,N
Y,CRL,"Charles River Laboratories International, Inc. Common Stock",N, ,N,100.0,N,,CRL,CRL,N
Y,CRM,"Salesforce, Inc. Common Stock",N, ,N,100.0,N,,CRM,CRM,N
Y,CRMD,CorMedix Inc. - Common Stock,Q,G,N,100.0,N,N,,CRMD,N
Y,CRML,Critical Metals Corp. - Ordinary Shares,Q,G,N,100.0,N,N,,CRML,N
Y,CRMLW,Critical Metals Corp. - Warrants,Q,S,N,100.0,N,N,,CRMLW,N
Y,CRMT,"America's Car-Mart, Inc. - Common Stock",Q,Q,N,100.0,N,N,,CRMT,N
Y,CRNC,Cerence Inc. - Common Stock,Q,Q,N,100.0,N,N,,CRNC,N
Y,CRNT,Ceragon Networks Ltd. - Ordinary Shares,Q,Q,N,100.0,N,N,,CRNT,N
Y,CRNX,"Crinetics Pharmaceuticals, Inc. - Common Stock",Q,Q,N,100.0,N,N,,CRNX,N
Y,CRON,Cronos Group Inc. - Common Share,Q,G,N,100.0,N,N,,CRON,N
Y,CROX,"Crocs, Inc. - Common Stock",Q,Q,N,100.0,N,N,,CROX,N
Y,CRS,Carpenter Technology Corporation Common Stock,N, ,N,40.0,N,,CRS,CRS,N
Y,CRSP,CRISPR Therapeutics AG - Common Shares,Q,G,N,100.0,N,N,,CRSP,N
Y,CRSR,"Corsair Gaming, Inc. - Common Stock",Q,Q,N,100.0,N,N,,CRSR,N
Y,CRT,Cross Timbers Royalty Trust Common Stock,N, ,N,100.0,N,,CRT,CRT,N
Y,CRTO,Criteo S.A. - American Depositary Shares,Q,Q,N,100.0,N,N,,CRTO,N
Y,CRUS,"Cirrus Logic, Inc. - Common Stock",Q,Q,N,100.0,N,N,,CRUS,N
Y,CRVL,CorVel Corp. - Common Stock,Q,Q,N,100.0,N,N,,CRVL,N
Y,CRVO,CervoMed Inc. - Common Stock,Q,S,N,100.0,N,N,,CRVO,N
Y,CRVS,"Corvus Pharmaceuticals, Inc. - Common Stock",Q,G,N,100.0,N,N,,CRVS,N
Y,CRWD,"CrowdStrike Holdings, Inc. - Class A Common Stock",Q,Q,N,40.0,N,N,,CRWD,N
Y,CRWS,"Crown Crafts, Inc. - Common Stock",Q,S,N,100.0,N,N,,CRWS,N
Y,CRWV,"CoreWeave, Inc. - Class A Common Stock",Q,Q,N,100.0,N,N,,CRWV,N
Y,CSAI,"Cloudastructure, Inc. - Class A Common Stock",Q,S,N,100.0,N,H,,CSAI,N
Y,CSAN,Cosan S.A. ADS,N, ,N,100.0,N,,CSAN,CSAN,N
Y,CSBR,"Champions Oncology, Inc. - Common Stock",Q,S,N,100.0,N,N,,CSBR,N
Y,CSCO,"Cisco Systems, Inc. - Common Stock",Q,Q,N,100.0,N,N,,CSCO,N
Y,CSGP,"CoStar Group, Inc. - Common Stock",Q,Q,N,100.0,N,N,,CSGP,N
Y,CSHR,CoinShares PLC - Ordinary Shares,Q,Q,N,100.0,N,N,,CSHR,N
Y,CSIQ,Canadian Solar Inc. - Common Shares,Q,Q,N,100.0,N,N,,CSIQ,N
Y,CSL,Carlisle Companies Incorporated Common Stock,N, ,N,40.0,N,,CSL,CSL,N
Y,CSPI,CSP Inc. - Common Stock,Q,G,N,100.0,N,N,,CSPI,N
Y,CSQ,Calamos Strategic Total Return Fund - Closed End Fund,Q,Q,N,100.0,N,N,,CSQ,N
Y,CSR,D/B/A Centerspace Common Stock,N, ,N,100.0,N,,CSR,CSR,N
Y,CSTE,Caesarstone Ltd. - Ordinary Shares,Q,Q,N,100.0,N,N,,CSTE,N
Y,CSTL,"Castle Biosciences, Inc. - Common stock",Q,G,N,100.0,N,N,,CSTL,N
Y,CSTM,Constellium SE Ordinary Shares (France),N, ,N,100.0,N,,CSTM,CSTM,N
Y,CSV,"Carriage Services, Inc. Common Stock",N, ,N,100.0,N,,CSV,CSV,N
Y,CSW,"CSW Industrials, Inc. Common Stock",N, ,N,40.0,N,,CSW,CSW,N
Y,CSWC,Capital Southwest Corporation - Common Stock,Q,Q,N,100.0,N,N,,CSWC,N
Y,CSX,CSX Corporation - Common Stock,Q,Q,N,100.0,N,N,,CSX,N
Y,CTAA,ClearThink 1 Acquisition Corp. - Class A Ordinary Shares,Q,G,N,100.0,N,N,,CTAA,N
Y,CTAAU,ClearThink 1 Acquisition Corp. - Units,Q,G,N,100.0,N,N,,CTAAU,N
Y,CTAS,Cintas Corporation - Common Stock,Q,Q,N,100.0,N,N,,CTAS,N
Y,CTBI,"Community Trust Bancorp, Inc. - Common Stock",Q,Q,N,100.0,N,N,,CTBI,N
Y,CTEV,Claritev Corporation Class A Common Stock,N, ,N,100.0,N,,CTEV,CTEV,N
Y,CTGG,Qwest Corporation 6.500% Senior Notes due 2051 (denominations of $25),N, ,N,100.0,N,,CTGG,CTGG,N
Y,CTGO,Contango Silver & Gold Inc. Common Stock,A, ,N,100.0,N,,CTGO,CTGO,N
Y,CTHH,Qwest Corporation 6.750% Senior Notes due 2052 (denominations of $25),N, ,N,100.0,N,,CTHH,CTHH,N
Y,CTKB,"Cytek Biosciences, Inc. - Common Stock",Q,Q,N,100.0,N,N,,CTKB,N
Y,CTM,"Castellum, Inc. Common Stock",A, ,N,100.0,N,,CTM,CTM,N
Y,CTMX,"CytomX Therapeutics, Inc. - Common Stock",Q,Q,N,100.0,N,N,,CTMX,N
Y,CTNM,"Contineum Therapeutics, Inc. - Common stock",Q,Q,N,100.0,N,N,,CTNM,N
Y,CTNT,Cheetah Net Supply Chain Service Inc. - Class A Common Stock,Q,S,N,100.0,N,N,,CTNT,N
Y,CTO,"CTO Realty Growth, Inc. Common Stock",N, ,N,100.0,N,,CTO,CTO,N
Y,CTOR,"Citius Oncology, Inc.  - Common Stock",Q,S,N,100.0,N,D,,CTOR,N
Y,CTOS,"Custom Truck One Source, Inc. Common Stock",N, ,N,100.0,N,,CTOS,CTOS,N
Y,CTRE,"CareTrust REIT, Inc. Common Stock",N, ,N,100.0,N,,CTRE,CTRE,N
Y,CTRI,"Centuri Holdings, Inc. Common Stock",N, ,N,100.0,N,,CTRI,CTRI,N
Y,CTRM,Castor Maritime Inc. - Common Shares,Q,S,N,100.0,N,N,,CTRM,N
Y,CTRN,"Citi Trends, Inc. - Common Stock",Q,Q,N,100.0,N,N,,CTRN,N
Y,CTS,CTS Corporation Common Stock,N, ,N,100.0,N,,CTS,CTS,N
Y,CTSH,Cognizant Technology Solutions Corporation - Class A Common Stock,Q,Q,N,100.0,N,N,,CTSH,N
Y,CTSO,Cytosorbents Corporation - Common Stock,Q,S,N,100.0,N,D,,CTSO,N
Y,CTVA,"Corteva, Inc. Common Stock ",N, ,N,100.0,N,,CTVA,CTVA,N
Y,CTW,CTW - Class A Ordinary Shares,Q,S,N,100.0,N,N,,CTW,N
Y,CTXR,"Citius Pharmaceuticals, Inc. - Common Stock",Q,S,N,100.0,N,D,,CTXR,N
Y,CUB,Lionheart Holdings - Class A Ordinary Shares,Q,G,N,100.0,N,N,,CUB,N
Y,CUBB,"Customers Bancorp, Inc 5.375% Subordinated Notes Due 2034",N, ,N,100.0,N,,CUBB,CUBB,N
Y,CUBE,CubeSmart Common Shares,N, ,N,100.0,N,,CUBE,CUBE,N
Y,CUBI,"Customers Bancorp, Inc Common Stock",N, ,N,100.0,N,,CUBI,CUBI,N
Y,CUBWU,Lionheart Holdings - Unit,Q,G,N,100.0,N,N,,CUBWU,N
Y,CUBWW,Lionheart Holdings - Warrant,Q,G,N,100.0,N,N,,CUBWW,N
Y,CUE,"Cue Biopharma, Inc. - Common Stock",Q,S,N,100.0,N,N,,CUE,N
Y,CULP,"Culp, Inc. - Common Shares",Q,S,N,100.0,N,N,,CULP,N
Y,CUPR,Cuprina Holdings (Cayman) Limited - Class A Ordinary shares,Q,S,N,100.0,N,N,,CUPR,N
Y,CURB,Curbline Properties Corp. Common Stock,N, ,N,100.0,N,,CURB,CURB,N
Y,CURI,CuriosityStream Inc.  - Class A Common Stock,Q,S,N,100.0,N,N,,CURI,N
Y,CURR,Currenc Group Inc. - Ordinary Shares,Q,G,N,100.0,N,N,,CURR,N
Y,CURV,Torrid Holdings Inc. Common Stock,N, ,N,100.0,N,,CURV,CURV,N
Y,CURX,Curanex Pharmaceuticals Inc - Common Stock,Q,S,N,100.0,N,D,,CURX,N
Y,CUZ,Cousins Properties Incorporated Common Stock,N, ,N,100.0,N,,CUZ,CUZ,N
Y,CV,"CapsoVision, Inc. - Common Stock",Q,S,N,100.0,N,N,,CV,N
Y,CVBF,CVB Financial Corporation - Common Stock,Q,Q,N,100.0,N,N,,CVBF,N
Y,CVCO,"Cavco Industries, Inc. - Common Stock",Q,Q,N,40.0,N,N,,CVCO,N
Y,CVE,Cenovus Energy Inc Common Stock,N, ,N,100.0,N,,CVE,CVE,N
Y,CVEO,Civeo Corporation (Canada) Common Shares,N, ,N,100.0,N,,CVEO,CVEO,N
Y,CVGI,"Commercial Vehicle Group, Inc. - Common Stock",Q,Q,N,100.0,N,N,,CVGI,N
Y,CVI,CVR Energy Inc. Common Stock,N, ,N,100.0,N,,CVI,CVI,N
Y,CVKD,"Cadrenal Therapeutics, Inc. - Common Stock",Q,S,N,100.0,N,N,,CVKD,N
Y,CVLG,"Covenant Logistics Group, Inc. Class A Common Stock",N, ,N,100.0,N,,CVLG,CVLG,N
Y,CVLT,"Commvault Systems, Inc. - Common Stock",Q,Q,N,100.0,N,N,,CVLT,N
Y,CVM,Cel-Sci Corporation Common Stock,A, ,N,100.0,N,,CVM,CVM,N
Y,CVNA,Carvana Co. Class A Common Stock,N, ,N,40.0,N,,CVNA,CVNA,N
Y,CVR,Chicago Rivet & Machine Co. Common Stock,A, ,N,100.0,N,,CVR,CVR,N
Y,CVRX,"CVRx, Inc. - Common Stock",Q,Q,N,100.0,N,N,,CVRX,N
Y,CVS,CVS Health Corporation Common Stock,N, ,N,100.0,N,,CVS,CVS,N
Y,CVSA,Covista Inc. Common Shares,N, ,N,100.0,N,,CVSA,CVSA,N
Y,CVU,"CPI Aerostructures, Inc. Common Stock",A, ,N,100.0,N,,CVU,CVU,N
Y,CVV,CVD Equipment Corporation - Common Stock,Q,S,N,100.0,N,N,,CVV,N
Y,CVX,Chevron Corporation Common Stock,N, ,N,100.0,N,,CVX,CVX,N
Y,CW,Curtiss-Wright Corporation Common Stock,N, ,N,40.0,N,,CW,CW,N
Y,CWBC,Community West Bancshares - Common Stock,Q,S,N,100.0,N,N,,CWBC,N
Y,CWCO,Consolidated Water Co. Ltd. - Ordinary Shares,Q,Q,N,100.0,N,N,,CWCO,N
Y,CWD,CaliberCos Inc. - Class A Common Stock,Q,S,N,100.0,N,N,,CWD,N
Y,CWEN,"Clearway Energy, Inc. Class C Common Stock",N, ,N,100.0,N,,CWEN,CWEN,N
Y,CWH,"Camping World Holdings, Inc. Class A Common Stock",N, ,N,100.0,N,,CWH,CWH,N
Y,CWK,Cushman & Wakefield Ltd. Common Shares,N, ,N,100.0,N,,CWK,CWK,N
Y,CWST,"Casella Waste Systems, Inc. - Class A Common Stock",Q,Q,N,100.0,N,N,,CWST,N
Y,CWT,California Water Service Group Common Stock,N, ,N,100.0,N,,CWT,CWT,N
Y,CX,"Cemex, S.A.B. de C.V. Sponsored ADR",N, ,N,100.0,N,,CX,CX,N
Y,CXAI,CXApp Inc. - Class A Common Stock,Q,S,N,100.0,N,D,,CXAI,N
Y,CXAIW,CXApp Inc. - Warrant,Q,S,N,100.0,N,N,,CXAIW,N
Y,CXDO,"Crexendo, Inc. - Common Stock",Q,S,N,100.0,N,N,,CXDO,N
Y,CXII,Churchill Capital Corp XII - Class A Ordinary Shares,Q,G,N,100.0,N,N,,CXII,N
Y,CXIIU,Churchill Capital Corp XII - Units,Q,G,N,100.0,N,N,,CXIIU,N
Y,CXM,"Sprinklr, Inc. Class A Common Stock",N, ,N,100.0,N,,CXM,CXM,N
Y,CXT,"Crane NXT, Co. Common Stock",N, ,N,100.0,N,,CXT,CXT,N
Y,CXW,"CoreCivic, Inc. Common Stock",N, ,N,100.0,N,,CXW,CXW,N
Y,CYAB,"Cyabra, Inc. - Common Stock",Q,G,N,100.0,N,D,,CYAB,N
Y,CYCN,"Cyclerion Therapeutics, Inc. - Common Stock",Q,S,N,100.0,N,N,,CYCN,N
Y,CYCU,"Cycurion, Inc. - Common Stock",Q,G,N,100.0,N,N,,CYCU,N
Y,CYCUW,"Cycurion, Inc. - Warrants",Q,S,N,100.0,N,N,,CYCUW,N
Y,CYD,China Yuchai International Limited Common Stock,N, ,N,100.0,N,,CYD,CYD,N
Y,CYH,"Community Health Systems, Inc. Common Stock",N, ,N,100.0,N,,CYH,CYH,N
Y,CYN,Cyngn Inc. - Common stock,Q,S,N,100.0,N,N,,CYN,N
Y,CYPH,Cypherpunk Technologies Inc. - Common Stock,Q,S,N,100.0,N,N,,CYPH,N
Y,CYRX,"CryoPort, Inc. - Common Stock",Q,S,N,100.0,N,N,,CYRX,N
Y,CYTK,"Cytokinetics, Incorporated - Common Stock",Q,Q,N,100.0,N,N,,CYTK,N
Y,CZFS,"Citizens Financial Services, Inc. - Common Stock",Q,S,N,100.0,N,N,,CZFS,N
Y,CZNC,Citizens & Northern Corp - Common Stock,Q,S,N,100.0,N,N,,CZNC,N
Y,CZR,"Caesars Entertainment, Inc. - Common Stock",Q,Q,N,100.0,N,N,,CZR,N
Y,CZWI,"Citizens Community Bancorp, Inc. - Common Stock",Q,G,N,100.0,N,N,,CZWI,N
Y,D,"Dominion Energy, Inc. Common Stock",N, ,N,100.0,N,,D,D,N
Y,DAAQ,Digital Asset Acquisition Corp. - Class A Ordinary shares,Q,G,N,100.0,N,N,,DAAQ,N
Y,DAAQU,Digital Asset Acquisition Corp. - Units,Q,G,N,100.0,N,N,,DAAQU,N
Y,DAAQW,Digital Asset Acquisition Corp. - Warrant,Q,G,N,100.0,N,N,,DAAQW,N
Y,DAC,Danaos Corporation Common Stock,N, ,N,100.0,N,,DAC,DAC,N
Y,DAIC,"CID HoldCo, Inc. - Common Stock",Q,G,N,100.0,N,D,,DAIC,N
Y,DAICW,"CID HoldCo, Inc. - Warrants",Q,G,N,100.0,N,D,,DAICW,N
Y,DAIO,Data I/O Corporation - Common Stock,Q,S,N,100.0,N,N,,DAIO,N
Y,DAKT,"Daktronics, Inc. - Common Stock",Q,Q,N,100.0,N,N,,DAKT,N
Y,DAL,"Delta Air Lines, Inc. Common Stock",N, ,N,100.0,N,,DAL,DAL,N
Y,DAN,Dana Incorporated Common Stock ,N, ,N,100.0,N,,DAN,DAN,N
Y,DAO,"Youdao, Inc. American Depositary Shares, each representing one Class A Ordinary Share",N, ,N,100.0,N,,DAO,DAO,N
Y,DAR,Darling Ingredients Inc. Common Stock,N, ,N,100.0,N,,DAR,DAR,N
Y,DARE,"Dare Bioscience, Inc. - Common Stock",Q,S,N,100.0,N,N,,DARE,N
Y,DASH,"DoorDash, Inc. - Common Stock",Q,Q,N,100.0,N,N,,DASH,N
Y,DAVA,Endava plc American Depositary Shares (each representing one Class A Ordinary Share),N, ,N,100.0,N,,DAVA,DAVA,N
Y,DAVE,Dave Inc.  - Class A Common Stock,Q,G,N,100.0,N,N,,DAVE,N
Y,DAVEW,Dave Inc.  - Warrants,Q,G,N,100.0,N,N,,DAVEW,N
Y,DB,Deutsche Bank AG Common Stock,N, ,N,100.0,N,,DB,DB,N
Y,DBCA,D. Boral Acquisition I Corp. - Class A Ordinary Shares,Q,G,N,100.0,N,N,,DBCA,N
Y,DBCAU,D. Boral Acquisition I Corp. - Unit,Q,G,N,100.0,N,N,,DBCAU,N
Y,DBD,Diebold Nixdorf Incorporated Common stock,N, ,N,100.0,N,,DBD,DBD,N
Y,DBGI,"Digital Brands Group, Inc. - Common Stock",Q,S,N,100.0,N,N,,DBGI,N
Y,DBI,Designer Brands Inc. Class A Common Stock,N, ,N,100.0,N,,DBI,DBI,N
Y,DBL,DoubleLine Opportunistic Credit Fund Common Shares of Beneficial Interest,N, ,N,100.0,N,,DBL,DBL,N
Y,DBRG,"DigitalBridge Group, Inc.",N, ,N,100.0,N,,DBRG,DBRG,N
Y,DBVT,DBV Technologies S.A. - American Depositary Shares,Q,S,N,100.0,N,N,,DBVT,N
Y,DBX,"Dropbox, Inc. - Class A Common Stock",Q,Q,N,100.0,N,N,,DBX,N
Y,DC,Dakota Gold Corp. Common Stock,A, ,N,100.0,N,,DC,DC,N
Y,DCBG,"Dime Commercial Bancshares, Inc. 9.000% Junior Subordinated Notes",N, ,N,100.0,N,,DCBG,DCBG,N
Y,DCBO,Docebo Inc. - Common Shares,Q,Q,N,100.0,N,N,,DCBO,N
Y,DCGO,DocGo Inc. - Common Stock,Q,S,N,100.0,N,D,,DCGO,N
Y,DCH,Dauch Corporation Common Stock,N, ,N,100.0,N,,DCH,DCH,N
Y,DCI,"Donaldson Company, Inc. Common Stock",N, ,N,100.0,N,,DCI,DCI,N
Y,DCO,Ducommun Incorporated Common Stock,N, ,N,100.0,N,,DCO,DCO,N
Y,DCOM,"Dime Commercial Bancshares, Inc. Common Stock",N, ,N,100.0,N,,DCOM,DCOM,N
Y,DCOY,Decoy Therapeutics Inc. - Common Stock,Q,S,N,100.0,N,N,,DCOY,N
Y,DCTH,"Delcath Systems, Inc. - Common Stock",Q,S,N,100.0,N,N,,DCTH,N
Y,DCX,Digital Currency X Technology Inc. - Class A Ordinary Shares,Q,S,N,100.0,N,N,,DCX,N
Y,DD,"DuPont de Nemours, Inc. Common Stock",N, ,N,100.0,N,,DD,DD,N
Y,DDC,DDC Enterprise Limited Class A Ordinary Shares,A, ,N,100.0,N,,DDC,DDC,N
Y,DDD,3D Systems Corporation Common Stock,N, ,N,100.0,N,,DDD,DDD,N
Y,DDI,"DoubleDown Interactive Co., Ltd. - American Depository Shares",Q,Q,N,100.0,N,N,,DDI,N
Y,DDL,Dingdong (Cayman) Limited American Depositary Shares (each two representing three Ordinary Shares),N, ,N,100.0,N,,DDL,DDL,N
Y,DDOG,"Datadog, Inc. - Class A Common Stock",Q,Q,N,100.0,N,N,,DDOG,N
Y,DDS,"Dillard's, Inc. Common Stock",N, ,N,40.0,N,,DDS,DDS,N
Y,DDT,Dillard's Capital Trust I,N, ,N,100.0,N,,DDT,DDT,N
Y,DE,Deere & Company Common Stock,N, ,N,40.0,N,,DE,DE,N
Y,DEA,"Easterly Government Properties, Inc. Common Stock",N, ,N,100.0,N,,DEA,DEA,N
Y,DEC,Diversified Energy Company Common Stock,N, ,N,100.0,N,,DEC,DEC,N
Y,DECK,Deckers Outdoor Corporation Common Stock,N, ,N,100.0,N,,DECK,DECK,N
Y,DEFT,"Defi Technologies, Inc. - Common Stock",Q,S,N,100.0,N,D,,DEFT,N
Y,DEI,"Douglas Emmett, Inc. Common Stock",N, ,N,100.0,N,,DEI,DEI,N
Y,DELL,Dell Technologies Inc. Class C Common Stock ,N, ,N,100.0,N,,DELL,DELL,N
Y,DEO,Diageo plc Common Stock,N, ,N,100.0,N,,DEO,DEO,N
Y,DERM,Journey Medical Corporation - Common Stock,Q,S,N,100.0,N,N,,DERM,N
Y,DETX,"Liberty Defense Holdings, Ltd. - Common Shares",Q,S,N,100.0,N,N,,DETX,N
Y,DFDV,DeFi Development Corp. - Common Stock,Q,S,N,100.0,N,N,,DFDV,N
Y,DFDVW,DeFi Development Corp. - Warrant,Q,S,N,100.0,N,N,,DFDVW,N
Y,DFH,"Dream Finders Homes, Inc. Class A Common Stock",N, ,N,100.0,N,,DFH,DFH,N
Y,DFIN,"Donnelley Financial Solutions, Inc. Common Stock ",N, ,N,100.0,N,,DFIN,DFIN,N
Y,DFLI,Dragonfly Energy Holdings Corp - Common Stock,Q,S,N,100.0,N,N,,DFLI,N
Y,DFLIW,Dragonfly Energy Holdings Corp - Warrant,Q,S,N,100.0,N,N,,DFLIW,N
Y,DFNS,T3 Defense Inc. - Common Stock,Q,G,N,100.0,N,D,,DFNS,N
Y,DFP,Flaherty & Crumrine Dynamic Preferred and Income Fund Inc. Common Stock,N, ,N,100.0,N,,DFP,DFP,N
Y,DFSC,"DEFSEC Technologies Inc. - common stock, no R/S concurrent with offering",Q,S,N,100.0,N,N,,DFSC,N
Y,DFSCW,DEFSEC Technologies Inc. - warrant,Q,S,N,100.0,N,N,,DFSCW,N
Y,DFTX,"Definium Therapeutics, Inc.  - Common Shares",Q,Q,N,100.0,N,N,,DFTX,N
Y,DG,Dollar General Corporation Common Stock,N, ,N,100.0,N,,DG,DG,N
Y,DGICA,"Donegal Group, Inc. - Class A Common Stock",Q,Q,N,100.0,N,N,,DGICA,N
Y,DGICB,"Donegal Group, Inc. - Class B Common Stock",Q,Q,N,100.0,N,N,,DGICB,N
Y,DGII,Digi International Inc. - Common Stock,Q,Q,N,100.0,N,N,,DGII,N
Y,DGNX,Diginex Limited - Ordinary Shares,Q,S,N,100.0,N,D,,DGNX,N
Y,DGP,"DB Gold Double Long ETN due February 15, 2038",P, ,N,100.0,N,,DGP,DGP,N
Y,DGX,Quest Diagnostics Incorporated Common Stock,N, ,N,100.0,N,,DGX,DGX,N
Y,DGXX,Digi Power X Inc. - Common Subordinate Voting Shares,Q,S,N,100.0,N,N,,DGXX,N
Y,DGZ,"DB Gold Short ETN due February 15, 2038",P, ,N,100.0,N,,DGZ,DGZ,N
Y,DH,Definitive Healthcare Corp. - Class A Common Stock,Q,Q,N,100.0,N,D,,DH,N
Y,DHC,Diversified Healthcare Trust  - Common Shares of Beneficial Interest,Q,Q,N,100.0,N,N,,DHC,N
Y,DHCNI,Diversified Healthcare Trust  - 5.625% Senior Notes due 2042,Q,Q,N,100.0,N,N,,DHCNI,N
Y,DHCNL,Diversified Healthcare Trust  - 6.25% Senior Notes Due 2046,Q,Q,N,100.0,N,N,,DHCNL,N
Y,DHF,BNY Mellon High Yield Strategies Fund Common Stock,N, ,N,100.0,N,,DHF,DHF,N
Y,DHI,"D.R. Horton, Inc. Common Stock",N, ,N,100.0,N,,DHI,DHI,N
Y,DHR,Danaher Corporation Common Stock,N, ,N,100.0,N,,DHR,DHR,N
Y,DHT,"DHT Holdings, Inc.",N, ,N,100.0,N,,DHT,DHT,N
Y,DHX,"DHI Group, Inc. Common Stock",N, ,N,100.0,N,,DHX,DHX,N
Y,DHY,Credit Suisse High Yield Credit Fund Common Stock,A, ,N,100.0,N,,DHY,DHY,N
Y,DIBS,"1stdibs.com, Inc. - Common Stock",Q,G,N,100.0,N,N,,DIBS,N
Y,DIN,"Dine Brands Global, Inc. Common Stock",N, ,N,100.0,N,,DIN,DIN,N
Y,DINO,HF Sinclair Corporation Common Stock,N, ,N,100.0,N,,DINO,DINO,N
Y,DIOD,Diodes Incorporated - Common Stock,Q,Q,N,100.0,N,N,,DIOD,N
Y,DIS,Walt Disney Company (The) Common Stock,N, ,N,100.0,N,,DIS,DIS,N
Y,DIT,AMCON Distributing Company Common Stock,A, ,N,100.0,N,,DIT,DIT,N
Y,DJCO,Daily Journal Corp. (S.C.) - Common Stock,Q,S,N,40.0,N,N,,DJCO,N
Y,DJP,iPath Bloomberg Commodity Index Total Return ETN,P, ,N,100.0,N,,DJP,DJP,N
Y,DJT,Trump Media & Technology Group Corp. - Common Stock,Q,G,N,100.0,N,N,,DJT,N
Y,DJTWW,Trump Media & Technology Group Corp. - Warrants,Q,G,N,100.0,N,N,,DJTWW,N
Y,DK,"Delek US Holdings, Inc. Common Stock",N, ,N,100.0,N,,DK,DK,N
Y,DKI,DarkIris Inc. - Class A Ordinary Shares,Q,S,N,100.0,N,N,,DKI,N
Y,DKL,"Delek Logistics Partners, L.P. Common Units representing Limited Partner Interests",N, ,N,100.0,N,,DKL,DKL,N
Y,DKNG,DraftKings Inc. - Class A Common Stock,Q,Q,N,100.0,N,N,,DKNG,N
Y,DKS,Dick's Sporting Goods Inc Common Stock,N, ,N,100.0,N,,DKS,DKS,N
Y,DLB,Dolby Laboratories Common Stock,N, ,N,100.0,N,,DLB,DLB,N
Y,DLHC,DLH Holdings Corp. - Common Stock,Q,S,N,100.0,N,N,,DLHC,N
Y,DLNG,Dynagas LNG Partners LP Common Units,N, ,N,100.0,N,,DLNG,DLNG,N
Y,DLO,DLocal Limited - Class A Common Shares,Q,Q,N,100.0,N,N,,DLO,N
Y,DLPN,"Dolphin Entertainment, Inc. - Common Stock",Q,S,N,100.0,N,N,,DLPN,N
Y,DLR,"Digital Realty Trust, Inc. Common Stock",N, ,N,100.0,N,,DLR,DLR,N
Y,DLTH,Duluth Holdings Inc. - Class B Common Stock,Q,Q,N,100.0,N,N,,DLTH,N
Y,DLTR,"Dollar Tree, Inc. - Common Stock",Q,Q,N,100.0,N,N,,DLTR,N
Y,DLX,Deluxe Corporation Common Stock,N, ,N,100.0,N,,DLX,DLX,N
Y,DLXY,Delixy Holdings Limited - Class A Ordinary Shares,Q,S,N,100.0,N,D,,DLXY,N
Y,DLY,DoubleLine Yield Opportunities Fund Common Shares of Beneficial Interest,N, ,N,100.0,N,,DLY,DLY,N
Y,DMA,Destra Multi-Alternative Fund Common Stock,N, ,N,100.0,N,,DMA,DMA,N
Y,DMAA,Drugs Made In America Acquisition Corp. - Ordinary Shares,Q,G,N,100.0,N,N,,DMAA,N
Y,DMAAU,Drugs Made In America Acquisition Corp. - Units,Q,G,N,100.0,N,N,,DMAAU,N
Y,DMAC,DiaMedica Therapeutics Inc. - Common Stock,Q,S,N,100.0,N,N,,DMAC,N
Y,DMB,"BNY Mellon Municipal Bond Infrastructure Fund, Inc. Common Stock",N, ,N,100.0,N,,DMB,DMB,N
Y,DMC,Del Monte Corporation Ordinary Shares,N, ,N,100.0,N,,DMC,DMC,N
Y,DMII,Drugs Made In America Acquisition II Corp. - Ordinary Shares,Q,G,N,100.0,N,N,,DMII,N
Y,DMIIU,Drugs Made In America Acquisition II Corp. - Unit,Q,G,N,100.0,N,N,,DMIIU,N
Y,DMLP,"Dorchester Minerals, L.P. - Common Units Representing Limited Partnership Interests",Q,Q,N,100.0,N,N,,DMLP,N
Y,DMO,Western Asset Mortgage Opportunity Fund Inc. Common Stock,N, ,N,100.0,N,,DMO,DMO,N
Y,DMRA,"Damora Therapeutics, Inc. - Common Stock",Q,S,N,100.0,N,N,,DMRA,N
Y,DMRC,Digimarc Corporation - Common Stock,Q,Q,N,100.0,N,N,,DMRC,N
Y,DNA,"Ginkgo Bioworks Holdings, Inc. Class A Common Stock",N, ,N,100.0,N,,DNA,DNA,N
Y,DNLI,Denali Therapeutics Inc. - Common Stock,Q,Q,N,100.0,N,N,,DNLI,N
Y,DNMX,Dynamix Corporation III - Class A Ordinary Shares,Q,G,N,100.0,N,N,,DNMX,N
Y,DNMXU,Dynamix Corporation III - Unit,Q,G,N,100.0,N,N,,DNMXU,N
Y,DNMXW,Dynamix Corporation III - Warrants,Q,G,N,100.0,N,N,,DNMXW,N
Y,DNN,Denison Mines Corp Ordinary Shares (Canada),A, ,N,100.0,N,,DNN,DNN,N
Y,DNOW,DNOW Inc. Common Stock,N, ,N,100.0,N,,DNOW,DNOW,N
Y,DNP,"DNP Select Income Fund, Inc. Common Stock",N, ,N,100.0,N,,DNP,DNP,N
Y,DNTH,"Dianthus Therapeutics, Inc. - Common Stock",Q,S,N,100.0,N,N,,DNTH,N
Y,DNUT,"Krispy Kreme, Inc. - Common Stock",Q,Q,N,100.0,N,N,,DNUT,N
Y,DOC,"Healthpeak Properties, Inc. Common Stock",N, ,N,100.0,N,,DOC,DOC,N
Y,DOCN,"DigitalOcean Holdings, Inc. Common Stock",N, ,N,100.0,N,,DOCN,DOCN,N
Y,DOCS,"Doximity, Inc. Class A Common Stock",N, ,N,100.0,N,,DOCS,DOCS,N
Y,DOCU,"DocuSign, Inc. - Common Stock",Q,Q,N,100.0,N,N,,DOCU,N
Y,DOGZ,Dogness (International) Corporation - Class A Common Stock,Q,S,N,100.0,N,N,,DOGZ,N
Y,DOLE,Dole plc Ordinary Shares,N, ,N,100.0,N,,DOLE,DOLE,N
Y,DOMH,Dominari Holdings Inc. - Common Stock,Q,S,N,100.0,N,N,,DOMH,N
Y,DOMO,"Domo, Inc. - Class B Common Stock",Q,G,N,100.0,N,N,,DOMO,N
Y,DOO,BRP Inc. - Common Subordinate Voting Shares,Q,Q,N,100.0,N,N,,DOO,N
Y,DORM,"Dorman Products, Inc. - Common Stock",Q,Q,N,100.0,N,N,,DORM,N
Y,DOUG,Douglas Elliman Inc. Common Stock,N, ,N,100.0,N,,DOUG,DOUG,N
Y,DOV,Dover Corporation Common Stock,N, ,N,100.0,N,,DOV,DOV,N
Y,DOW,Dow Inc. Common Stock ,N, ,N,100.0,N,,DOW,DOW,N
Y,DOX,Amdocs Limited - Ordinary Shares,Q,Q,N,100.0,N,N,,DOX,N
Y,DOYU,DouYu International Holdings Limited - American Depositary Shares,Q,Q,N,100.0,N,N,,DOYU,N
Y,DPC,DPC Holdings PLC Ordinary Shares,N, ,N,100.0,N,,DPC,DPC,N
Y,DPG,Duff & Phelps Utility and Infrastructure Fund Inc.,N, ,N,100.0,N,,DPG,DPG,N
Y,DPRO,Draganfly Inc. - Common Shares,Q,S,N,100.0,N,N,,DPRO,N
Y,DPZ,Domino's Pizza Inc - Common Stock,Q,Q,N,40.0,N,N,,DPZ,N
Y,DQ,"DAQO New Energy Corp. American Depositary Shares, each representing five ordinary shares",N, ,N,100.0,N,,DQ,DQ,N
Y,DRCT,"Direct Digital Holdings, Inc. - Class A Common Stock",Q,S,N,100.0,N,D,,DRCT,N
Y,DRD,DRDGOLD Limited American Depositary Shares,N, ,N,100.0,N,,DRD,DRD,N
Y,DRDB,Roman DBDR Acquisition Corp. II - Ordinary shares,Q,G,N,100.0,N,N,,DRDB,N
Y,DRDBU,Roman DBDR Acquisition Corp. II - Unit,Q,G,N,100.0,N,N,,DRDBU,N
Y,DRDBW,Roman DBDR Acquisition Corp. II - Warrants,Q,G,N,100.0,N,N,,DRDBW,N
Y,DRH,Diamondrock Hospitality Company - Common Stock,Q,Q,N,100.0,N,N,,DRH,N
Y,DRI,"Darden Restaurants, Inc. Common Stock",N, ,N,100.0,N,,DRI,DRI,N
Y,DRIO,DarioHealth Corp. - Common Stock,Q,S,N,100.0,N,N,,DRIO,N
Y,DRMA,"Dermata Therapeutics, Inc. - Common Stock",Q,S,N,100.0,N,N,,DRMA,N
Y,DRMAW,"Dermata Therapeutics, Inc. - Warrant",Q,S,N,100.0,N,N,,DRMAW,N
Y,DRS,"Leonardo DRS, Inc. - Common Stock",Q,Q,N,100.0,N,N,,DRS,N
Y,DRTS,Alpha Tau Medical Ltd. - Ordinary Shares,Q,S,N,100.0,N,N,,DRTS,N
Y,DRTSW,Alpha Tau Medical Ltd. - Warrant,Q,S,N,100.0,N,N,,DRTSW,N
Y,DRUG,Bright Minds Biosciences Inc. - common stock,Q,S,N,100.0,N,N,,DRUG,N
Y,DRVN,Driven Brands Holdings Inc. - Common Stock,Q,Q,N,100.0,N,N,,DRVN,N
Y,DSAC,Daedalus Special Acquisition Corp. - Class A Ordinary Shares,Q,G,N,100.0,N,N,,DSAC,N
Y,DSACU,Daedalus Special Acquisition Corp. - Unit,Q,G,N,100.0,N,N,,DSACU,N
Y,DSC,DSC Holdings Ltd. - American Depositary Shares,Q,G,N,100.0,N,N,,DSC,N
Y,DSGN,"Design Therapeutics, Inc. - Common Stock",Q,Q,N,100.0,N,N,,DSGN,N
Y,DSGR,"Distribution Solutions Group, Inc. - Common Stock",Q,Q,N,100.0,N,N,,DSGR,N
Y,DSGX,The Descartes Systems Group Inc. - Common Stock,Q,Q,N,100.0,N,N,,DSGX,N
Y,DSL,DoubleLine Income Solutions Fund Common Shares of Beneficial Interests,N, ,N,100.0,N,,DSL,DSL,N
Y,DSM,"BNY Mellon Strategic Municipal Bond Fund, Inc. Common Stock",N, ,N,100.0,N,,DSM,DSM,N
Y,DSP,Viant Technology Inc. - common stock,Q,Q,N,100.0,N,N,,DSP,N
Y,DSS,"DSS, Inc. Common Stock",A, ,N,100.0,N,,DSS,DSS,N
Y,DSU,"Blackrock Debt Strategies Fund, Inc. Common Stock",N, ,N,100.0,N,,DSU,DSU,N
Y,DSWL,"Deswell Industries, Inc. - Common Shares",Q,G,N,100.0,N,N,,DSWL,N
Y,DSX,Diana Shipping inc. common stock,N, ,N,100.0,N,,DSX,DSX,N
Y,DSY,Big Tree Cloud Holdings Limited - Class A Ordinary Shares,Q,S,N,100.0,N,N,,DSY,N
Y,DSYWW,Big Tree Cloud Holdings Limited - Warrants,Q,S,N,100.0,N,N,,DSYWW,N
Y,DT,"Dynatrace, Inc. Common Stock",N, ,N,100.0,N,,DT,DT,N
Y,DTB,DTE Energy Company 2020 Series G 4.375% Junior Subordinated Debentures due 2080,N, ,N,100.0,N,,DTB,DTB,N
Y,DTCX,"Datacentrex, Inc. - Common Stock",Q,S,N,100.0,N,N,,DTCX,N
Y,DTE,DTE Energy Company Common Stock,N, ,N,100.0,N,,DTE,DTE,N
Y,DTF,DTF Tax-Free Income 2028 Term Fund Inc. Common Stock,N, ,N,100.0,N,,DTF,DTF,N
Y,DTG,DTE Energy Company 2021 Series E 4.375% Junior Subordinated Debentures,N, ,N,100.0,N,,DTG,DTG,N
Y,DTI,Drilling Tools International Corporation  - Common Stock,Q,S,N,100.0,N,N,,DTI,N
Y,DTIL,"Precision BioSciences, Inc. - Common Stock",Q,S,N,100.0,N,N,,DTIL,N
Y,DTK,DTE Energy Company 2025 Series H 6.25% Junior Subordinated Debentures due 2085,N, ,N,100.0,N,,DTK,DTK,N
Y,DTM,"DT Midstream, Inc. Common Stock ",N, ,N,100.0,N,,DTM,DTM,N
Y,DTSQ,DT Cloud Star Acquisition Corporation - Ordinary Shares,Q,G,N,100.0,N,D,,DTSQ,N
Y,DTSQU,DT Cloud Star Acquisition Corporation - Units,Q,G,N,100.0,N,D,,DTSQU,N
Y,DTSS,Datasea Intelligent Technology Ltd. - Class A Ordinary Shares,Q,S,N,100.0,N,D,,DTSS,N
Y,DTST,Data Storage Corporation - Common Stock,Q,S,N,100.0,N,N,,DTST,N
Y,DTW,DTE Energy Company 2017 Series E 5.25% Junior Subordinated Debentures due 2077,N, ,N,100.0,N,,DTW,DTW,N
Y,DUK,Duke Energy Corporation (Holding Company) Common Stock,N, ,N,100.0,N,,DUK,DUK,N
Y,DUKB,Duke Energy Corporation 5.625% Junior Subordinated Debentures due 2078,N, ,N,100.0,N,,DUKB,DUKB,N
Y,DUKR,DUKE Robotics Corp. - Common Stock,Q,S,N,100.0,N,N,,DUKR,N
Y,DUKRW,DUKE Robotics Corp. - Warrant,Q,S,N,100.0,N,N,,DUKRW,N
Y,DUO,Fangdd Network Group Ltd. - Class A Ordinary Shares,Q,S,N,100.0,N,N,,DUO,N
Y,DUOL,"Duolingo, Inc. - Class A Common Stock",Q,Q,N,100.0,N,N,,DUOL,N
Y,DUOT,"Duos Technologies Group, Inc. - Common Stock",Q,S,N,100.0,N,N,,DUOT,N
Y,DV,"DoubleVerify Holdings, Inc. Common Stock",N, ,N,100.0,N,,DV,DV,N
Y,DVA,DaVita Inc. Common Stock,N, ,N,100.0,N,,DVA,DVA,N
Y,DVLT,Datavault AI Inc. - Common Stock,Q,S,N,100.0,N,D,,DVLT,N
Y,DVN,Devon Energy Corporation Common Stock,N, ,N,100.0,N,,DVN,DVN,N
Y,DWSN,Dawson Geophysical Company - Common Stock,Q,Q,N,100.0,N,N,,DWSN,N
Y,DWTX,"Dogwood Therapeutics, Inc.  - Common Stock",Q,S,N,100.0,N,N,,DWTX,N
Y,DX,"Dynex Capital, Inc. Common Stock",N, ,N,100.0,N,,DX,DX,N
Y,DXC,DXC Technology Company Common Stock ,N, ,N,100.0,N,,DXC,DXC,N
Y,DXCM,"DexCom, Inc. - Common Stock",Q,Q,N,100.0,N,N,,DXCM,N
Y,DXF,"Eason Technology Limited American Depositary Shares (each representing sixty-thousand (60,000) Ordinary Shares)",A, ,N,100.0,N,,DXF,DXF,N
Y,DXLG,"Destination XL Group, Inc. - Common Stock",Q,G,N,100.0,N,D,,DXLG,N
Y,DXPE,"DXP Enterprises, Inc. - Common Stock",Q,Q,N,100.0,N,N,,DXPE,N
Y,DXR,Daxor Corporation - Closed End Fund,Q,S,N,100.0,N,N,,DXR,N
Y,DXST,Decent Holding Inc. - Class A Ordinary Shares,Q,S,N,100.0,N,N,,DXST,N
Y,DXYZ,Destiny Tech100 Inc. Common Stock,N, ,N,100.0,N,,DXYZ,DXYZ,N
Y,DY,"Dycom Industries, Inc. Common Stock",N, ,N,40.0,N,,DY,DY,N
Y,DYAI,"Dyadic International, Inc. - Common Stock",Q,S,N,100.0,N,D,,DYAI,N
Y,DYN,"Dyne Therapeutics, Inc. - Common Stock",Q,Q,N,100.0,N,N,,DYN,N
Y,DYNC,Dynamix Corporation - Class A Ordinary Share,Q,G,N,100.0,N,N,,DYNC,N
Y,DYNCU,Dynamix Corporation - Unit,Q,G,N,100.0,N,N,,DYNCU,N
Y,DYOR,Insight Digital Partners II - Class A Ordinary Shares,Q,G,N,100.0,N,N,,DYOR,N
Y,DYORU,Insight Digital Partners II - Units,Q,G,N,100.0,N,N,,DYORU,N
Y,DYORW,Insight Digital Partners II - Warrants,Q,G,N,100.0,N,N,,DYORW,N
Y,DZZ,"DB Gold Double Short ETN due February 15, 2038",P, ,N,100.0,N,,DZZ,DZZ,N
Y,E,ENI S.p.A. Common Stock,N, ,N,100.0,N,,E,E,N
Y,EA,Electronic Arts Inc. - Common Stock,Q,Q,N,100.0,N,N,,EA,N
Y,EAD,Allspring Income Opportunities Fund Common Shares,A, ,N,100.0,N,,EAD,EAD,N
Y,EAF,GrafTech International Ltd. Common Stock,N, ,N,100.0,N,,EAF,EAF,N
Y,EAI,"Entergy Arkansas, LLC First Mortgage Bonds, 4.875% Series Due September 1, 2066",N, ,N,100.0,N,,EAI,EAI,N
Y,EARN,Ellington Credit Company Common Shares of Beneficial Interest,N, ,N,100.0,N,,EARN,EARN,N
Y,EAT,"Brinker International, Inc. Common Stock",N, ,N,100.0,N,,EAT,EAT,N
Y,EBAY,eBay Inc. - Common Stock,Q,Q,N,100.0,N,N,,EBAY,N
Y,EBC,"Eastern Bankshares, Inc. - Common Stock",Q,Q,N,100.0,N,N,,EBC,N
Y,EBF,"Ennis, Inc. Common Stock",N, ,N,100.0,N,,EBF,EBF,N
Y,EBMT,"Eagle Bancorp Montana, Inc. - Common Stock",Q,G,N,100.0,N,N,,EBMT,N
Y,EBON,Ebang International Holdings Inc. - Class A Ordinary Shares,Q,Q,N,100.0,N,N,,EBON,N
Y,EBS,Emergent BioSolutions Inc. Common Stock,N, ,N,100.0,N,,EBS,EBS,N
Y,EC,Ecopetrol S.A. American Depositary Shares,N, ,N,100.0,N,,EC,EC,N
Y,ECAT,BlackRock ESG Capital Allocation Term Trust Common Shares of Beneficial Interest,N, ,N,100.0,N,,ECAT,ECAT,N
Y,ECBK,"ECB Bancorp, Inc. - Common Stock",Q,S,N,100.0,N,N,,ECBK,N
Y,ECC,Eagle Point Credit Company Common Share of Beneficial Interest,N, ,N,100.0,N,,ECC,ECC,N
Y,ECCC,Eagle Point Credit Company 6.50% Series C Term Preferred Stock due 2031,N, ,N,100.0,N,,ECCC,ECCC,N
Y,ECCU,Eagle Point Credit Company 7.75% Notes due 2030,N, ,N,100.0,N,,ECCU,ECCU,N
Y,ECCV,Eagle Point Credit Company 5.375% Notes due 2029,N, ,N,100.0,N,,ECCV,ECCV,N
Y,ECF,Ellsworth Growth and Income Fund Ltd.,A, ,N,100.0,N,,ECF,ECF,N
Y,ECG,"Everus Construction Group, Inc. Common Stock",N, ,N,100.0,N,,ECG,ECG,N
Y,ECHO,EchoStar Corporation - Common stock,Q,Q,N,100.0,N,N,,ECHO,N
Y,ECL,Ecolab Inc. Common Stock,N, ,N,40.0,N,,ECL,ECL,N
Y,ECO,Okeanis Eco Tankers Corp. Common Stock,N, ,N,100.0,N,,ECO,ECO,N
Y,ECOR,"electroCore, Inc. - Common Stock",Q,S,N,100.0,N,N,,ECOR,N
Y,ECPG,Encore Capital Group Inc - Common Stock,Q,Q,N,100.0,N,N,,ECPG,N
Y,ECVT,Ecovyst Inc. Common Stock,N, ,N,100.0,N,,ECVT,ECVT,N
Y,ECX,ECARX Holdings Inc. - Class A Ordinary shares,Q,G,N,100.0,N,N,,ECX,N
Y,ECXWW,ECARX Holdings Inc. - Warrants,Q,S,N,100.0,N,N,,ECXWW,N
Y,ED,"Consolidated Edison, Inc. Common Stock",N, ,N,100.0,N,,ED,ED,N
Y,EDBL,Edible Garden AG Incorporated - Common Stock,Q,S,N,100.0,N,D,,EDBL,N
Y,EDBLW,Edible Garden AG Incorporated - Warrant,Q,S,N,100.0,N,N,,EDBLW,N
Y,EDD,"Morgan Stanley Emerging Markets Domestic Debt Fund, Inc. Common Stock",N, ,N,100.0,N,,EDD,EDD,N
Y,EDF,Virtus Stone Harbor Emerging Markets Income Fund Common Shares of Beneficial Interest,N, ,N,100.0,N,,EDF,EDF,N
Y,EDHL,Everbright Digital Holding Limited - Ordinary Shares,Q,S,N,100.0,N,N,,EDHL,N
Y,EDIT,"Editas Medicine, Inc. - Common Stock",Q,Q,N,100.0,N,N,,EDIT,N
Y,EDN,Empresa Distribuidora Y Comercializadora Norte S.A. (Edenor) American Depositary Shares,N, ,N,100.0,N,,EDN,EDN,N
Y,EDRY,EuroDry Ltd. - Common Shares,Q,S,N,100.0,N,N,,EDRY,N
Y,EDSA,"Edesa Biotech, Inc. - Common Shares",Q,S,N,100.0,N,N,,EDSA,N
Y,EDTK,Skillful Craftsman Education Technology Limited - Ordinary Share,Q,S,N,100.0,N,N,,EDTK,N
Y,EDU,"New Oriental Education & Technology Group, Inc. Sponsored ADR representing 10 Ordinary Share (Cayman Islands)",N, ,N,100.0,N,,EDU,EDU,N
Y,EDUC,Educational Development Corporation - Common Stock,Q,G,N,100.0,N,N,,EDUC,N
Y,EE,"Excelerate Energy, Inc. Class A Common Stock",N, ,N,100.0,N,,EE,EE,N
Y,EEA,"The European Equity Fund, Inc. Common Stock",N, ,N,100.0,N,,EEA,EEA,N
Y,EEFT,"Euronet Worldwide, Inc. - Common Stock",Q,Q,N,100.0,N,N,,EEFT,N
Y,EEIQ,EpicQuest Education Group International Limited - Common Stock,Q,S,N,100.0,N,N,,EEIQ,N
Y,EEX,"Emerald Holding, Inc. Common Stock",N, ,N,100.0,N,,EEX,EEX,N
Y,EFC,Ellington Financial Inc. Common Stock ,N, ,N,100.0,N,,EFC,EFC,N
Y,EFOI,"Energy Focus, Inc. - Common Stock",Q,S,N,100.0,N,N,,EFOI,N
Y,EFOR,"Everforth, Inc. Common Stock",N, ,N,100.0,N,,EFOR,EFOR,N
Y,EFR,Eaton Vance Senior Floating-Rate Fund Common Shares of Beneficial Interest,N, ,N,100.0,N,,EFR,EFR,N
Y,EFSC,Enterprise Financial Services Corporation - Common Stock,Q,Q,N,100.0,N,N,,EFSC,N
Y,EFSCP,"Enterprise Financial Services Corporation - Depositary Shares Each Representing a 1/40th Interest in a Share of 5% Fixed Rate Non-Cumulative Perpetual Preferred Stock, Series A",Q,Q,N,100.0,N,N,,EFSCP,N
Y,EFSI,Eagle Financial Services Inc - Common Stock,Q,S,N,100.0,N,N,,EFSI,N
Y,EFT,Eaton Vance Floating Rate Income Trust Common Shares of Beneficial Interest,N, ,N,100.0,N,,EFT,EFT,N
Y,EFTY,"Etoiles Capital Group Co., Ltd. - Class A Ordinary Shares",Q,S,N,100.0,N,N,,EFTY,N
Y,EFX,"Equifax, Inc. Common Stock",N, ,N,100.0,N,,EFX,EFX,N
Y,EFXT,Enerflex Ltd Common Shares,N, ,N,100.0,N,,EFXT,EFXT,N
Y,EG,"Everest Group, Ltd. Common Stock",N, ,N,40.0,N,,EG,EG,N
Y,EGAN,eGain Corporation - Common Stock,Q,S,N,100.0,N,N,,EGAN,N
Y,EGBN,"Eagle Bancorp, Inc. - Common Stock",Q,S,N,100.0,N,N,,EGBN,N
Y,EGG,Enigmatig Limited Class A Ordinary Shares,A, ,N,100.0,N,,EGG,EGG,N
Y,EGHA,EGH Acquisition Corp. - Class A ordinary shares,Q,G,N,100.0,N,N,,EGHA,N
Y,EGHAU,EGH Acquisition Corp. - Unit,Q,G,N,100.0,N,N,,EGHAU,N
Y,EGHT,8x8 Inc - Common stock,Q,Q,N,100.0,N,N,,EGHT,N
Y,EGO,Eldorado Gold Corporation Ordinary Shares,N, ,N,100.0,N,,EGO,EGO,N
Y,EGP,"EastGroup Properties, Inc. Common Stock",N, ,N,100.0,N,,EGP,EGP,N
Y,EGY,"VAALCO Energy, Inc.  Common Stock",N, ,N,100.0,N,,EGY,EGY,N
Y,EH,EHang Holdings Limited - ADS,Q,G,N,100.0,N,N,,EH,N
Y,EHC,Encompass Health Corporation Common Stock,N, ,N,100.0,N,,EHC,EHC,N
Y,EHGO,Eshallgo Inc. - Class A Ordinary Shares,Q,S,N,100.0,N,N,,EHGO,N
Y,EHI,Western Asset Global High Income Fund Inc Common Stock,N, ,N,100.0,N,,EHI,EHI,N
Y,EHLD,Euroholdings Ltd. - Common Stock,Q,S,N,100.0,N,N,,EHLD,N
Y,EHTH,"eHealth, Inc. - Common Stock",Q,Q,N,100.0,N,N,,EHTH,N
Y,EIC,Eagle Point Income Company Inc. Common Stock,N, ,N,100.0,N,,EIC,EIC,N
Y,EICA,Eagle Point Income Company Inc. 5.00% Series A Term Preferred Stock due 2026,N, ,N,100.0,N,,EICA,EICA,N
Y,EIG,Employers Holdings Inc Common Stock,N, ,N,100.0,N,,EIG,EIG,N
Y,EIIA,Eagle Point Institutional Income Fund 8.125% Series A Term Preferred Shares Due 2029,N, ,N,100.0,N,,EIIA,EIIA,N
Y,EIKN,"Eikon Therapeutics, Inc. - Common Stock",Q,Q,N,100.0,N,N,,EIKN,N
Y,EIM,"Eaton Vance Municipal Bond Fund Common Shares of Beneficial Interest, $.01 par value",A, ,N,100.0,N,,EIM,EIM,N
Y,EIX,Edison International Common Stock,N, ,N,100.0,N,,EIX,EIX,N
Y,EJH,E-Home Household Service Holdings Limited - Ordinary shares,Q,S,N,100.0,N,D,,EJH,N
Y,EL,"Estee Lauder Companies, Inc. (The) Common Stock",N, ,N,100.0,N,,EL,EL,N
Y,ELA,Envela Corporation Common Stock,A, ,N,100.0,N,,ELA,ELA,N
Y,ELAB,PMGC Holdings Inc. - Common Stock,Q,S,N,100.0,N,N,,ELAB,N
Y,ELAN,Elanco Animal Health Incorporated Common Stock,N, ,N,100.0,N,,ELAN,ELAN,N
Y,ELBM,Electra Battery Materials Corporation - Common Stock,Q,S,N,100.0,N,D,,ELBM,N
Y,ELC,"Entergy Louisiana, Inc. Collateral Trust Mortgage Bonds, 4.875 % Series due September 1, 2066",N, ,N,100.0,N,,ELC,ELC,N
Y,ELDN,"Eledon Pharmaceuticals, Inc. - Common Stock",Q,S,N,100.0,N,N,,ELDN,N
Y,ELE,Elemental Royalty Corporation - Common Stock,Q,S,N,100.0,N,N,,ELE,N
Y,ELF,"e.l.f. Beauty, Inc. Common Stock",N, ,N,100.0,N,,ELF,ELF,N
Y,ELLA,Ellington Credit Company 8.50% Notes due 2031,N, ,N,100.0,N,,ELLA,ELLA,N
Y,ELLO,Ellomay Capital Ltd Ordinary Shares (Israel),A, ,N,100.0,N,,ELLO,ELLO,N
Y,ELMD,"Electromed, Inc. Common Stock",A, ,N,100.0,N,,ELMD,ELMD,N
Y,ELME,Elme Communities Common Stock,N, ,N,100.0,N,,ELME,ELME,N
Y,ELMT,The Elmet Group Co. - Common Stock,Q,S,N,100.0,N,N,,ELMT,N
Y,ELOG,Eastern International Ltd. - Ordinary Shares,Q,S,N,100.0,N,N,,ELOG,N
Y,ELOX,"Eloxx Pharmaceuticals, Inc. - Common Stock",Q,S,N,100.0,N,N,,ELOX,N
Y,ELPC,Companhia Paranaense de Energia (COPEL) American Depositary Shares (each representing four (4) Common Shares),N, ,N,100.0,N,,ELPC,ELPC,N
Y,ELPW,Elong Power Holding Limited - Class A Ordinary Shares,Q,S,N,100.0,N,N,,ELPW,N
Y,ELS,"Equity Lifestyle Properties, Inc. Common Stock",N, ,N,100.0,N,,ELS,ELS,N
Y,ELSE,"Electro-Sensors, Inc. - Common Stock",Q,S,N,100.0,N,N,,ELSE,N
Y,ELTK,Eltek Ltd. - Ordinary Shares,Q,S,N,100.0,N,N,,ELTK,N
Y,ELTX,"Elicio Therapeutics, Inc. - Common Stock",Q,S,N,100.0,N,N,,ELTX,N
Y,ELUT,"Elutia, Inc. - Class A Common Stock",Q,S,N,100.0,N,N,,ELUT,N
Y,ELV,"Elevance Health, Inc. Common Stock",N, ,N,40.0,N,,ELV,ELV,N
Y,ELVA,Electrovaya Inc. - Common Shares,Q,S,N,100.0,N,N,,ELVA,N
Y,ELVN,"Enliven Therapeutics, Inc.  - Common Stock",Q,Q,N,100.0,N,N,,ELVN,N
Y,ELVR,Elevra Lithium Limited - American Depository Shares,Q,S,N,100.0,N,N,,ELVR,N
Y,ELWT,"Elauwit Connection, Inc. - Common Stock",Q,S,N,100.0,N,N,,ELWT,N
Y,EMA,Emera Incorporated Common Shares,N, ,N,100.0,N,,EMA,EMA,N
Y,EMAT,Evolution Metals & Technologies Corp. - Common Stock,Q,G,N,100.0,N,N,,EMAT,N
Y,EMBC,Embecta Corp. - Common Stock,Q,Q,N,100.0,N,N,,EMBC,N
Y,EMBJ,Embraer S.A. Common Stock,N, ,N,100.0,N,,EMBJ,EMBJ,N
Y,EMD,Western Asset Emerging Markets Debt Fund Inc Common Stock,N, ,N,100.0,N,,EMD,EMD,N
Y,EME,"EMCOR Group, Inc. Common Stock",N, ,N,40.0,N,,EME,EME,N
Y,EMF,Templeton Emerging Markets Fund Common Stock,N, ,N,100.0,N,,EMF,EMF,N
Y,EMIS,Emmis Acquisition Corp. - Class A Ordinary Share,Q,G,N,100.0,N,N,,EMIS,N
Y,EML,Eastern Company (The) - Common Stock,Q,G,N,100.0,N,N,,EML,N
Y,EMN,Eastman Chemical Company Common Stock,N, ,N,100.0,N,,EMN,EMN,N
Y,EMO,ClearBridge Energy Midstream Opportunity Fund Inc. Common Stock,N, ,N,100.0,N,,EMO,EMO,N
Y,EMP,"Entergy Mississippi, LLC First Mortgage Bonds, 4.90% Series Due October 1, 2066",N, ,N,100.0,N,,EMP,EMP,N
Y,EMPD,Empery Digital Inc. - Common stock,Q,Q,N,100.0,N,N,,EMPD,N
Y,EMPG,Empro Group Inc. - Ordinary shares,Q,S,N,100.0,N,E,,EMPG,N
Y,EMR,Emerson Electric Company Common Stock,N, ,N,100.0,N,,EMR,EMR,N
Y,ENB,Enbridge Inc Common Stock,N, ,N,100.0,N,,ENB,ENB,N
Y,ENGN,enGene Therapeutics Inc. - Common Stock,Q,S,N,100.0,N,N,,ENGN,N
Y,ENGNW,enGene Therapeutics Inc. - Warrants,Q,S,N,100.0,N,N,,ENGNW,N
Y,ENGS,Energys Group Limited - Ordinary Shares,Q,S,N,100.0,N,N,,ENGS,N
Y,ENHA,Enhanced Group Inc. Class A Common Stock,N, ,N,100.0,N,,ENHA,ENHA,N
Y,ENIC,Enel Chile S.A. American Depositary Shares (Each representing 50 shares of Common Stock),N, ,N,100.0,N,,ENIC,ENIC,N
Y,ENJ,"Entergy New Orleans, LLC First Mortgage Bonds, 5.0% Series due December 1, 2052",N, ,N,100.0,N,,ENJ,ENJ,N
Y,ENLT,Enlight Renewable Energy Ltd. - Ordinary Shares,Q,Q,N,100.0,N,N,,ENLT,N
Y,ENLV,Enlivex Ltd. - Ordinary Shares,Q,S,N,100.0,N,D,,ENLV,N
Y,ENO,"Entergy New Orleans, LLC First Mortgage Bonds, 5.50% Series due April 1, 2066",N, ,N,100.0,N,,ENO,ENO,N
Y,ENOV,Enovis Corporation Common Stock,N, ,N,100.0,N,,ENOV,ENOV,N
Y,ENPH,"Enphase Energy, Inc. - Common Stock",Q,G,N,100.0,N,N,,ENPH,N
Y,ENR,"Energizer Holdings, Inc. Common Stock",N, ,N,100.0,N,,ENR,ENR,N
Y,ENRD,Einride AB - American Depositary Shares,Q,G,N,100.0,N,N,,ENRD,N
Y,ENS,EnerSys Common Stock,N, ,N,100.0,N,,ENS,ENS,N
Y,ENSC,"Ensysce Biosciences, Inc. - Common Stock",Q,S,N,100.0,N,D,,ENSC,N
Y,ENSG,"The Ensign Group, Inc. - Common Stock",Q,Q,N,100.0,N,N,,ENSG,N
Y,ENTA,"Enanta Pharmaceuticals, Inc. - Common Stock",Q,Q,N,100.0,N,N,,ENTA,N
Y,ENTG,"Entegris, Inc. - Common Stock",Q,Q,N,100.0,N,N,,ENTG,N
Y,ENTX,Entera Bio Ltd. - Ordinary Shares,Q,S,N,100.0,N,N,,ENTX,N
Y,ENVA,"Enova International, Inc. Common Stock",N, ,N,100.0,N,,ENVA,ENVA,N
Y,ENVB,"Enveric Biosciences, Inc.  - Common Stock",Q,S,N,100.0,N,N,,ENVB,N
Y,ENVX,Enovix Corporation - Common Stock,Q,Q,N,100.0,N,N,,ENVX,N
Y,EOD,Allspring Global Dividend Opportunity Fund Common Shares of Beneficial Interest,N, ,N,100.0,N,,EOD,EOD,N
Y,EOG,"EOG Resources, Inc. Common Stock",N, ,N,100.0,N,,EOG,EOG,N
Y,EOI,Eaton Vance Enhance Equity Income Fund Eaton Vance Enhanced Equity Income Fund Shares of Beneficial Interest,N, ,N,100.0,N,,EOI,EOI,N
Y,EOLS,"Evolus, Inc. - Common Stock",Q,G,N,100.0,N,N,,EOLS,N
Y,EONR,EON Resources Inc. Class A Common Stock,A, ,N,100.0,N,,EONR,EONR,N
Y,EOS,Eaton Vance Enhance Equity Income Fund II Common Stock,N, ,N,100.0,N,,EOS,EOS,N
Y,EOSE,"Eos Energy Enterprises, Inc. - Common Stock",Q,S,N,100.0,N,N,,EOSE,N
Y,EOT,Eaton Vance Municipal Income Trust EATON VANCE NATIONAL MUNICIPAL OPPORTUNITIES TRUST,N, ,N,100.0,N,,EOT,EOT,N
Y,EP,Empire Petroleum Corporation Common Stock,A, ,N,100.0,N,,EP,EP,N
Y,EPAC,Enerpac Tool Group Corp. Common Stock,N, ,N,100.0,N,,EPAC,EPAC,N
Y,EPAM,"EPAM Systems, Inc. Common Stock",N, ,N,100.0,N,,EPAM,EPAM,N
Y,EPC,Edgewell Personal Care Company Common Stock,N, ,N,100.0,N,,EPC,EPC,N
Y,EPD,Enterprise Products Partners L.P. Common Stock,N, ,N,100.0,N,,EPD,EPD,N
Y,EPM,"Evolution Petroleum Corporation, Inc. Common Stock",A, ,N,100.0,N,,EPM,EPM,N
Y,EPOW,E-Power Inc. - Class A Ordinary Shares,Q,S,N,100.0,N,D,,EPOW,N
Y,EPR,EPR Properties Common Stock,N, ,N,100.0,N,,EPR,EPR,N
Y,EPRT,"Essential Properties Realty Trust, Inc. Common Stock",N, ,N,100.0,N,,EPRT,EPRT,N
Y,EPRX,Eupraxia Pharmaceuticals Inc. - Common Stock,Q,S,N,100.0,N,N,,EPRX,N
Y,EPSM,Epsium Enterprise Limited - Class A Ordinary Shares,Q,S,N,100.0,N,N,,EPSM,N
Y,EPSN,Epsilon Energy Ltd. - Common Shares,Q,G,N,100.0,N,N,,EPSN,N
Y,EQ,"Equillium, Inc. - Common Stock",Q,S,N,100.0,N,N,,EQ,N
Y,EQBK,"Equity Bancshares, Inc. Class A Common Stock",N, ,N,100.0,N,,EQBK,EQBK,N
Y,EQH,"Equitable Holdings, Inc. Common Stock",N, ,N,100.0,N,,EQH,EQH,N
Y,EQIX,"Equinix, Inc. - Common Stock",Q,Q,N,40.0,N,N,,EQIX,N
Y,EQNR,Equinor ASA,N, ,N,100.0,N,,EQNR,EQNR,N
Y,EQPT,EquipmentShare.com Inc - Class A Common Stock,Q,Q,N,100.0,N,N,,EQPT,N
Y,EQR,Equity Residential Common Shares of Beneficial Interest,N, ,N,100.0,N,,EQR,EQR,N
Y,EQS,"Equus Total Return, Inc. Common Stock",N, ,N,100.0,N,,EQS,EQS,N
Y,EQT,EQT Corporation Common Stock,N, ,N,100.0,N,,EQT,EQT,N
Y,EQX,Equinox Gold Corp. Common Shares,A, ,N,100.0,N,,EQX,EQX,N
Y,ERAS,"Erasca, Inc. - Common Stock",Q,Q,N,100.0,N,N,,ERAS,N
Y,ERC,Allspring Multi-Sector Income Fund Common Stock,A, ,N,100.0,N,,ERC,ERC,N
Y,ERH,Allspring Utilities and High Income Fund Common Shares,A, ,N,100.0,N,,ERH,ERH,N
Y,ERIC,Ericsson - American Depositary Shares each representing 1 underlying Class B share,Q,Q,N,100.0,N,N,,ERIC,N
Y,ERIE,Erie Indemnity Company - Class A Common Stock,Q,Q,N,100.0,N,N,,ERIE,N
Y,ERII,"Energy Recovery, Inc. - Common Stock",Q,Q,N,100.0,N,N,,ERII,N
Y,ERNA,Ernexa Therapeutics Inc. - Common Stock,Q,S,N,100.0,N,N,,ERNA,N
Y,ERO,Ero Copper Corp. Common Shares,N, ,N,100.0,N,,ERO,ERO,N
Y,EROC,"ERock, Inc. Class A Common Stock",N, ,N,100.0,N,,EROC,EROC,N
Y,EROK,"EagleRock Land, LLC Class A shares representing limited liability company interests",N, ,N,100.0,N,,EROK,EROK,N
Y,ES,Eversource Energy (D/B/A) Common Stock,N, ,N,100.0,N,,ES,ES,N
Y,ESAB,ESAB Corporation Common Stock,N, ,N,100.0,N,,ESAB,ESAB,N
Y,ESBA,"Empire State Realty OP, L.P. Series ES Operating Partnership Units Representing Limited Partnership Interests",P, ,N,100.0,N,,ESBA,ESBA,N
Y,ESCA,"Escalade, Incorporated - Common Stock",Q,G,N,100.0,N,N,,ESCA,N
Y,ESE,ESCO Technologies Inc. Common Stock,N, ,N,40.0,N,,ESE,ESE,N
Y,ESEA,Euroseas Ltd. - Common Stock,Q,S,N,100.0,N,N,,ESEA,N
Y,ESI,Element Solutions Inc. Common Stock,N, ,N,100.0,N,,ESI,ESI,N
Y,ESLA,"Estrella Immunopharma, Inc. - Common Stock",Q,S,N,100.0,N,N,,ESLA,N
Y,ESLT,Elbit Systems Ltd. - Ordinary Shares,Q,Q,N,40.0,N,N,,ESLT,N
Y,ESNT,Essent Group Ltd. Common Shares,N, ,N,100.0,N,,ESNT,ESNT,N
Y,ESOA,Energy Services of America Corporation - Common Stock,Q,S,N,100.0,N,N,,ESOA,N
Y,ESP,Espey Mfg. & Electronics Corp. Common Stock,A, ,N,100.0,N,,ESP,ESP,N
Y,ESPR,"Esperion Therapeutics, Inc. - Common Stock",Q,G,N,100.0,N,N,,ESPR,N
Y,ESQ,"Esquire Financial Holdings, Inc. - Common Stock",Q,S,N,100.0,N,N,,ESQ,N
Y,ESRT,"Empire State Realty Trust, Inc. Class A Common Stock",N, ,N,100.0,N,,ESRT,ESRT,N
Y,ESS,"Essex Property Trust, Inc. Common Stock",N, ,N,100.0,N,,ESS,ESS,N
Y,ESTA,Establishment Labs Holdings Inc. - Common Shares,Q,S,N,100.0,N,N,,ESTA,N
Y,ESTC,Elastic N.V. Ordinary Shares,N, ,N,100.0,N,,ESTC,ESTC,N
Y,ET,Energy Transfer LP Common Units ,N, ,N,100.0,N,,ET,ET,N
Y,ETB,Eaton Vance Tax-Managed Buy-Write Income Fund Eaton Vance Tax-Managed Buy-Write Income Fund Common Shares of Beneficial Interest,N, ,N,100.0,N,,ETB,ETB,N
Y,ETD,Ethan Allen Interiors Inc. Common Stock,N, ,N,100.0,N,,ETD,ETD,N
Y,ETG,Eaton Vance Tax-Advantaged Global Dividend Income Fund Common Shares of Beneficial Interest,N, ,N,100.0,N,,ETG,ETG,N
Y,ETJ,Eaton Vance Risk-Managed Diversified Equity Income Fund Common Shares of Beneficial Interest,N, ,N,100.0,N,,ETJ,ETJ,N
Y,ETN,"Eaton Corporation, PLC Ordinary Shares",N, ,N,40.0,N,,ETN,ETN,N
Y,ETO,Eaton Vance Tax-Advantage Global Dividend Opp Common Stock,N, ,N,100.0,N,,ETO,ETO,N
Y,ETON,"Eton Pharmaceuticals, Inc. - Common Stock",Q,G,N,100.0,N,N,,ETON,N
Y,ETOR,eToro Group Ltd. - Class A Common Shares,Q,Q,N,100.0,N,N,,ETOR,N
Y,ETR,Entergy Corporation Common Stock,N, ,N,100.0,N,,ETR,ETR,N
Y,ETS,Elite Express Holding Inc. - Class A Common Stock,Q,S,N,100.0,N,D,,ETS,N
Y,ETSS,Energy Transition Special Opportunities Class A Ordinary Shares,N, ,N,100.0,N,,ETSS,ETSS,N
Y,ETSY,"Etsy, Inc. Common Stock",N, ,N,100.0,N,,ETSY,ETSY,N
Y,ETV,Eaton Vance Corporation Eaton Vance Tax-Managed Buy-Write Opportunities Fund Common Shares of Beneficial Interest,N, ,N,100.0,N,,ETV,ETV,N
Y,ETW,Eaton Vance Corporation Eaton Vance Tax-Managed Global Buy-Write Opportunites Fund Common Shares of Beneficial Interest,N, ,N,100.0,N,,ETW,ETW,N
Y,ETX,Eaton Vance Municipal Income 2028 Term Trust Common Shares of Beneficial Interest,N, ,N,100.0,N,,ETX,ETX,N
Y,ETY,"Eaton Vance Tax-Managed Diversified Equity Income Fund Common Shares of Beneficial Interest,",N, ,N,100.0,N,,ETY,ETY,N
Y,EU,enCore Energy Corp. - Common Stock,Q,S,N,100.0,N,N,,EU,N
Y,EUDA,Euda Health Holdings Limited - Ordinary Shares,Q,S,N,100.0,N,N,,EUDA,N
Y,EUDAW,Euda Health Holdings Limited - Warrant,Q,S,N,100.0,N,N,,EUDAW,N
Y,EURK,Eureka Acquisition Corp - Class A Ordinary Share,Q,S,N,100.0,N,D,,EURK,N
Y,EURKU,Eureka Acquisition Corp - Unit,Q,S,N,100.0,N,N,,EURKU,N
Y,EVAC,EQV Ventures Acquisition Corp. II Class A Ordinary Shares,N, ,N,100.0,N,,EVAC,EVAC,N
Y,EVAX,Evaxion A/S - American Depositary Share,Q,S,N,100.0,N,N,,EVAX,N
Y,EVC,Entravision Communications Corporation Common Stock,N, ,N,100.0,N,,EVC,EVC,N
Y,EVCM,EverCommerce Inc. - Common Stock,Q,Q,N,100.0,N,N,,EVCM,N
Y,EVER,"EverQuote, Inc. - Class A Common Stock",Q,G,N,100.0,N,N,,EVER,N
Y,EVEX,"Eve Holding, Inc. Common Stock",N, ,N,100.0,N,,EVEX,EVEX,N
Y,EVF,Eaton Vance Senior Income Trust Common Stock,N, ,N,100.0,N,,EVF,EVF,N
Y,EVG,Eaton Vance Short Diversified Income Fund Eaton Vance Short Duration Diversified Income Fund Common Shares of Beneficial Interest,N, ,N,100.0,N,,EVG,EVG,N
Y,EVGN,Evogene Ltd. - Ordinary Shares,Q,S,N,100.0,N,D,,EVGN,N
Y,EVGO,EVgo Inc. - Common Stock,Q,Q,N,100.0,N,N,,EVGO,N
Y,EVH,"Evolent Health, Inc Class A Common Stock",N, ,N,100.0,N,,EVH,EVH,N
Y,EVI,"EVI Industries, Inc.  Common Stock",A, ,N,100.0,N,,EVI,EVI,N
Y,EVLV,"Evolv Technologies Holdings, Inc. - Class A Common Stock",Q,S,N,100.0,N,N,,EVLV,N
Y,EVLVW,"Evolv Technologies Holdings, Inc. - Warrant",Q,S,N,100.0,N,N,,EVLVW,N
Y,EVMN,"Evommune, Inc. Common Stock",N, ,N,100.0,N,,EVMN,EVMN,N
Y,EVN,Eaton Vance Municipal Income Trust Common Stock,N, ,N,100.0,N,,EVN,EVN,N
Y,EVO,Evotec SE - American Depositary Shares each representing 1/2 of one ordinary share,Q,Q,N,100.0,N,N,,EVO,N
Y,EVOX,Evolution Global Acquisition Corp - Class A Ordinary Shares,Q,G,N,100.0,N,N,,EVOX,N
Y,EVOXU,Evolution Global Acquisition Corp - Units,Q,G,N,100.0,N,N,,EVOXU,N
Y,EVOXW,Evolution Global Acquisition Corp - Warrants,Q,G,N,100.0,N,N,,EVOXW,N
Y,EVR,Evercore Inc. Class A Common Stock,N, ,N,40.0,N,,EVR,EVR,N
Y,EVRG,"Evergy, Inc. - Common Stock",Q,Q,N,100.0,N,N,,EVRG,N
Y,EVT,Eaton Vance Tax Advantaged Dividend Income Fund Common Shares of Beneficial Interest,N, ,N,100.0,N,,EVT,EVT,N
Y,EVTC,"Evertec, Inc. Common Stock",N, ,N,100.0,N,,EVTC,EVTC,N
Y,EVTL,Vertical Aerospace Ltd. Ordinary Shares,N, ,N,100.0,N,,EVTL,EVTL,N
Y,EVTV,"Envirotech Vehicles, Inc. - Common stock",Q,S,N,100.0,N,D,,EVTV,N
Y,EVV,Eaton Vance Limited Duration Income Fund Common Shares of Beneficial Interest,A, ,N,100.0,N,,EVV,EVV,N
Y,EW,Edwards Lifesciences Corporation Common Stock,N, ,N,100.0,N,,EW,EW,N
Y,EWBC,"East West Bancorp, Inc. - Common Stock",Q,Q,N,100.0,N,N,,EWBC,N
Y,EWTX,"Edgewise Therapeutics, Inc. - Common Stock",Q,Q,N,100.0,N,N,,EWTX,N
Y,EXC,Exelon Corporation - Common Stock,Q,Q,N,100.0,N,N,,EXC,N
Y,EXE,Expand Energy Corporation - Common Stock,Q,Q,N,100.0,N,N,,EXE,N
Y,EXEL,"Exelixis, Inc. - Common Stock",Q,Q,N,100.0,N,N,,EXEL,N
Y,EXFY,"Expensify, Inc. - Class A Common Stock",Q,Q,N,100.0,N,N,,EXFY,N
Y,EXG,Eaton Vance Tax-Managed Global Diversified Equity Income Fund Common Shares of Beneficial Interest,N, ,N,100.0,N,,EXG,EXG,N
Y,EXK,Endeavour Silver Corporation Ordinary Shares (Canada),N, ,N,100.0,N,,EXK,EXK,N
Y,EXLS,"ExlService Holdings, Inc. - Common Stock",Q,Q,N,100.0,N,N,,EXLS,N
Y,EXOD,"Exodus Movement, Inc. Class A Common Stock",A, ,N,100.0,N,,EXOD,EXOD,N
Y,EXOZ,eXoZymes Inc. - Common Stock,Q,S,N,100.0,N,N,,EXOZ,N
Y,EXP,Eagle Materials Inc Common Stock,N, ,N,100.0,N,,EXP,EXP,N
Y,EXPD,"Expeditors International of Washington, Inc. Common Stock",N, ,N,100.0,N,,EXPD,EXPD,N
Y,EXPE,"Expedia Group, Inc. - Common Stock",Q,Q,N,100.0,N,N,,EXPE,N
Y,EXPO,"Exponent, Inc. - Common Stock",Q,Q,N,100.0,N,N,,EXPO,N
Y,EXR,Extra Space Storage Inc Common Stock,N, ,N,100.0,N,,EXR,EXR,N
Y,EXTR,"Extreme Networks, Inc. - Common Stock",Q,Q,N,100.0,N,N,,EXTR,N
Y,EXYN,"Exyn Technologies, Inc. - Common Stock",Q,S,N,100.0,N,N,,EXYN,N
Y,EXYNW,"Exyn Technologies, Inc. - Warrant",Q,S,N,100.0,N,N,,EXYNW,N
Y,EYE,"National Vision Holdings, Inc. - Common Stock",Q,Q,N,100.0,N,N,,EYE,N
Y,EYPT,"EyePoint, Inc. - Common Stock",Q,G,N,100.0,N,N,,EYPT,N
Y,EZGO,EZGO Technologies Ltd. - Ordinary Shares,Q,S,N,100.0,N,N,,EZGO,N
Y,EZPW,"EZCORP, Inc. - Class A Non-Voting Common Stock",Q,Q,N,100.0,N,N,,EZPW,N
Y,EZRA,"Reliance Global Group, Inc. - Common Stock",Q,S,N,100.0,N,N,,EZRA,N
Y,F,Ford Motor Company Common Stock,N, ,N,100.0,N,,F,F,N
Y,FA,First Advantage Corporation - Common Stock,Q,Q,N,100.0,N,N,,FA,N
Y,FABC,"Fabric.AI, Inc. - Common Stock",Q,S,N,100.0,N,N,,FABC,N
Y,FAC,Factorial Energy Inc. - Class A Common Stock,Q,G,N,100.0,N,N,,FAC,N
Y,FACT,FACT II Acquisition Corp. - Class A Ordinary Shares,Q,G,N,100.0,N,N,,FACT,N
Y,FACTU,FACT II Acquisition Corp. - Unit,Q,G,N,100.0,N,N,,FACTU,N
Y,FACTW,FACT II Acquisition Corp. - Warrant,Q,G,N,100.0,N,N,,FACTW,N
Y,FAF,First American Corporation (New) Common Stock,N, ,N,100.0,N,,FAF,FAF,N
Y,FAMI,"Farmmi, Inc. - Class A Ordinary Shares",Q,S,N,100.0,N,N,,FAMI,N
Y,FANG,"Diamondback Energy, Inc. - Common Stock",Q,Q,N,100.0,N,N,,FANG,N
Y,FAST,Fastenal Company - Common Stock,Q,Q,N,100.0,N,N,,FAST,N
Y,FATE,"Fate Therapeutics, Inc. - Common Stock",Q,G,N,100.0,N,N,,FATE,N
Y,FATN,"FatPipe, Inc. - common stock",Q,S,N,100.0,N,N,,FATN,N
Y,FAX,"abrdn Asia-Pacific Income Fund, Inc. Common Stock",A, ,N,100.0,N,,FAX,FAX,N
Y,FBGL,FBS Global Limited - Ordinary Shares,Q,S,N,100.0,N,D,,FBGL,N
Y,FBIN,"Fortune Brands Innovations, Inc. Common Stock",N, ,N,100.0,N,,FBIN,FBIN,N
Y,FBIO,"Fortress Biotech, Inc. - Common Stock",Q,S,N,100.0,N,N,,FBIO,N
Y,FBIOP,"Fortress Biotech, Inc. - 9.375% Series A Cumulative Redeemable Perpetual Preferred Stock",Q,S,N,100.0,N,N,,FBIOP,N
Y,FBIZ,"First Business Financial Services, Inc. - Common Stock",Q,Q,N,100.0,N,N,,FBIZ,N
Y,FBK,FB Financial Corporation Common Stock,N, ,N,100.0,N,,FBK,FBK,N
Y,FBLA,"FB Bancorp, Inc. - Common Stock",Q,S,N,100.0,N,N,,FBLA,N
Y,FBLG,"FibroBiologics, Inc. - Common Stock",Q,S,N,100.0,N,N,,FBLG,N
Y,FBNC,First Bancorp - Common Stock,Q,Q,N,100.0,N,N,,FBNC,N
Y,FBP,First BanCorp. New Common Stock,N, ,N,100.0,N,,FBP,FBP,N
Y,FBRT,"Franklin BSP Realty Trust, Inc. Common Stock",N, ,N,100.0,N,,FBRT,FBRT,N
Y,FBRX,"Forte Biosciences, Inc.  - Common Stock",Q,S,N,100.0,N,N,,FBRX,N
Y,FBYD,"Falcon's Beyond Global, Inc. - Class A Common Stock",Q,G,N,100.0,N,N,,FBYD,N
Y,FBYDW,"Falcon's Beyond Global, Inc. - Warrants",Q,S,N,100.0,N,N,,FBYDW,N
Y,FC,Franklin Covey Company Common Stock,N, ,N,100.0,N,,FC,FC,N
Y,FCAP,"First Capital, Inc. - Common Stock",Q,S,N,100.0,N,N,,FCAP,N
Y,FCBC,"First Community Bankshares, Inc. - Common Stock",Q,Q,N,100.0,N,N,,FCBC,N
Y,FCBM,"First Carolina Financial Services, Inc. Common Stock",N, ,N,100.0,N,,FCBM,FCBM,N
Y,FCCO,First Community Corporation - Common Stock,Q,S,N,100.0,N,N,,FCCO,N
Y,FCEL,"FuelCell Energy, Inc. - Common Stock",Q,G,N,100.0,N,N,,FCEL,N
Y,FCF,First Commonwealth Financial Corporation Common Stock,N, ,N,100.0,N,,FCF,FCF,N
Y,FCFS,"FirstCash Holdings, Inc. - Common Stock",Q,Q,N,100.0,N,N,,FCFS,N
Y,FCHL,Fitness Champs Holdings Limited - Ordinary Shares,Q,S,N,100.0,N,D,,FCHL,N
Y,FCN,"FTI Consulting, Inc. Common Stock",N, ,N,100.0,N,,FCN,FCN,N
Y,FCNCA,"First Citizens BancShares, Inc. - Class A Common Stock",Q,Q,N,10.0,N,N,,FCNCA,N
Y,FCNCN,"First Citizens BancShares, Inc. - Depositary Shares, each representing a 1/40th interest in a share of 6.625% Non-Cumulative Perpetual Preferred Stock, Series E",Q,Q,N,100.0,N,N,,FCNCN,N
Y,FCNCO,"First Citizens BancShares, Inc. - 5.625% Non-Cumulative Perpetual Preferred Stock, Series C",Q,Q,N,100.0,N,N,,FCNCO,N
Y,FCNCP,"First Citizens BancShares, Inc. - Depositary Shares Each Representing a 1/40th Interest in a Share of 5.375% Non-Cumulative Perpetual Preferred Stock, Series A",Q,Q,N,100.0,N,N,,FCNCP,N
Y,FCPT,"Four Corners Property Trust, Inc. Common Stock",N, ,N,100.0,N,,FCPT,FCPT,N
Y,FCRS,FutureCrest Acquisition Corp. Class A Ordinary Shares,N, ,N,100.0,N,,FCRS,FCRS,N
Y,FCT,First Trust Senior Floating Rate Income Fund II Common Shares of Beneficial Interest,N, ,N,100.0,N,,FCT,FCT,N
Y,FCUV,Focus Universal Inc. - Common Stock,Q,S,N,100.0,N,N,,FCUV,N
Y,FCX,"Freeport-McMoRan, Inc. Common Stock",N, ,N,100.0,N,,FCX,FCX,N
Y,FDBC,"Fidelity D & D Bancorp, Inc. - Common Stock",Q,G,N,100.0,N,N,,FDBC,N
Y,FDMT,"4D Molecular Therapeutics, Inc. - Common Stock",Q,Q,N,100.0,N,N,,FDMT,N
Y,FDS,FactSet Research Systems Inc. Common Stock,N, ,N,100.0,N,,FDS,FDS,N
Y,FDSB,"Fifth District Bancorp, Inc. - Common Stock",Q,S,N,100.0,N,N,,FDSB,N
Y,FDUS,Fidus Investment Corporation - Closed End Fund,Q,Q,N,100.0,N,N,,FDUS,N
Y,FDX,FedEx Corporation Common Stock,N, ,N,40.0,N,,FDX,FDX,N
Y,FDXF,"FedEx Freight Holding Company, Inc. Common Stock",N, ,N,100.0,N,,FDXF,FDXF,N
Y,FE,FirstEnergy Corp. Common Stock,N, ,N,100.0,N,,FE,FE,N
Y,FEAM,"5E Advanced Materials, Inc. - Common Stock",Q,Q,N,100.0,N,N,,FEAM,N
Y,FEBO,Fenbo Holdings Limited - Class A Ordinary Shares,Q,S,N,100.0,N,N,,FEBO,N
Y,FEDU,"Four Seasons Education (Cayman) Inc. American Depositary Shares, each ADS representing 10 ordinary shares",N, ,N,100.0,N,,FEDU,FEDU,N
Y,FEED,"ENvue Medical, Inc. - Common Stock",Q,S,N,100.0,N,N,,FEED,N
Y,FEIM,"Frequency Electronics, Inc. - Common Stock",Q,G,N,100.0,N,N,,FEIM,N
Y,FELE,"Franklin Electric Co., Inc. - Common Stock",Q,Q,N,100.0,N,N,,FELE,N
Y,FEMY,Femasys Inc. - Common Stock,Q,S,N,100.0,N,N,,FEMY,N
Y,FENC,Fennec Pharmaceuticals Inc. - Common Stock,Q,S,N,100.0,N,N,,FENC,N
Y,FENG,"Phoenix New Media Limited American Depositary Shares, each representing 48 Class A ordinary shares.",N, ,N,100.0,N,,FENG,FENG,N
Y,FER,Ferrovial N.V. - Ordinary Shares,Q,Q,N,100.0,N,N,,FER,N
Y,FERA,Fifth Era Acquisition Corp I - Class A Ordinary Shares,Q,G,N,100.0,N,N,,FERA,N
Y,FERAU,Fifth Era Acquisition Corp I - Units,Q,G,N,100.0,N,N,,FERAU,N
Y,FERG,Ferguson Enterprises Inc. Common Stock,N, ,N,100.0,N,,FERG,FERG,N
Y,FET,"Forum Energy Technologies, Inc. Common Stock",N, ,N,100.0,N,,FET,FET,N
Y,FF,FutureFuel Corp.  Common shares,N, ,N,100.0,N,,FF,FF,N
Y,FFA,First Trust Enhanced Equity Income Fund Common Shares of Beneficial Interest,N, ,N,100.0,N,,FFA,FFA,N
Y,FFAI,Faraday Future Intelligent Electric Inc. - Class A Common Stock,Q,S,N,100.0,N,D,,FFAI,N
Y,FFAIW,Faraday Future Intelligent Electric Inc. - Warrant,Q,S,N,100.0,N,N,,FFAIW,N
Y,FFBC,First Financial Bancorp. - Common Stock,Q,Q,N,100.0,N,N,,FFBC,N
Y,FFC,Flaherty & Crumrine Preferred and Income Securities Fund Incorporated,N, ,N,100.0,N,,FFC,FFC,N
Y,FFIN,"First Financial Bankshares, Inc. - Common Stock",Q,Q,N,100.0,N,N,,FFIN,N
Y,FFIV,"F5, Inc. - Common Stock",Q,Q,N,40.0,N,N,,FFIV,N
Y,FG,"F&G Annuities & Life, Inc. Common Stock",N, ,N,100.0,N,,FG,FG,N
Y,FGBI,"First Guaranty Bancshares, Inc. - Common Stock",Q,G,N,100.0,N,N,,FGBI,N
Y,FGBIP,"First Guaranty Bancshares, Inc. - 6.75% Series A Fixed-Rate Non-Cumulative Perpetual Preferred Stock",Q,G,N,100.0,N,N,,FGBIP,N
Y,FGI,FGI Industries Ltd. - Ordinary Shares,Q,S,N,100.0,N,N,,FGI,N
Y,FGII,FG Imperii Acquisition Corp. - Class A Ordinary Shares,Q,G,N,100.0,N,N,,FGII,N
Y,FGIIU,FG Imperii Acquisition Corp. - Units,Q,G,N,100.0,N,N,,FGIIU,N
Y,FGIWW,FGI Industries Ltd. - warrant,Q,S,N,100.0,N,N,,FGIWW,N
Y,FGL,Founder Group Limited - Class A Ordinary Shares,Q,S,N,100.0,N,N,,FGL,N
Y,FGMC,FG Merger II Corp. - Common stock,Q,G,N,100.0,N,N,,FGMC,N
Y,FGMCU,FG Merger II Corp. - Unit,Q,G,N,100.0,N,N,,FGMCU,N
Y,FGN,"F&G Annuities & Life, Inc. 7.950% Senior Notes due 2053",N, ,N,100.0,N,,FGN,FGN,N
Y,FGNX,FG Nexus Inc. - Common Stock,Q,G,N,100.0,N,N,,FGNX,N
Y,FGNXP,FG Nexus Inc. - 8.00% Cumulative Series A Preferred Stock,Q,G,N,100.0,N,N,,FGNXP,N
Y,FGSN,"F&G Annuities & Life, Inc. 7.300% Junior Subordinated Notes due 2065",N, ,N,100.0,N,,FGSN,FGSN,N
Y,FHB,"First Hawaiian, Inc. - Common Stock",Q,Q,N,100.0,N,N,,FHB,N
Y,FHI,"Federated Hermes, Inc. Common Stock",N, ,N,100.0,N,,FHI,FHI,N
Y,FHN,First Horizon Corporation Common Stock,N, ,N,100.0,N,,FHN,FHN,N
Y,FHTX,Foghorn Therapeutics Inc. - Common Stock,Q,G,N,100.0,N,N,,FHTX,N
Y,FIBK,"First Interstate BancSystem, Inc. - Common Stock",Q,Q,N,100.0,N,N,,FIBK,N
Y,FICO,Fair Isaac Corporation Common Stock,N, ,N,10.0,N,,FICO,FICO,N
Y,FIEE,"FiEE, Inc - Common Stock",Q,S,N,100.0,N,N,,FIEE,N
Y,FIG,"Figma, Inc. Class A Common Stock",N, ,N,100.0,N,,FIG,FIG,N
Y,FIGR,"Figure Technology Solutions, Inc. - Class A Common Stock",Q,Q,N,100.0,N,N,,FIGR,N
Y,FIGS,"FIGS, Inc. Class A Common Stock",N, ,N,100.0,N,,FIGS,FIGS,N
Y,FIGX,FIGX Capital Acquisition Corp. - Class A ordinary share,Q,G,N,100.0,N,N,,FIGX,N
Y,FIGXU,FIGX Capital Acquisition Corp. - Units,Q,G,N,100.0,N,N,,FIGXU,N
Y,FIGXW,FIGX Capital Acquisition Corp. - one-half of one redeemable warrant.,Q,G,N,100.0,N,N,,FIGXW,N
Y,FINS,Angel Oak Financial Strategies Income Term Trust Common Shares of Beneficial Interest,N, ,N,100.0,N,,FINS,FINS,N
Y,FINV,FinVolution Group American Depositary Shares,N, ,N,100.0,N,,FINV,FINV,N
Y,FINW,FinWise Bancorp - Common Stock,Q,G,N,100.0,N,N,,FINW,N
Y,FIP,FTAI Infrastructure Inc. - Common Stock,Q,Q,N,100.0,N,N,,FIP,N
Y,FIRY,Firy Inc. Class A Common Stock,N, ,N,100.0,N,,FIRY,FIRY,N
Y,FIS,"Fidelity National Information Services, Inc. Common Stock",N, ,N,100.0,N,,FIS,FIS,N
Y,FISI,"Financial Institutions, Inc. - Common Stock",Q,Q,N,100.0,N,N,,FISI,N
Y,FISK,"Empire State Realty OP, L.P. Series 250 Operating Partnership Units Representing Limited Partnership Interests",P, ,N,100.0,N,,FISK,FISK,N
Y,FISN,"Deep Fission, Inc. - Common Stock",Q,G,N,100.0,N,N,,FISN,N
Y,FISV,"Fiserv, Inc. - Common Stock",Q,Q,N,100.0,N,N,,FISV,N
Y,FITB,Fifth Third Bancorp Common Stock,N, ,N,100.0,N,,FITB,FITB,N
Y,FIVE,"Five Below, Inc. - Common Stock",Q,Q,N,100.0,N,N,,FIVE,N
Y,FIVN,"Five9, Inc. - Common Stock",Q,G,N,100.0,N,N,,FIVN,N
Y,FIX,"Comfort Systems USA, Inc. Common Stock",N, ,N,10.0,N,,FIX,FIX,N
Y,FIZZ,National Beverage Corp. - Common Stock,Q,Q,N,100.0,N,N,,FIZZ,N
Y,FJET,"Starfighters Space, Inc. Common Stock",A, ,N,100.0,N,,FJET,FJET,N
Y,FKWL,Franklin Wireless Corp. - common stock,Q,S,N,100.0,N,N,,FKWL,N
Y,FLC,Flaherty & Crumrine Total Return Fund Inc Common Stock,N, ,N,100.0,N,,FLC,FLC,N
Y,FLD,"Fold Holdings, Inc. - Class A Common Stock",Q,S,N,100.0,N,N,,FLD,N
Y,FLDDW,"Fold Holdings, Inc. - Warrant",Q,S,N,100.0,N,N,,FLDDW,N
Y,FLEX,Flex Ltd. - Ordinary Shares,Q,Q,N,100.0,N,N,,FLEX,N
Y,FLG,"Flagstar Bank, N.A. Common Stock",N, ,N,100.0,N,,FLG,FLG,N
Y,FLGT,"Fulgent Genetics, Inc. - Common Stock",Q,G,N,100.0,N,N,,FLGT,N
Y,FLL,"Full House Resorts, Inc. - Common Stock",Q,S,N,100.0,N,N,,FLL,N
Y,FLNA,"Filana Therapeutics, Inc. - Common Stock",Q,S,N,100.0,N,N,,FLNA,N
Y,FLNC,"Fluence Energy, Inc. - Class A Common Stock",Q,Q,N,100.0,N,N,,FLNC,N
Y,FLNG,FLEX LNG Ltd. Ordinary Shares,N, ,N,100.0,N,,FLNG,FLNG,N
Y,FLNT,"Fluent, Inc. - Common Stock",Q,S,N,100.0,N,N,,FLNT,N
Y,FLO,"Flowers Foods, Inc. Common Stock",N, ,N,100.0,N,,FLO,FLO,N
Y,FLOC,Flowco Holdings Inc. Class A Common Stock,N, ,N,100.0,N,,FLOC,FLOC,N
Y,FLR,Fluor Corporation Common Stock,N, ,N,100.0,N,,FLR,FLR,N
Y,FLS,Flowserve Corporation Common Stock,N, ,N,100.0,N,,FLS,FLS,N
Y,FLUT,Flutter Entertainment plc Ordinary Shares,N, ,N,100.0,N,,FLUT,FLUT,N
Y,FLUX,"Flux Power Holdings, Inc. - Common Stock",Q,S,N,100.0,N,N,,FLUX,N
Y,FLWS,"1-800-FLOWERS.COM, Inc. - Class A Common Stock",Q,Q,N,100.0,N,N,,FLWS,N
Y,FLX,BingEx Limited - American Depositary Shares,Q,Q,N,100.0,N,N,,FLX,N
Y,FLXS,"Flexsteel Industries, Inc. - Common Stock",Q,Q,N,100.0,N,N,,FLXS,N
Y,FLY,Firefly Aerospace Inc. - Common Stock,Q,G,N,100.0,N,N,,FLY,N
Y,FLYE,"Fly-E Group, Inc. - Common Stock",Q,S,N,100.0,N,N,,FLYE,N
Y,FLYW,Flywire Corporation - Voting Common Stock,Q,Q,N,100.0,N,N,,FLYW,N
Y,FLYX,"flyExclusive, Inc. Class A Common Stock",A, ,N,100.0,N,,FLYX,FLYX,N
Y,FLZH,"Flash Sports & Media Holdings, Inc. - Common Stock",Q,S,N,100.0,N,N,,FLZH,N
Y,FMAC,Future Money Acquisition Corporation - Ordinary Shares,Q,G,N,100.0,N,N,,FMAC,N
Y,FMACU,Future Money Acquisition Corporation - Units,Q,G,N,100.0,N,N,,FMACU,N
Y,FMAO,"Farmers & Merchants Bancorp, Inc. - Common Stock",Q,S,N,100.0,N,N,,FMAO,N
Y,FMBH,"First Mid Bancshares, Inc. - Common Stock",Q,G,N,100.0,N,N,,FMBH,N
Y,FMC,FMC Corporation Common Stock,N, ,N,100.0,N,,FMC,FMC,N
Y,FMFC,Kandal M Venture Limited - Class A ordinary Shares,Q,S,N,100.0,N,D,,FMFC,N
Y,FMN,Federated Hermes Premier Municipal Income Fund,N, ,N,100.0,N,,FMN,FMN,N
Y,FMNB,Farmers National Banc Corp. - Common Stock,Q,S,N,100.0,N,N,,FMNB,N
Y,FMS,Fresenius Medical Care AG American Depositary Shares (Each representing 1/2 of an Ordinary Share),N, ,N,100.0,N,,FMS,FMS,N
Y,FMST,Foremost Clean Energy Ltd. - Common Shares,Q,S,N,100.0,N,N,,FMST,N
Y,FMSTW,Foremost Clean Energy Ltd. - Warrant,Q,S,N,100.0,N,N,,FMSTW,N
Y,FMX,Fomento Economico Mexicano S.A.B. de C.V. Common Stock,N, ,N,100.0,N,,FMX,FMX,N
Y,FMY,First Trust Mortgage Income Fund Common Shares of Beneficial Interest,N, ,N,100.0,N,,FMY,FMY,N
Y,FN,Fabrinet Ordinary Shares,N, ,N,40.0,N,,FN,FN,N
Y,FNB,F.N.B. Corporation Common Stock,N, ,N,100.0,N,,FNB,FNB,N
Y,FND,"Floor & Decor Holdings, Inc. Common Stock",N, ,N,100.0,N,,FND,FND,N
Y,FNF,"Fidelity National Financial, Inc. Common Stock",N, ,N,100.0,N,,FNF,FNF,N
Y,FNGD,"MicroSectors FANG  Index -3X Inverse Leveraged ETNs due January 8, 2038",P, ,N,100.0,N,,FNGD,FNGD,N
Y,FNGO,"MicroSectors FANG  Index 2X Leveraged ETNs due January 8, 2038",P, ,N,100.0,N,,FNGO,FNGO,N
Y,FNGR,"FingerMotion, Inc. - common stock",Q,S,N,100.0,N,N,,FNGR,N
Y,FNKO,"Funko, Inc. - Class A Common Stock",Q,Q,N,100.0,N,N,,FNKO,N
Y,FNLC,"First Bancorp, Inc (ME) - Common Stock",Q,Q,N,100.0,N,N,,FNLC,N
Y,FNRN,First Northern Community Bancorp - Common stock,Q,S,N,100.0,N,N,,FNRN,N
Y,FNUC,Frontier Nuclear and Minerals Inc. - Common Shares,Q,S,N,100.0,N,N,,FNUC,N
Y,FNV,Franco-Nevada Corporation,N, ,N,100.0,N,,FNV,FNV,N
Y,FNWB,First Northwest Bancorp - Common Stock,Q,G,N,100.0,N,N,,FNWB,N
Y,FNWD,Finward Bancorp - common stock,Q,S,N,100.0,N,N,,FNWD,N
Y,FOA,Finance of America Companies Inc. Class A Common Stock,N, ,N,100.0,N,,FOA,FOA,N
Y,FOCL,"EDAP TMS S.A. - American Depositary Shares, each representing One Ordinary Share",Q,G,N,100.0,N,N,,FOCL,N
Y,FOF,"Cohen & Steers Closed-End Opportunity Fund, Inc. Common Stock",N, ,N,100.0,N,,FOF,FOF,N
Y,FOFO,"Hang Feng Technology Innovation Co., Ltd. - Ordinary Shares",Q,S,N,100.0,N,N,,FOFO,N
Y,FOR,Forestar Group Inc Common Stock ,N, ,N,100.0,N,,FOR,FOR,N
Y,FORM,"FormFactor, Inc. - Common Stock",Q,Q,N,100.0,N,N,,FORM,N
Y,FORR,"Forrester Research, Inc. - Common Stock",Q,Q,N,100.0,N,N,,FORR,N
Y,FORTY,Formula Systems (1985) Ltd. - American Depositary Shares,Q,Q,N,100.0,N,N,,FORTY,N
Y,FOSL,"Fossil Group, Inc. - Common Stock",Q,Q,N,100.0,N,N,,FOSL,N
Y,FOUR,"Shift4 Payments, Inc. Class A Common Stock",N, ,N,100.0,N,,FOUR,FOUR,N
Y,FOX,Fox Corporation - Class B Common Stock,Q,Q,N,100.0,N,N,,FOX,N
Y,FOXA,Fox Corporation - Class A Common Stock,Q,Q,N,100.0,N,N,,FOXA,N
Y,FOXF,Fox Factory Holding Corp. - Common Stock,Q,Q,N,100.0,N,N,,FOXF,N
Y,FOXX,Foxx Development Holdings Inc. - Common Stock,Q,S,N,100.0,N,N,,FOXX,N
Y,FOXXW,Foxx Development Holdings Inc. - Warrant,Q,S,N,100.0,N,N,,FOXXW,N
Y,FPF,First Trust Intermediate Duration Preferred & Income Fund Common Shares of Beneficial Interest,N, ,N,100.0,N,,FPF,FPF,N
Y,FPH,"Five Point Holdings, LLC Class A Common Shares",N, ,N,100.0,N,,FPH,FPH,N
Y,FPI,Farmland Partners Inc. Common Stock,N, ,N,100.0,N,,FPI,FPI,N
Y,FPS,"Forgent Power Solutions, Inc. Class A Common Stock",N, ,N,100.0,N,,FPS,FPS,N
Y,FR,"First Industrial Realty Trust, Inc. Common Stock",N, ,N,100.0,N,,FR,FR,N
Y,FRA,Blackrock Floating Rate Income Strategies Fund Inc  Common Stock,N, ,N,100.0,N,,FRA,FRA,N
Y,FRAF,Franklin Financial Services Corporation - Common Stock,Q,S,N,100.0,N,N,,FRAF,N
Y,FRBA,First Bank  - Common Stock,Q,G,N,100.0,N,N,,FRBA,N
Y,FRBT,"Forbright, Inc. - Class A Common Stock",Q,Q,N,100.0,N,N,,FRBT,N
Y,FRD,Friedman Industries Inc. - Common Stock,Q,Q,N,100.0,N,N,,FRD,N
Y,FRGT,"Freight Technologies, Inc. - Ordinary Shares",Q,S,N,100.0,N,N,,FRGT,N
Y,FRHC,Freedom Holding Corp. - Common Stock,Q,S,N,100.0,N,N,,FRHC,N
Y,FRME,First Merchants Corporation - Common Stock,Q,Q,N,100.0,N,N,,FRME,N
Y,FRMEP,"First Merchants Corporation - Depository Shares, each representing a 1/100th interest in a share of 7.50% Non-Cumulative Perpetual Preferred Stock, A",Q,Q,N,100.0,N,N,,FRMEP,N
Y,FRMI,Fermi Inc. - Common Stock,Q,Q,N,100.0,N,N,,FRMI,N
Y,FRMM,"Forum Markets, Incorporated - Common Stock",Q,S,N,100.0,N,N,,FRMM,N
Y,FRO,Frontline Plc Ordinary Shares,N, ,N,100.0,N,,FRO,FRO,N
Y,FROG,JFrog Ltd. - Ordinary shares,Q,Q,N,100.0,N,N,,FROG,N
Y,FRPH,"FRP Holdings, Inc. - Common Stock",Q,Q,N,100.0,N,N,,FRPH,N
Y,FRPT,"Freshpet, Inc. - Common Stock",Q,G,N,100.0,N,N,,FRPT,N
Y,FRSH,Freshworks Inc. - Class A Common Stock,Q,Q,N,100.0,N,N,,FRSH,N
Y,FRST,Primis Financial Corp. - Common Stock,Q,G,N,100.0,N,N,,FRST,N
Y,FRSX,Foresight Autonomous Holdings Ltd. - American Depositary Shares,Q,S,N,100.0,N,N,,FRSX,N
Y,FRT,Federal Realty Investment Trust Common Stock,N, ,N,100.0,N,,FRT,FRT,N
Y,FRTT,Fort Technology Inc. - Common Shares,Q,S,N,100.0,N,N,,FRTT,N
Y,FRVO,Fervo Energy Company - Class A common stock,Q,Q,N,100.0,N,N,,FRVO,N
Y,FSBC,Five Star Bancorp - Common Stock,Q,Q,N,100.0,N,N,,FSBC,N
Y,FSBW,"FS Bancorp, Inc. - Common Stock",Q,S,N,100.0,N,N,,FSBW,N
Y,FSCO,FS Credit Opportunities Corp. Common Stock,N, ,N,100.0,N,,FSCO,FSCO,N
Y,FSEA,"First Seacoast Bancorp, Inc. - Common Stock",Q,S,N,100.0,N,N,,FSEA,N
Y,FSHP,Flag Ship Acquisition Corp. - Ordinary Shares,Q,G,N,100.0,N,N,,FSHP,N
Y,FSHPU,Flag Ship Acquisition Corp. - Unit,Q,G,N,100.0,N,N,,FSHPU,N
Y,FSI,Flexible Solutions International Inc. Common Stock (CDA),A, ,N,100.0,N,,FSI,FSI,N
Y,FSK,FS KKR Capital Corp. Common Stock,N, ,N,100.0,N,,FSK,FSK,N
Y,FSLR,"First Solar, Inc. - Common Stock",Q,Q,N,100.0,N,N,,FSLR,N
Y,FSLY,"Fastly, Inc. - Class A Common Stock",Q,Q,N,100.0,N,N,,FSLY,N
Y,FSM,Fortuna Mining Corp. Common Shares,N, ,N,100.0,N,,FSM,FSM,N
Y,FSP,Franklin Street Properties Corp. Common Stock,A, ,N,100.0,N,,FSP,FSP,N
Y,FSS,Federal Signal Corporation Common Stock,N, ,N,100.0,N,,FSS,FSS,N
Y,FSSL,FS Specialty Lending Fund Common Shares of Beneficial Interest,N, ,N,100.0,N,,FSSL,FSSL,N
Y,FSTR,L.B. Foster Company - Common Stock,Q,Q,N,100.0,N,N,,FSTR,N
Y,FSUN,FirstSun Capital Bancorp - Common Stock,Q,Q,N,100.0,N,N,,FSUN,N
Y,FSV,FirstService Corporation - Common Shares,Q,Q,N,100.0,N,N,,FSV,N
Y,FT,Franklin Universal Trust Common Stock,N, ,N,100.0,N,,FT,FT,N
Y,FTAI,FTAI Aviation Ltd. - Common Stock,Q,Q,N,40.0,N,N,,FTAI,N
Y,FTAIM,FTAI Aviation Ltd. - 9.500% Fixed-Rate Reset Series D Cumulative Perpetual Redeemable Preferred Shares,Q,Q,N,100.0,N,N,,FTAIM,N
Y,FTCI,"FTC Solar, Inc. - Common Stock",Q,S,N,100.0,N,N,,FTCI,N
Y,FTDR,"Frontdoor, Inc. - Common Stock",Q,Q,N,100.0,N,N,,FTDR,N
Y,FTEK,"Fuel Tech, Inc. - Common Stock",Q,S,N,100.0,N,N,,FTEK,N
Y,FTF,Franklin Limited Duration Income Trust Common Shares of Beneficial Interest,A, ,N,100.0,N,,FTF,FTF,N
Y,FTFT,Future FinTech Group Inc. - Common Stock,Q,S,N,100.0,N,N,,FTFT,N
Y,FTH,"Faeth Therapeutics, Inc.  - Common Stock",Q,S,N,100.0,N,N,,FTH,N
Y,FTHA,Forefront Tech Holdings Acquisition Corp - Class A Ordinary Shares,Q,G,N,100.0,N,N,,FTHA,N
Y,FTHAU,Forefront Tech Holdings Acquisition Corp - Unit,Q,G,N,100.0,N,N,,FTHAU,N
Y,FTHM,Fathom Holdings Inc. - Common Stock,Q,S,N,100.0,N,E,,FTHM,N
Y,FTHY,First Trust High Yield Opportunities 2027 Term Fund Common Stock,N, ,N,100.0,N,,FTHY,FTHY,N
Y,FTI,TechnipFMC plc Ordinary Share,N, ,N,100.0,N,,FTI,FTI,N
Y,FTK,"Flotek Industries, Inc. Common Stock",N, ,N,100.0,N,,FTK,FTK,N
Y,FTLF,"FitLife Brands, Inc. - Common Stock",Q,S,N,100.0,N,N,,FTLF,N
Y,FTNT,"Fortinet, Inc. - Common Stock",Q,Q,N,100.0,N,N,,FTNT,N
Y,FTRE,Fortrea Holdings Inc. - Common Stock,Q,Q,N,100.0,N,N,,FTRE,N
Y,FTRK,FAST TRACK GROUP - Ordinary shares,Q,S,N,100.0,N,D,,FTRK,N
Y,FTS,Fortis Inc. Common Shares,N, ,N,100.0,N,,FTS,FTS,N
Y,FTV,Fortive Corporation Common Stock ,N, ,N,100.0,N,,FTV,FTV,N
Y,FTW,Presidio Production Company Class A Common Stock,N, ,N,100.0,N,,FTW,FTW,N
Y,FUBO,FuboTV Inc. Class A Common Stock,N, ,N,100.0,N,,FUBO,FUBO,N
Y,FUFU,BitFuFu Inc. - Class A Ordinary Shares,Q,S,N,100.0,N,N,,FUFU,N
Y,FUFUW,BitFuFu Inc. - Warrant,Q,S,N,100.0,N,N,,FUFUW,N
Y,FUL,H. B. Fuller Company Common Stock,N, ,N,100.0,N,,FUL,FUL,N
Y,FULC,"Fulcrum Therapeutics, Inc. - Common Stock",Q,G,N,100.0,N,N,,FULC,N
Y,FULT,Fulton Financial Corporation - Common Stock,Q,Q,N,100.0,N,N,,FULT,N
Y,FULTP,"Fulton Financial Corporation - Depositary Shares Each Representing a 1/40th Interest in a Share of Fixed Rate Non-Cumulative Perpetual Preferred Stock, Series A",Q,Q,N,100.0,N,N,,FULTP,N
Y,FUN,Six Flags Entertainment Corporation Common Stock New,N, ,N,100.0,N,,FUN,FUN,N
Y,FUNC,First United Corporation - Common Stock,Q,Q,N,100.0,N,N,,FUNC,N
Y,FUND,"Sprott Focus Trust, Inc. - Closed End Fund",Q,Q,N,100.0,N,N,,FUND,N
Y,FURY,Fury Gold Mines Limited Common Shares,A, ,N,100.0,N,,FURY,FURY,N
Y,FUSB,"First US Bancshares, Inc. - Common Stock",Q,S,N,100.0,N,N,,FUSB,N
Y,FUSE,Fusemachines Inc. - Common stock,Q,G,N,100.0,N,D,,FUSE,N
Y,FUSEW,Fusemachines Inc. - Warrants,Q,S,N,100.0,N,N,,FUSEW,N
Y,FUTU,Futu Holdings Limited - American Depositary Shares,Q,G,N,100.0,N,N,,FUTU,N
Y,FVAV,Fortress Value Acquisition Corp. V - Class A Ordinary Shares,Q,G,N,100.0,N,N,,FVAV,N
Y,FVCB,"FVCBankcorp, Inc. - Common Stock",Q,S,N,100.0,N,N,,FVCB,N
Y,FVN,Future Vision II Acquisition Corporation - Ordinary Shares,Q,S,N,100.0,N,D,,FVN,N
Y,FVNNR,Future Vision II Acquisition Corporation - Right,Q,S,N,100.0,N,N,,FVNNR,N
Y,FVNNU,Future Vision II Acquisition Corporation - Units,Q,S,N,100.0,N,N,,FVNNU,N
Y,FVR,"FrontView REIT, Inc. Common Stock",N, ,N,100.0,N,,FVR,FVR,N
Y,FVRR,"Fiverr International Ltd. Ordinary Shares, no par value",N, ,N,100.0,N,,FVRR,FVRR,N
Y,FWACU,Futurewave Acquisition Corporation - Units,Q,S,N,100.0,N,N,,FWACU,N
Y,FWDI,"Forward Industries, Inc. - Common Stock",Q,S,N,100.0,N,N,,FWDI,N
Y,FWONA,Liberty Media Corporation - Series A Liberty Formula One Common Stock,Q,Q,N,100.0,N,N,,FWONA,N
Y,FWONK,Liberty Media Corporation - Series C Liberty Formula One Common Stock,Q,Q,N,100.0,N,N,,FWONK,N
Y,FWRD,Forward Air Corporation - Common Stock,Q,Q,N,100.0,N,N,,FWRD,N
Y,FWRG,"First Watch Restaurant Group, Inc. - Common Stock",Q,Q,N,100.0,N,N,,FWRG,N
Y,FXACU,FortuneX Acquisition Corporation - Units,Q,G,N,100.0,N,N,,FXACU,N
Y,FXHO,UTime Limited - Class A Ordinary Shares,Q,S,N,100.0,N,N,,FXHO,N
Y,FXNC,First National Corporation - Common Stock,Q,S,N,100.0,N,N,,FXNC,N
Y,G,Genpact Limited Common Stock,N, ,N,100.0,N,,G,G,N
Y,GAB,"Gabelli Equity Trust, Inc. (The) Common Stock",N, ,N,100.0,N,,GAB,GAB,N
Y,GABC,"German American Bancorp, Inc. - Common Stock",Q,Q,N,100.0,N,N,,GABC,N
Y,GAIA,"Gaia, Inc. - Class A Common Stock",Q,G,N,100.0,N,N,,GAIA,N
Y,GAIN,Gladstone Investment Corporation - Business Development Company,Q,Q,N,100.0,N,N,,GAIN,N
Y,GAING,Gladstone Investment Corporation - 7.125% Notes due 2031,Q,Q,N,100.0,N,N,,GAING,N
Y,GAINI,Gladstone Investment Corporation - 7.875% Notes due 2030,Q,Q,N,100.0,N,N,,GAINI,N
Y,GAINZ,Gladstone Investment Corporation - 4.875% Notes due 2028,Q,Q,N,100.0,N,N,,GAINZ,N
Y,GALT,Galectin Therapeutics Inc. - Common Stock,Q,S,N,100.0,N,N,,GALT,N
Y,GAM,"General American Investors, Inc. Common Stock",N, ,N,100.0,N,,GAM,GAM,N
Y,GAMB,Gambling.com Group Limited - Ordinary Shares,Q,G,N,100.0,N,N,,GAMB,N
Y,GAME,"GameSquare Holdings, Inc. - Common stock",Q,S,N,100.0,N,D,,GAME,N
Y,GANX,"Gain Therapeutics, Inc. - Common Stock",Q,G,N,100.0,N,N,,GANX,N
Y,GAP,"Gap, Inc. (The) Common Stock",N, ,N,100.0,N,,GAP,GAP,N
Y,GASS,"StealthGas, Inc. - common stock",Q,Q,N,100.0,N,N,,GASS,N
Y,GATX,GATX Corporation Common Stock,N, ,N,100.0,N,,GATX,GATX,N
Y,GAU,Galiano Gold Inc.,A, ,N,100.0,N,,GAU,GAU,N
Y,GAUZ,Gauzy Ltd. - Ordinary Shares,Q,G,N,100.0,N,H,,GAUZ,N
Y,GBAB,Guggenheim Taxable Municipal Bond & Investment Grade Debt Trust Common Shares of Beneficial Interest,N, ,N,100.0,N,,GBAB,GBAB,N
Y,GBCI,"Glacier Bancorp, Inc. Common Stock",N, ,N,100.0,N,,GBCI,GBCI,N
Y,GBDC,"Golub Capital BDC, Inc. - Closed End Fund",Q,Q,N,100.0,N,N,,GBDC,N
Y,GBFH,GBank Financial Holdings Inc. - Common Stock,Q,S,N,100.0,N,N,,GBFH,N
Y,GBLI,"Global Indemnity Group, LLC - Class A Common Shares",Q,Q,N,100.0,N,N,,GBLI,N
Y,GBR,"New Concept Energy, Inc Common Stock",A, ,N,100.0,N,,GBR,GBR,N
Y,GBTG,"Global Business Travel Group, Inc. Class A Common Stock",N, ,N,100.0,N,,GBTG,GBTG,N
Y,GBX,"Greenbrier Companies, Inc. (The) Common Stock",N, ,N,100.0,N,,GBX,GBX,N
Y,GCBC,"Greene County Bancorp, Inc. - Common Stock",Q,S,N,100.0,N,N,,GCBC,N
Y,GCDT,Green Circle Decarbonize Technology Limited Ordinary Shares,A, ,N,100.0,N,,GCDT,GCDT,N
Y,GCGR,General Catalyst Global Resilience Merger Corp. - Class A Ordinary Shares,Q,G,N,100.0,N,N,,GCGR,N
Y,GCGRU,General Catalyst Global Resilience Merger Corp. - Units,Q,G,N,100.0,N,N,,GCGRU,N
Y,GCL,GCL Global Holdings Ltd - Ordinary Shares,Q,Q,N,100.0,N,D,,GCL,N
Y,GCLWW,GCL Global Holdings Ltd - Warrants,Q,Q,N,100.0,N,N,,GCLWW,N
Y,GCMG,GCM Grosvenor Inc. - Class A Common Stock,Q,G,N,100.0,N,N,,GCMG,N
Y,GCO,Genesco Inc. Common Stock,N, ,N,100.0,N,,GCO,GCO,N
Y,GCT,GigaCloud Technology Inc - Class A Ordinary Shares,Q,G,N,100.0,N,N,,GCT,N
Y,GCTK,"GlucoTrack, Inc. - Common Stock",Q,S,N,100.0,N,D,,GCTK,N
Y,GCTS,"GCT Semiconductor Holding, Inc. Common Stock",N, ,N,100.0,N,,GCTS,GCTS,N
Y,GCV,"Gabelli Convertible and Income Securities Fund, Inc. (The) Common Stock",N, ,N,100.0,N,,GCV,GCV,N
Y,GD,General Dynamics Corporation Common Stock,N, ,N,40.0,N,,GD,GD,N
Y,GDC,GD Culture Group Limited - Common Stock,Q,S,N,100.0,N,D,,GDC,N
Y,GDDY,GoDaddy Inc. Class A Common Stock,N, ,N,100.0,N,,GDDY,GDDY,N
Y,GDEV,GDEV Inc. - Ordinary Shares,Q,G,N,100.0,N,N,,GDEV,N
Y,GDEVW,GDEV Inc. - Warrant,Q,G,N,100.0,N,N,,GDEVW,N
Y,GDHG,Golden Heaven Group Holdings Ltd.  - Class A Ordinary Shares,Q,S,N,100.0,N,N,,GDHG,N
Y,GDL,"GDL Fund, The Common Shares of Beneficial Interest",N, ,N,100.0,N,,GDL,GDL,N
Y,GDO,Western Asset Global Corporate Opportunity Fund Inc. Common Stock,N, ,N,100.0,N,,GDO,GDO,N
Y,GDOT,"Green Dot Corporation Class A Common Stock, $0.001 par value",N, ,N,100.0,N,,GDOT,GDOT,N
Y,GDRX,"GoodRx Holdings, Inc. - Class A Common Stock",Q,Q,N,100.0,N,N,,GDRX,N
Y,GDS,GDS Holdings Limited - American Depositary Shares,Q,G,N,100.0,N,N,,GDS,N
Y,GDTC,CytoMed Therapeutics Limited - Ordinary Shares,Q,S,N,100.0,N,N,,GDTC,N
Y,GDV,Gabelli Dividend & Income Trust Common Shares of Beneficial Interest,N, ,N,100.0,N,,GDV,GDV,N
Y,GDYN,"Grid Dynamics Holdings, Inc. - Class A Common Stock",Q,S,N,100.0,N,N,,GDYN,N
Y,GE,GE Aerospace Common Stock,N, ,N,40.0,N,,GE,GE,N
Y,GECC,Great Elm Capital Corp. - Closed End Fund,Q,G,N,100.0,N,N,,GECC,N
Y,GECCG,Great Elm Capital Corp. - 7.75% Notes Due 2030,Q,G,N,100.0,N,N,,GECCG,N
Y,GECCH,Great Elm Capital Corp. - 8.125% Notes Due 2029,Q,G,N,100.0,N,N,,GECCH,N
Y,GECCI,Great Elm Capital Corp. - 8.50% NOTES DUE 2029,Q,G,N,100.0,N,N,,GECCI,N
Y,GEF,Greif Inc. Class A Common Stock,N, ,N,100.0,N,,GEF,GEF,N
Y,GEG,"Great Elm Group, Inc.  - Common Stock",Q,Q,N,100.0,N,N,,GEG,N
Y,GEGGL,"Great Elm Group, Inc.  - 7.25% Notes due 2027",Q,G,N,100.0,N,N,,GEGGL,N
Y,GEHC,GE HealthCare Technologies Inc. - Common Stock,Q,Q,N,100.0,N,N,,GEHC,N
Y,GEL,"Genesis Energy, L.P. Common Units",N, ,N,100.0,N,,GEL,GEL,N
Y,GELS,Gelteq Limited - Ordinary Shares,Q,S,N,100.0,N,D,,GELS,N
Y,GEMI,"Gemini Space Station, Inc. - Class A Common Stock",Q,Q,N,100.0,N,N,,GEMI,N
Y,GEN,Gen Digital Inc. - Common Stock,Q,Q,N,100.0,N,N,,GEN,N
Y,GENB,"Generate Biomedicines, Inc. - Common Stock",Q,Q,N,100.0,N,N,,GENB,N
Y,GENC,"Gencor Industries, Inc. Common Stock",A, ,N,100.0,N,,GENC,GENC,N
Y,GENI,Genius Sports Limited Ordinary Shares,N, ,N,100.0,N,,GENI,GENI,N
Y,GENK,"GEN Restaurant Group, Inc. - Class A Common Stock",Q,G,N,100.0,N,N,,GENK,N
Y,GENVR,Gen Digital Inc. - Contingent Value Rights,Q,G,N,100.0,N,N,,GENVR,N
Y,GEO,Geo Group Inc (The) REIT,N, ,N,100.0,N,,GEO,GEO,N
Y,GEOS,Geospace Technologies Corporation - Common Stock,Q,Q,N,100.0,N,N,,GEOS,N
Y,GERN,Geron Corporation - Common Stock,Q,Q,N,100.0,N,N,,GERN,N
Y,GETY,"Getty Images Holdings, Inc. Class A Common Stock",N, ,N,100.0,N,,GETY,GETY,N
Y,GEV,GE Vernova Inc. Common Stock,N, ,N,40.0,N,,GEV,GEV,N
Y,GEVO,"Gevo, Inc. - Common Stock",Q,S,N,100.0,N,N,,GEVO,N
Y,GF,"New Germany Fund, Inc. (The) Common Stock",N, ,N,100.0,N,,GF,GF,N
Y,GFAI,"Guardforce AI Co., Limited - Ordinary Shares",Q,S,N,100.0,N,D,,GFAI,N
Y,GFAIW,"Guardforce AI Co., Limited - Warrant",Q,S,N,100.0,N,N,,GFAIW,N
Y,GFF,Griffon Corporation Common Stock,N, ,N,100.0,N,,GFF,GFF,N
Y,GFI,Gold Fields Limited American Depositary Shares,N, ,N,100.0,N,,GFI,GFI,N
Y,GFL,"GFL Environmental Inc. Subordinate voting shares, no par value",N, ,N,100.0,N,,GFL,GFL,N
Y,GFR,Greenfire Resources Ltd. Common Shares,N, ,N,100.0,N,,GFR,GFR,N
Y,GFS,GlobalFoundries Inc. - Ordinary Share,Q,Q,N,100.0,N,N,,GFS,N
Y,GGAL,"Grupo Financiero Galicia S.A. - American Depositary Shares, Class B Shares underlying",Q,S,N,100.0,N,N,,GGAL,N
Y,GGB,Gerdau S.A. Common Stock,N, ,N,100.0,N,,GGB,GGB,N
Y,GGG,Graco Inc. Common Stock,N, ,N,100.0,N,,GGG,GGG,N
Y,GGN,"GAMCO Global Gold, Natural Resources & Income Trust",A, ,N,100.0,N,,GGN,GGN,N
Y,GGR,Gogoro Inc. - Ordinary Shares,Q,S,N,100.0,N,N,,GGR,N
Y,GGROW,Gogoro Inc. - Warrant,Q,S,N,100.0,N,N,,GGROW,N
Y,GGRP,"The Glimpse Group, Inc. - Common Stock",Q,S,N,100.0,N,D,,GGRP,N
Y,GGT,"Gabelli Multi-Media Trust, Inc. (The) Common Stock",N, ,N,100.0,N,,GGT,GGT,N
Y,GGZ,Gabelli Global Small and Mid Cap Value Trust (The) Common Shares of Beneficial Interest,N, ,N,100.0,N,,GGZ,GGZ,N
Y,GH,"Guardant Health, Inc. - Common Stock",Q,Q,N,100.0,N,N,,GH,N
Y,GHC,Graham Holdings Company Common Stock,N, ,N,10.0,N,,GHC,GHC,N
Y,GHG,"GreenTree Hospitality Group Ltd. American depositary shares, each representing one Class A ordinary share",N, ,N,100.0,N,,GHG,GHG,N
Y,GHI,Greystone Housing Impact Investors LP Beneficial Unit Certificates representing assignments of limited partnership interests,N, ,N,100.0,N,,GHI,GHI,N
Y,GHM,Graham Corporation Common Stock,N, ,N,100.0,N,,GHM,GHM,N
Y,GHRS,GH Research PLC - Ordinary Shares,Q,G,N,100.0,N,N,,GHRS,N
Y,GHXIU,"Gores Holdings XI, Inc. - Units",Q,G,N,100.0,N,N,,GHXIU,N
Y,GHY,"PGIM Global High Yield Fund, Inc.",N, ,N,100.0,N,,GHY,GHY,N
Y,GIB,CGI Inc. Common Stock,N, ,N,100.0,N,,GIB,GIB,N
Y,GIBO,GIBO Holdings Limited - Class A Ordinary Shares,Q,S,N,100.0,N,N,,GIBO,N
Y,GIBOW,GIBO Holdings Limited - Warrants,Q,S,N,100.0,N,N,,GIBOW,N
Y,GIC,Global Industrial Company Common Stock,N, ,N,100.0,N,,GIC,GIC,N
Y,GIFT,"Giftify, Inc. - Common Stock",Q,S,N,100.0,N,N,,GIFT,N
Y,GIGM,GigaMedia Limited - Ordinary Shares,Q,S,N,100.0,N,N,,GIGM,N
Y,GIII,"G-III Apparel Group, LTD. - Common Stock",Q,Q,N,100.0,N,N,,GIII,N
Y,GIL,"Gildan Activewear, Inc. Class A Sub. Vot. Common Stock",N, ,N,100.0,N,,GIL,GIL,N
Y,GILD,"Gilead Sciences, Inc. - Common Stock",Q,Q,N,100.0,N,N,,GILD,N
Y,GILT,Gilat Satellite Networks Ltd. - Ordinary Shares,Q,Q,N,100.0,N,N,,GILT,N
Y,GIPR,Generation Income Properties Inc. - Common stock,Q,S,N,100.0,N,D,,GIPR,N
Y,GIPRW,Generation Income Properties Inc. - Warrant,Q,S,N,100.0,N,D,,GIPRW,N
Y,GIS,"General Mills, Inc. Common Stock",N, ,N,100.0,N,,GIS,GIS,N
Y,GITS,"Global Interactive Technologies, Inc. Common Stock - Common Stock",Q,S,N,100.0,N,N,,GITS,N
Y,GIW,GigCapital8 Corp. - Class A Ordinary Shares,Q,G,N,100.0,N,N,,GIW,N
Y,GIWWU,GigCapital8 Corp. - Units,Q,G,N,100.0,N,N,,GIWWU,N
Y,GIX,GigCapital9 Corp. - Class A Ordinary Share,Q,G,N,100.0,N,N,,GIX,N
Y,GIXXU,GigCapital9 Corp. - Units,Q,G,N,100.0,N,N,,GIXXU,N
Y,GJH,Synthetic Fixed-Income Securities Inc 6.375% (STRATS) Cl A-1,N, ,N,100.0,N,,GJH,GJH,N
Y,GJO,"Synthetic Fixed-Income Securities, Inc. on behalf of STRATS(SM) Trust for Wal-Mart Stores, Inc. Securities, Series 2004-5",N, ,N,100.0,N,,GJO,GJO,N
Y,GJP,"Synthetic Fixed-Income Securities, Inc. on behalf of STRATS (SM) Trust for Dominion Resources, Inc. Securities, Series 2005-6, Floating Rate Structured Repackaged Asset-Backed Trust Securities (STRATS) Certificates",N, ,N,100.0,N,,GJP,GJP,N
Y,GJR,"Synthetic Fixed-Income Securities, Inc. STRATS Trust for Procter&Gamble Securities, Series 2006-1",N, ,N,100.0,N,,GJR,GJR,N
Y,GJS,"Goldman Sachs Group Securities STRATS Trust for Goldman Sachs Group Securities, Series 2006-2",N, ,N,100.0,N,,GJS,GJS,N
Y,GJT,"Synthetic Fixed-Income Securities, Inc. Floating Rate Structured Repackaged Asset-Backed Trust Securities Certificates, Series 2006-3",N, ,N,100.0,N,,GJT,GJT,N
Y,GKOS,Glaukos Corporation Common Stock,N, ,N,100.0,N,,GKOS,GKOS,N
Y,GL,Globe Life Inc. Common Stock,N, ,N,100.0,N,,GL,GL,N
Y,GLAD,Gladstone Capital Corporation - Closed End Fund,Q,Q,N,100.0,N,N,,GLAD,N
Y,GLAS,Glass House Brands Inc. Subordinate Voting Shares,N, ,N,100.0,N,,GLAS,GLAS,N
Y,GLBE,Global-E Online Ltd. - ordinary shares,Q,Q,N,100.0,N,N,,GLBE,N
Y,GLBS,Globus Maritime Limited - Common Stock,Q,S,N,100.0,N,N,,GLBS,N
Y,GLDG,GoldMining Inc. Common Shares,A, ,N,100.0,N,,GLDG,GLDG,N
Y,GLE,Global Engine Group Holding Limited - Class A Ordinary Shares,Q,S,N,100.0,N,D,,GLE,N
Y,GLED,GalaxyEdge Acquisition Corporation Ordinary Shares,N, ,N,100.0,N,,GLED,GLED,N
Y,GLIBA,Liberty Capital Corporation - Series A GCI Group Common Stock,Q,Q,N,100.0,N,N,,GLIBA,N
Y,GLIBK,Liberty Capital Corporation - Series C GCI Group Common Stock,Q,Q,N,100.0,N,N,,GLIBK,N
Y,GLMD,Galmed Pharmaceuticals Ltd. - Ordinary Shares,Q,S,N,100.0,N,D,,GLMD,N
Y,GLND,Greenland Energy Company - Common Stock,Q,G,N,100.0,N,N,,GLND,N
Y,GLNG,Golar LNG Limited - Common Shares,Q,Q,N,100.0,N,N,,GLNG,N
Y,GLO,Clough Global Opportunities Fund Common Stock,A, ,N,100.0,N,,GLO,GLO,N
Y,GLOB,Globant S.A. Common Shares,N, ,N,100.0,N,,GLOB,GLOB,N
Y,GLOO,"Gloo Holdings, Inc. - Common Stock",Q,Q,N,100.0,N,N,,GLOO,N
Y,GLP,Global Partners LP Common Units representing Limited Partner Interests,N, ,N,100.0,N,,GLP,GLP,N
Y,GLPI,"Gaming and Leisure Properties, Inc. - Common Stock",Q,Q,N,100.0,N,N,,GLPI,N
Y,GLQ,Clough Global Equity Fund Clough Global Equity Fund Common Shares of Beneficial Interest,A, ,N,100.0,N,,GLQ,GLQ,N
Y,GLRE,"Greenlight Reinsurance, Ltd. - Class A Ordinary Shares",Q,Q,N,100.0,N,N,,GLRE,N
Y,GLSI,"Greenwich LifeSciences, Inc. - Common stock",Q,S,N,100.0,N,N,,GLSI,N
Y,GLU,Gabelli Global Utility Common Shares of Beneficial Ownership,A, ,N,100.0,N,,GLU,GLU,N
Y,GLUE,"Monte Rosa Therapeutics, Inc. - Common Stock",Q,Q,N,100.0,N,N,,GLUE,N
Y,GLV,Clough Global Dividend and Income Fund Common Shares of beneficial interest,A, ,N,100.0,N,,GLV,GLV,N
Y,GLW,Corning Incorporated Common Stock,N, ,N,100.0,N,,GLW,GLW,N
Y,GLXG,Galaxy Payroll Group Limited - Class A Ordinary Shares,Q,S,N,100.0,N,N,,GLXG,N
Y,GLXY,Galaxy Digital Inc. - Class A common stock,Q,Q,N,100.0,N,N,,GLXY,N
Y,GM,General Motors Company Common Stock,N, ,N,100.0,N,,GM,GM,N
Y,GMAB,Genmab A/S - American Depositary Shares,Q,Q,N,100.0,N,N,,GMAB,N
Y,GME,GameStop Corporation Common Stock,N, ,N,100.0,N,,GME,GME,N
Y,GMED,"Globus Medical, Inc. Class A Common Stock",N, ,N,100.0,N,,GMED,GMED,N
Y,GMEX,GMEX ROBOTICS CORPORATION - Class A Ordinary Shares,Q,S,N,100.0,N,N,,GMEX,N
Y,GMHS,Gamehaus Holdings Inc. - Class A Ordinary Shares,Q,S,N,100.0,N,N,,GMHS,N
Y,GMM,Global Mofy AI Limited  - Class A Ordinary Shares,Q,S,N,100.0,N,N,,GMM,N
Y,GMRS,GMR Solutions Inc. Class A Common Stock,N, ,N,100.0,N,,GMRS,GMRS,N
Y,GMTL,Guardian Metal Resources PLC ADS,A, ,N,100.0,N,,GMTL,GMTL,N
Y,GNE,Genie Energy Ltd. Class B Common Stock Stock,N, ,N,100.0,N,,GNE,GNE,N
Y,GNK,Genco Shipping & Trading Limited Ordinary Shares New (Marshall Islands),N, ,N,100.0,N,,GNK,GNK,N
Y,GNL,"Global Net Lease, Inc. Common Stock",N, ,N,100.0,N,,GNL,GNL,N
Y,GNLN,"Greenlane Holdings, Inc. - Class A Common Stock",Q,S,N,100.0,N,N,,GNLN,N
Y,GNLX,Genelux Corporation - Common Stock,Q,S,N,100.0,N,N,,GNLX,N
Y,GNPX,"Genprex, Inc. - Common Stock",Q,S,N,100.0,N,D,,GNPX,N
Y,GNRC,Generac Holdlings Inc. Common Stock,N, ,N,100.0,N,,GNRC,GNRC,N
Y,GNS,Genius Group Limited Ordinary Shares,A, ,N,100.0,N,,GNS,GNS,N
Y,GNSS,Genasys Inc. - Common Stock,Q,S,N,100.0,N,N,,GNSS,N
Y,GNT,"GAMCO Natural Resources, Gold & Income Trust",N, ,N,100.0,N,,GNT,GNT,N
Y,GNTA,Genenta Science S.p.A. - American Depositary Shares,Q,S,N,100.0,N,N,,GNTA,N
Y,GNTX,Gentex Corporation - Common Stock,Q,Q,N,100.0,N,N,,GNTX,N
Y,GNW,Genworth Financial Inc Common Stock,N, ,N,100.0,N,,GNW,GNW,N
Y,GO,Grocery Outlet Holding Corp. - Common Stock,Q,Q,N,100.0,N,N,,GO,N
Y,GOAI,Eva Live Inc. - Common Stock,Q,S,N,100.0,N,N,,GOAI,N
Y,GOF,Guggenheim Strategic Opportunities Fund Common Shares of Beneficial Interest,N, ,N,100.0,N,,GOF,GOF,N
Y,GOGO,Gogo Inc. - Common Stock,Q,Q,N,100.0,N,N,,GOGO,N
Y,GOLD,"Gold.com, Inc. Common Stock",N, ,N,100.0,N,,GOLD,GOLD,N
Y,GOLF,Acushnet Holdings Corp. Common Stock,N, ,N,100.0,N,,GOLF,GOLF,N
Y,GOOD,Gladstone Commercial Corporation - Real Estate Investment Trust,Q,Q,N,100.0,N,N,,GOOD,N
Y,GOODN,Gladstone Commercial Corporation - 6.625% Series E Cumulative Redeemable Preferred Stock,Q,Q,N,100.0,N,N,,GOODN,N
Y,GOODO,"Gladstone Commercial Corporation - 6.00% Series G Cumulative Redeemable Preferred Stock, par value $0.001 per share",Q,Q,N,100.0,N,N,,GOODO,N
Y,GOOG,Alphabet Inc. - Class C Capital Stock,Q,Q,N,40.0,N,N,,GOOG,N
Y,GOOGL,Alphabet Inc. - Class A Common Stock,Q,Q,N,40.0,N,N,,GOOGL,N
Y,GOOGM,Alphabet Inc. - Depositary Shares representing a 1/20th Interest in a Share of Series A Mandatory Convertible Preferred Stock,Q,Q,N,100.0,N,N,,GOOGM,N
Y,GOOGN,Alphabet Inc. - Depositary Shares representing a 1/20th Interest in a Share of Series B Mandatory Convertible Preferred Stock,Q,Q,N,100.0,N,N,,GOOGN,N
Y,GOOS,Canada Goose Holdings Inc. Subordinate Voting Shares,N, ,N,100.0,N,,GOOS,GOOS,N
Y,GORO,Gold Resource Corporation Common Stock,A, ,N,100.0,N,,GORO,GORO,N
Y,GOSS,"Gossamer Bio, Inc. - Common Stock",Q,Q,N,100.0,N,D,,GOSS,N
Y,GOTU,Gaotu Techedu Inc. American Depositary Shares,N, ,N,100.0,N,,GOTU,GOTU,N
Y,GOVX,"GeoVax Labs, Inc. - Common Stock",Q,S,N,100.0,N,N,,GOVX,N
Y,GP,GreenPower Motor Company Inc. - Common Shares,Q,S,N,100.0,N,N,,GP,N
Y,GPAC,General Purpose Acquisition Corp. - Class A Ordinary Shares,Q,G,N,100.0,N,N,,GPAC,N
Y,GPACU,General Purpose Acquisition Corp. - Units,Q,G,N,100.0,N,N,,GPACU,N
Y,GPAT,GP-Act III Acquisition Corp. - Class A Ordinary Share,Q,G,N,100.0,N,N,,GPAT,N
Y,GPATU,GP-Act III Acquisition Corp. - Units,Q,G,N,100.0,N,N,,GPATU,N
Y,GPATW,GP-Act III Acquisition Corp. - Warrants,Q,G,N,100.0,N,N,,GPATW,N
Y,GPC,Genuine Parts Company Common Stock,N, ,N,100.0,N,,GPC,GPC,N
Y,GPCR,Structure Therapeutics Inc. - American Depositary Shares,Q,G,N,100.0,N,N,,GPCR,N
Y,GPGI,"GPGI, Inc. Class A Common Stock",N, ,N,100.0,N,,GPGI,GPGI,N
Y,GPI,"Group 1 Automotive, Inc. Common Stock",N, ,N,40.0,N,,GPI,GPI,N
Y,GPJA,"Georgia Power Company Series 2017A 5.00% Junior Subordinated Notes due October 1, 2077",N, ,N,100.0,N,,GPJA,GPJA,N
Y,GPK,Graphic Packaging Holding Company,N, ,N,100.0,N,,GPK,GPK,N
Y,GPMT,Granite Point Mortgage Trust Inc. Common Stock,N, ,N,100.0,N,,GPMT,GPMT,N
Y,GPN,Global Payments Inc. Common Stock,N, ,N,100.0,N,,GPN,GPN,N
Y,GPOR,Gulfport Energy Corporation Common Shares,N, ,N,100.0,N,,GPOR,GPOR,N
Y,GPRE,"Green Plains, Inc. - Common Stock",Q,Q,N,100.0,N,N,,GPRE,N
Y,GPRK,Geopark Ltd Common Shares,N, ,N,100.0,N,,GPRK,GPRK,N
Y,GPRO,"GoPro, Inc. - Class A Common Stock",Q,Q,N,100.0,N,N,,GPRO,N
Y,GPUS,"Hyperscale Data, Inc. Common Stock",A, ,N,100.0,N,,GPUS,GPUS,N
Y,GRAB,Grab Holdings Limited - Class A Ordinary Shares,Q,Q,N,100.0,N,N,,GRAB,N
Y,GRABW,Grab Holdings Limited - Warrant,Q,Q,N,100.0,N,N,,GRABW,N
Y,GRAF,Graf Global Corp. Class A ordinary shares,A, ,N,100.0,N,,GRAF,GRAF,N
Y,GRAL,"GRAIL, Inc. - Common Stock",Q,Q,N,100.0,N,N,,GRAL,N
Y,GRAN,Grande Group Limited - Class A Ordinary Shares,Q,S,N,100.0,N,N,,GRAN,N
Y,GRBK,"Green Brick Partners, Inc. Common Stock",N, ,N,100.0,N,,GRBK,GRBK,N
Y,GRC,Gorman-Rupp Company (The) Common Stock,N, ,N,100.0,N,,GRC,GRC,N
Y,GRCE,"Grace Therapeutics, Inc. - Common Stock",Q,S,N,100.0,N,N,,GRCE,N
Y,GRDN,"Guardian Pharmacy Services, Inc. Class A Common Stock",N, ,N,100.0,N,,GRDN,GRDN,N
Y,GRDX,GridAI Technologies Corp.  - Common Stock,Q,S,N,100.0,N,N,,GRDX,N
Y,GREE,Greenidge Generation Holdings Inc. - Class A Common Stock,Q,Q,N,100.0,N,D,,GREE,N
Y,GREEL,Greenidge Generation Holdings Inc. - 8.50% Senior Notes due 2026,Q,Q,N,100.0,N,D,,GREEL,N
Y,GRF,"Eagle Capital Growth Fund, Inc. Common Stock",A, ,N,100.0,N,,GRF,GRF,N
Y,GRFS,"Grifols, S.A. - American Depositary Shares",Q,Q,N,100.0,N,N,,GRFS,N
Y,GRI,"GRI Bio, Inc. - Common Stock",Q,S,N,100.0,N,N,,GRI,N
Y,GRML,Greenland Mines Ltd - Common Stock,Q,S,N,100.0,N,D,,GRML,N
Y,GRMN,Garmin Ltd. Common Stock (Switzerland),N, ,N,100.0,N,,GRMN,GRMN,N
Y,GRN,iPath Series B Carbon Exchange-Traded Notes,P, ,N,100.0,N,,GRN,GRN,N
Y,GRND,Grindr Inc. Common Stock,N, ,N,100.0,N,,GRND,GRND,N
Y,GRNQ,Greenpro Capital Corp. - Common Stock,Q,S,N,100.0,N,N,,GRNQ,N
Y,GRNT,"Granite Ridge Resources, Inc. Common Stock",N, ,N,100.0,N,,GRNT,GRNT,N
Y,GRO,Brazil Potash Corp. Common Shares,A, ,N,100.0,N,,GRO,GRO,N
Y,GROV,"Grove Collaborative Holdings, Inc. Class A Common Stock",N, ,N,100.0,N,,GROV,GROV,N
Y,GROW,"U.S. Global Investors, Inc. - Class A Common Stock",Q,S,N,100.0,N,N,,GROW,N
Y,GROY,Gold Royalty Corp. Common Shares,A, ,N,100.0,N,,GROY,GROY,N
Y,GRPN,"Groupon, Inc. - Common Stock",Q,Q,N,100.0,N,N,,GRPN,N
Y,GRRR,Gorilla Technology Group Inc. - Ordinary shares,Q,S,N,100.0,N,N,,GRRR,N
Y,GRRRW,Gorilla Technology Group Inc. - Warrant,Q,S,N,100.0,N,N,,GRRRW,N
Y,GRVY,"GRAVITY Co., Ltd. - American depositary shares, each representing one common share.",Q,G,N,100.0,N,N,,GRVY,N
Y,GRWG,GrowGeneration Corp. - Common Stock,Q,S,N,100.0,N,N,,GRWG,N
Y,GRX,The Gabelli Healthcare & Wellness Trust Common Shares of Beneficial Interest,N, ,N,100.0,N,,GRX,GRX,N
Y,GS,"Goldman Sachs Group, Inc. (The) Common Stock",N, ,N,40.0,N,,GS,GS,N
Y,GSAT,"Globalstar, Inc. - Common Stock",Q,Q,N,100.0,N,N,,GSAT,N
Y,GSBC,"Great Southern Bancorp, Inc. - Common Stock",Q,Q,N,100.0,N,N,,GSBC,N
Y,GSBD,"Goldman Sachs BDC, Inc. Common Stock",N, ,N,100.0,N,,GSBD,GSBD,N
Y,GSHD,"Goosehead Insurance, Inc. - Class A Common Stock",Q,Q,N,100.0,N,N,,GSHD,N
Y,GSHR,Gesher Acquisition Corp. II - Class A Ordinary Shares,Q,G,N,100.0,N,N,,GSHR,N
Y,GSHRU,Gesher Acquisition Corp. II - Units,Q,G,N,100.0,N,N,,GSHRU,N
Y,GSHRW,Gesher Acquisition Corp. II - Warrants,Q,G,N,100.0,N,N,,GSHRW,N
Y,GSIT,"GSI Technology, Inc. - Common Stock",Q,Q,N,100.0,N,N,,GSIT,N
Y,GSIW,Garden Stage Limited - Class A Ordinary Shares,Q,S,N,100.0,N,N,,GSIW,N
Y,GSK,GSK plc American Depositary Shares (Each representing two Ordinary Shares),N, ,N,100.0,N,,GSK,GSK,N
Y,GSL,Global Ship Lease Inc New Class A Common Shares,N, ,N,100.0,N,,GSL,GSL,N
Y,GSM,Ferroglobe PLC - Ordinary Shares,Q,S,N,100.0,N,N,,GSM,N
Y,GSRF,GSR IV Acquisition Corp. - Class A ordinary share,Q,G,N,100.0,N,N,,GSRF,N
Y,GSRFR,GSR IV Acquisition Corp. - Rights,Q,G,N,100.0,N,N,,GSRFR,N
Y,GSRFU,GSR IV Acquisition Corp. - Units,Q,G,N,100.0,N,N,,GSRFU,N
Y,GSRV,GSR V Acquisition Corp. - Class A ordinary shares,Q,G,N,100.0,N,N,,GSRV,N
Y,GSRVU,GSR V Acquisition Corp. - Units,Q,G,N,100.0,N,N,,GSRVU,N
Y,GSUN,Golden Sun Technology Group Limited - Class A Ordinary Shares,Q,S,N,100.0,N,D,,GSUN,N
Y,GT,The Goodyear Tire & Rubber Company - Common Stock,Q,Q,N,100.0,N,N,,GT,N
Y,GTBP,"GT Biopharma, Inc. - Common Stock",Q,S,N,100.0,N,D,,GTBP,N
Y,GTE,Gran Tierra Energy Inc. Common Stock,A, ,N,100.0,N,,GTE,GTE,N
Y,GTEC,Greenland Technologies Holding Corporation - Class A Ordinary Shares,Q,S,N,100.0,N,D,,GTEC,N
Y,GTEN,"Gores Holdings X, Inc. - Class A ordinary shares",Q,G,N,100.0,N,N,,GTEN,N
Y,GTENU,"Gores Holdings X, Inc. - Units",Q,G,N,100.0,N,N,,GTENU,N
Y,GTENW,"Gores Holdings X, Inc. - Warrants",Q,G,N,100.0,N,N,,GTENW,N
Y,GTERA,Globa Terra Acquisition Corporation - Class A Ordinary Shares,Q,G,N,100.0,N,N,,GTERA,N
Y,GTERU,Globa Terra Acquisition Corporation - Units,Q,G,N,100.0,N,N,,GTERU,N
Y,GTERW,Globa Terra Acquisition Corporation - Warrants,Q,G,N,100.0,N,N,,GTERW,N
Y,GTES,Gates Industrial Corporation plc Ordinary Shares,N, ,N,100.0,N,,GTES,GTES,N
Y,GTIM,Good Times Restaurants Inc. - Common Stock,Q,S,N,100.0,N,N,,GTIM,N
Y,GTLB,GitLab Inc. - Class A Common Stock,Q,Q,N,100.0,N,N,,GTLB,N
Y,GTLS,"Chart Industries, Inc. Common Stock",N, ,N,100.0,N,,GTLS,GTLS,N
Y,GTM,ZoomInfo Technologies Inc. - Common Stock,Q,Q,N,100.0,N,N,,GTM,N
Y,GTN,"Gray Media, Inc. Common Stock",N, ,N,100.0,N,,GTN,GTN,N
Y,GTX,Garrett Motion Inc. - Common Stock,Q,Q,N,100.0,N,N,,GTX,N
Y,GTY,Getty Realty Corporation Common Stock,N, ,N,100.0,N,,GTY,GTY,N
Y,GUAC,Berto Acquisition Corp. II - Ordinary Shares,Q,G,N,100.0,N,N,,GUAC,N
Y,GUACU,Berto Acquisition Corp. II - Units,Q,G,N,100.0,N,N,,GUACU,N
Y,GUG,Guggenheim Active Allocation Fund Common Shares of Beneficial Interest,N, ,N,100.0,N,,GUG,GUG,N
Y,GURE,"Gulf Resources, Inc. - Common Stock",Q,S,N,100.0,N,E,,GURE,N
Y,GUT,Gabelli Utility Trust (The) Common Stock,N, ,N,100.0,N,,GUT,GUT,N
Y,GUTS,"Fractyl Health, Inc. - Common Stock",Q,G,N,100.0,N,D,,GUTS,N
Y,GV,Visionary Holdings Inc. - Common Shares,Q,S,N,100.0,N,H,,GV,N
Y,GVA,Granite Construction Incorporated Common Stock,N, ,N,100.0,N,,GVA,GVA,N
Y,GVH,Globavend Holdings Limited - Ord Shares,Q,S,N,100.0,N,N,,GVH,N
Y,GWAV,"Greenwave Technology Solutions, Inc. - Common Stock",Q,S,N,100.0,N,E,,GWAV,N
Y,GWH,"ESS Tech, Inc. Common Stock",N, ,N,100.0,N,,GWH,GWH,N
Y,GWRE,"Guidewire Software, Inc. Common Stock",N, ,N,100.0,N,,GWRE,GWRE,N
Y,GWRS,"Global Water Resources, Inc. - common stock",Q,G,N,100.0,N,N,,GWRS,N
Y,GWW,"W.W. Grainger, Inc. Common Stock",N, ,N,10.0,N,,GWW,GWW,N
Y,GXAI,Gaxos.ai Inc. - Common Stock,Q,S,N,100.0,N,N,,GXAI,N
Y,GXO,"GXO Logistics, Inc. Common Stock ",N, ,N,100.0,N,,GXO,GXO,N
Y,GYRE,"Gyre Therapeutics, Inc. - Common Stock",Q,S,N,100.0,N,N,,GYRE,N
Y,GYRO,"Gyrodyne , LLC - Common Stock",Q,S,N,100.0,N,N,,GYRO,N
Y,H,Hyatt Hotels Corporation Class A Common Stock,N, ,N,100.0,N,,H,H,N
Y,HACQ,HCM IV Acquisition Corp. - Class A Ordinary Share,Q,G,N,100.0,N,N,,HACQ,N
Y,HACQU,HCM IV Acquisition Corp. - Unit,Q,G,N,100.0,N,N,,HACQU,N
Y,HAE,Haemonetics Corporation Common Stock,N, ,N,100.0,N,,HAE,HAE,N
Y,HAFC,Hanmi Financial Corporation - Common Stock,Q,Q,N,100.0,N,N,,HAFC,N
Y,HAFN,Hafnia Limited Common Shares,N, ,N,100.0,N,,HAFN,HAFN,N
Y,HAIN,"The Hain Celestial Group, Inc. - Common Stock",Q,Q,N,100.0,N,D,,HAIN,N
Y,HAL,Halliburton Company Common Stock,N, ,N,100.0,N,,HAL,HAL,N
Y,HALO,"Halozyme Therapeutics, Inc. - Common Stock",Q,Q,N,100.0,N,N,,HALO,N
Y,HAO,Haoxi Health Technology Limited - Class A Ord Share,Q,S,N,100.0,N,N,,HAO,N
Y,HAPN,"Happen, Inc. - Common Stock",Q,Q,N,100.0,N,N,,HAPN,N
Y,HAS,"Hasbro, Inc. - Common Stock",Q,Q,N,100.0,N,N,,HAS,N
Y,HASI,"HA Sustainable Infrastructure Capital, Inc. Common Stock",N, ,N,100.0,N,,HASI,HASI,N
Y,HAVA,Harvard Ave Acquisition Corporation - Class A Ordinary Share,Q,G,N,100.0,N,N,,HAVA,N
Y,HAVAU,Harvard Ave Acquisition Corporation - Unit,Q,G,N,100.0,N,N,,HAVAU,N
Y,HAWK,"HawkEye 360, Inc. Common Stock",N, ,N,100.0,N,,HAWK,HAWK,N
Y,HAYW,"Hayward Holdings, Inc. Common Stock",N, ,N,100.0,N,,HAYW,HAYW,N
Y,HBAN,Huntington Bancshares Incorporated - Common Stock,Q,Q,N,100.0,N,N,,HBAN,N
Y,HBANL,"Huntington Bancshares Incorporated - Depositary Shares, Each Representing a 1/40th Interest in a Share of 6.875% Series J Non-Cumulative Perpetual Preferred Stock",Q,Q,N,100.0,N,N,,HBANL,N
Y,HBANM,Huntington Bancshares Incorporated - Depositary Shares each representing a 1/1000th interest in a share of Huntington Series I Preferred Stock,Q,Q,N,100.0,N,N,,HBANM,N
Y,HBANP,Huntington Bancshares Incorporated - Depositary Shares 4.500% Series H Non-Cumulative Perpetual Preferred Stock,Q,Q,N,100.0,N,N,,HBANP,N
Y,HBANZ,"Huntington Bancshares Incorporated - Depositary Shares, Each Representing a 1/1000th Interest in a Share of 5.50% Series L Non-Cumulative Perpetual Preferred Stock",Q,Q,N,100.0,N,N,,HBANZ,N
Y,HBB,Hamilton Beach Brands Holding Company Class A Common Stock ,N, ,N,100.0,N,,HBB,HBB,N
Y,HBCP,"Home Bancorp, Inc. - Common Stock",Q,Q,N,100.0,N,N,,HBCP,N
Y,HBIO,"Harvard Bioscience, Inc. - Common Stock",Q,S,N,100.0,N,N,,HBIO,N
Y,HBM,Hudbay Minerals Inc. Ordinary Shares (Canada),N, ,N,100.0,N,,HBM,HBM,N
Y,HBNB,Hotel101 Global Holdings Corp. - Class A Ordinary Shares,Q,S,N,100.0,N,N,,HBNB,N
Y,HBNC,"Horizon Bancorp, Inc. - Common Stock",Q,Q,N,100.0,N,N,,HBNC,N
Y,HBT,"HBT Financial, Inc. - Common Stock",Q,Q,N,100.0,N,N,,HBT,N
Y,HCA,"HCA Healthcare, Inc. Common Stock",N, ,N,40.0,N,,HCA,HCA,N
Y,HCAC,Hall Chadwick Acquisition Corp. - Class A Ordinary Shares,Q,G,N,100.0,N,N,,HCAC,N
Y,HCACU,Hall Chadwick Acquisition Corp. - Unit,Q,G,N,100.0,N,N,,HCACU,N
Y,HCAI,"Huachen AI Parking Management Technology Holding Co., Ltd. - Class A Ordinary Shares",Q,S,N,100.0,N,N,,HCAI,N
Y,HCAT,"Health Catalyst, Inc - Common stock",Q,Q,N,100.0,N,N,,HCAT,N
Y,HCC,"Warrior Met Coal, Inc. Common Stock",N, ,N,100.0,N,,HCC,HCC,N
Y,HCHL,Happy City Holdings Limited - Class A Ordinary shares,Q,S,N,100.0,N,N,,HCHL,N
Y,HCI,"HCI Group, Inc. Common Stock",N, ,N,100.0,N,,HCI,HCI,N
Y,HCIC,Hennessy Capital Investment Corp. VIII - Class A Ordinary Shares,Q,G,N,100.0,N,N,,HCIC,N
Y,HCICU,Hennessy Capital Investment Corp. VIII - Units,Q,G,N,100.0,N,N,,HCICU,N
Y,HCKT,"The Hackett Group, Inc. - Common Stock",Q,Q,N,100.0,N,N,,HCKT,N
Y,HCM,HUTCHMED (China) Limited - American Depositary Shares,Q,Q,N,100.0,N,N,,HCM,N
Y,HCMA,HCM III Acquisition Corp. - Class A Ordinary Share,Q,G,N,100.0,N,N,,HCMA,N
Y,HCMAU,HCM III Acquisition Corp. - Units,Q,G,N,100.0,N,N,,HCMAU,N
Y,HCMAW,HCM III Acquisition Corp. - Warrants,Q,G,N,100.0,N,N,,HCMAW,N
Y,HCSG,"Healthcare Services Group, Inc. - Common Stock",Q,Q,N,100.0,N,N,,HCSG,N
Y,HCTI,"Healthcare Triangle, Inc. - Common Stock",Q,S,N,100.0,N,N,,HCTI,N
Y,HCWB,HCW Biologics Inc. - Common Stock,Q,S,N,100.0,N,N,,HCWB,N
Y,HCWC,Healthy Choice Wellness Corp. Class A Common Stock,A, ,N,100.0,N,,HCWC,HCWC,N
Y,HCXY,"Hercules Capital, Inc. 6.25% Notes due 2033",N, ,N,100.0,N,,HCXY,HCXY,N
Y,HD,"Home Depot, Inc. (The) Common Stock",N, ,N,40.0,N,,HD,HD,N
Y,HDB,HDFC Bank Limited Common Stock,N, ,N,100.0,N,,HDB,HDB,N
Y,HDL,SUPER HI INTERNATIONAL HOLDING LTD. - American Depositary Shares,Q,G,N,100.0,N,N,,HDL,N
Y,HDRN,"Hadron Energy, Inc. - Common Stock",Q,S,N,100.0,N,N,,HDRN,N
Y,HDSN,"Hudson Technologies, Inc. - Common Stock",Q,S,N,100.0,N,N,,HDSN,N
Y,HE,"Hawaiian Electric Industries, Inc. Common Stock",N, ,N,100.0,N,,HE,HE,N
Y,HEI,Heico Corporation Common Stock,N, ,N,40.0,N,,HEI,HEI,N
Y,HELE,Helen of Troy Limited - Common Stock,Q,Q,N,100.0,N,N,,HELE,N
Y,HELP,Cybin Inc. - Common Stock,Q,G,N,100.0,N,N,,HELP,N
Y,HEPS,D-Market Electronic Services & Trading - American Depositary Shares,Q,Q,N,100.0,N,N,,HEPS,N
Y,HEQ,John Hancock Diversified Income Fund Common Shares of Beneficial Interest,N, ,N,100.0,N,,HEQ,HEQ,N
Y,HERE,Here Group Limited - American Depositary Shares,Q,G,N,100.0,N,N,,HERE,N
Y,HERZ,"Herzfeld Credit Income Fund, Inc.  - Closed End Fund",Q,S,N,100.0,N,N,,HERZ,N
Y,HESM,Hess Midstream LP Class A Representing Limited Partner Interests,N, ,N,100.0,N,,HESM,HESM,N
Y,HFBL,"Home Federal Bancorp, Inc. of Louisiana - Common Stock",Q,S,N,100.0,N,N,,HFBL,N
Y,HFFG,HF Foods Group Inc. - Common Stock,Q,S,N,100.0,N,N,,HFFG,N
Y,HFRO,Highland Opportunities and Income Fund Common Shares of Beneficial Interest,N, ,N,100.0,N,,HFRO,HFRO,N
Y,HFWA,Heritage Financial Corporation - Common Stock,Q,Q,N,100.0,N,N,,HFWA,N
Y,HG,"Hamilton Insurance Group, Ltd. Class B Common Shares",N, ,N,100.0,N,,HG,HG,N
Y,HGBL,Heritage Global Inc. - Common Stock,Q,S,N,100.0,N,N,,HGBL,N
Y,HGLB,Highland Global Allocation Fund Common Stock,N, ,N,100.0,N,,HGLB,HGLB,N
Y,HGTY,"Hagerty, Inc. Class A Common Stock",N, ,N,100.0,N,,HGTY,HGTY,N
Y,HGV,Hilton Grand Vacations Inc. Common Stock ,N, ,N,100.0,N,,HGV,HGV,N
Y,HHH,Howard Hughes Holdings Inc. Common Stock,N, ,N,100.0,N,,HHH,HHH,N
Y,HHS,"Harte Hanks, Inc. - Common Stock",Q,G,N,100.0,N,N,,HHS,N
Y,HIFS,Hingham Institution for Savings - Common Stock,Q,G,N,40.0,N,N,,HIFS,N
Y,HIG,"The Hartford Insurance Group, Inc. Common Stock",N, ,N,100.0,N,,HIG,HIG,N
Y,HIHO,Highway Holdings Limited - Common Stock,Q,S,N,100.0,N,D,,HIHO,N
Y,HII,"Huntington Ingalls Industries, Inc. Common Stock",N, ,N,40.0,N,,HII,HII,N
Y,HIMS,"Hims & Hers Health, Inc. Class A Common Stock",N, ,N,100.0,N,,HIMS,HIMS,N
Y,HIMX,"Himax Technologies, Inc. - American depositary shares, each of which represents two ordinary shares.",Q,Q,N,100.0,N,N,,HIMX,N
Y,HIND,"Vyome Holdings, Inc. - Common Stock",Q,S,N,100.0,N,N,,HIND,N
Y,HIO,"Western Asset High Income Opportunity Fund, Inc. Common Stock",N, ,N,100.0,N,,HIO,HIO,N
Y,HIPO,Hippo Holdings Inc. Common Stock,N, ,N,100.0,N,,HIPO,HIPO,N
Y,HIT,"Health In Tech, Inc. - Class A Common Stock",Q,S,N,100.0,N,N,,HIT,N
Y,HITI,High Tide Inc. - Common Shares,Q,S,N,100.0,N,N,,HITI,N
Y,HIVE,HIVE Digital Technologies Ltd - Common Shares,Q,S,N,100.0,N,N,,HIVE,N
Y,HIW,"Highwoods Properties, Inc. Common Stock",N, ,N,100.0,N,,HIW,HIW,N
Y,HIX,Western Asset High Income Fund II Inc. Common Stock,N, ,N,100.0,N,,HIX,HIX,N
Y,HKD,AMTD Digital Inc. American Depositary Shares (every five of which represent two Class A Ordinary Shares),N, ,N,100.0,N,,HKD,HKD,N
Y,HKIT,Hitek Global Inc. - Class A Ordinary Share,Q,S,N,100.0,N,N,,HKIT,N
Y,HKPD,"Cellyan Biotechnology Co., Ltd  - Class A Ordinary Shares",Q,S,N,100.0,N,D,,HKPD,N
Y,HL,Hecla Mining Company Common Stock,N, ,N,100.0,N,,HL,HL,N
Y,HLF,Herbalife Ltd. Common Shares,N, ,N,100.0,N,,HLF,HLF,N
Y,HLI,"Houlihan Lokey, Inc. Class A Common Stock",N, ,N,100.0,N,,HLI,HLI,N
Y,HLIO,"Helios Technologies, Inc. Common Stock",N, ,N,100.0,N,,HLIO,HLIO,N
Y,HLIT,Harmonic Inc. - Common Stock,Q,Q,N,100.0,N,N,,HLIT,N
Y,HLLY,Holley Inc. Common Stock,N, ,N,100.0,N,,HLLY,HLLY,N
Y,HLMN,Hillman Solutions Corp. - Common Stock,Q,G,N,100.0,N,N,,HLMN,N
Y,HLN,Haleon plc American Depositary Shares (Each representing two Ordinary Shares),N, ,N,100.0,N,,HLN,HLN,N
Y,HLNE,Hamilton Lane Incorporated - Class A Common Stock,Q,Q,N,100.0,N,N,,HLNE,N
Y,HLP,Hongli Group Inc. - Ordinary Shares,Q,S,N,100.0,N,N,,HLP,N
Y,HLT,Hilton Worldwide Holdings Inc. Common Stock ,N, ,N,40.0,N,,HLT,HLT,N
Y,HLX,"Helix Energy Solutions Group, Inc. Common Stock",N, ,N,100.0,N,,HLX,HLX,N
Y,HLXC,Helix Acquisition Corp. III - Class A Ordinary Shares,Q,G,N,100.0,N,N,,HLXC,N
Y,HMC,"Honda Motor Company, Ltd. Common Stock",N, ,N,100.0,N,,HMC,HMC,N
Y,HMH,HMH Holding Inc. - Common Stock,Q,Q,N,100.0,N,N,,HMH,N
Y,HMN,Horace Mann Educators Corporation Common Stock,N, ,N,100.0,N,,HMN,HMN,N
Y,HMR,Heidmar Maritime Holdings Corp. - Common Stock,Q,S,N,100.0,N,N,,HMR,N
Y,HMY,Harmony Gold Mining Company Limited,N, ,N,100.0,N,,HMY,HMY,N
Y,HNGE,"Hinge Health, Inc. Class A Common Stock",N, ,N,100.0,N,,HNGE,HNGE,N
Y,HNI,HNI Corporation Common Stock,N, ,N,100.0,N,,HNI,HNI,N
Y,HNNA,"Hennessy Advisors, Inc. - Common Stock",Q,G,N,100.0,N,N,,HNNA,N
Y,HNRG,Hallador Energy Company - Common Stock,Q,S,N,100.0,N,N,,HNRG,N
Y,HNST,"The Honest Company, Inc. - Common Stock",Q,Q,N,100.0,N,N,,HNST,N
Y,HNVR,"Hanover Bancorp, Inc. - Common Stock",Q,Q,N,100.0,N,N,,HNVR,N
Y,HODO,House of Doge Inc. - Common Stock,Q,S,N,100.0,N,N,,HODO,N
Y,HOFT,Hooker Furnishings Corporation - Common Stock,Q,Q,N,100.0,N,N,,HOFT,N
Y,HOG,"Harley-Davidson, Inc. Common Stock",N, ,N,100.0,N,,HOG,HOG,N
Y,HOLO,MicroCloud Hologram Inc. - Ordinary Shares,Q,S,N,100.0,N,N,,HOLO,N
Y,HOLOW,MicroCloud Hologram Inc. - Warrant,Q,S,N,100.0,N,N,,HOLOW,N
Y,HOMB,"Home BancShares, Inc. Common Stock",N, ,N,100.0,N,,HOMB,HOMB,N
Y,HON,Honeywell International Inc. - Common Stock,Q,Q,N,100.0,N,N,,HON,N
Y,HONA,Honeywell Aerospace Inc. - Common Stock,Q,Q,N,100.0,N,N,,HONA,N
Y,HOOD,"Robinhood Markets, Inc. - Class A Common Stock",Q,Q,N,100.0,N,N,,HOOD,N
Y,HOPE,"Hope Bancorp, Inc. - Common Stock",Q,Q,N,100.0,N,N,,HOPE,N
Y,HOUR,"Hour Loop, Inc. - common stock",Q,S,N,100.0,N,N,,HOUR,N
Y,HOV,"Hovnanian Enterprises, Inc. Class A Common Stock",N, ,N,100.0,N,,HOV,HOV,N
Y,HOVNP,Hovnanian Enterprises Inc - Depositary Share representing 1/1000th of 7.625% Series A Preferred Stock,Q,G,N,100.0,N,N,,HOVNP,N
Y,HOVR,New Horizon Aircraft Ltd. - Class A Ordinary Shares,Q,S,N,100.0,N,N,,HOVR,N
Y,HOVRW,New Horizon Aircraft Ltd. - Warrant,Q,S,N,100.0,N,N,,HOVRW,N
Y,HOWL,"Werewolf Therapeutics, Inc. - Common Stock",Q,Q,N,100.0,N,D,,HOWL,N
Y,HP,"Helmerich & Payne, Inc. Common Stock",N, ,N,100.0,N,,HP,HP,N
Y,HPAI,Helport AI Limited - Ordinary Shares,Q,S,N,100.0,N,N,,HPAI,N
Y,HPAIW,Helport AI Limited - Warrants,Q,S,N,100.0,N,N,,HPAIW,N
Y,HPE,Hewlett Packard Enterprise Company Common Stock,N, ,N,100.0,N,,HPE,HPE,N
Y,HPF,John Hancock Pfd Income Fund II Pfd Income Fund II,N, ,N,100.0,N,,HPF,HPF,N
Y,HPI,John Hancock Preferred Income Fund Common Shares of Beneficial Interest,N, ,N,100.0,N,,HPI,HPI,N
Y,HPK,"HighPeak Energy, Inc. - Common Stock",Q,G,N,100.0,N,N,,HPK,N
Y,HPP,"Hudson Pacific Properties, Inc. Common Stock",N, ,N,100.0,N,,HPP,HPP,N
Y,HPQ,HP Inc. Common Stock,N, ,N,100.0,N,,HPQ,HPQ,N
Y,HPS,John Hancock Preferred Income Fund III Preferred Income Fund III,N, ,N,100.0,N,,HPS,HPS,N
Y,HQ,Horizon Quantum Holdings Ltd. - Class A Ordinary Shares,Q,S,N,100.0,N,N,,HQ,N
Y,HQH,abrdn Healthcare Investors Shares of Beneficial Interest,N, ,N,100.0,N,,HQH,HQH,N
Y,HQI,"HireQuest, Inc. - Common Stock",Q,S,N,100.0,N,N,,HQI,N
Y,HQL,abrdn Life Sciences Investors Shares of Beneficial Interest,N, ,N,100.0,N,,HQL,HQL,N
Y,HQWWW,Horizon Quantum Holdings Ltd. - Warrant,Q,S,N,100.0,N,N,,HQWWW,N
Y,HQY,"HealthEquity, Inc. - Common Stock",Q,Q,N,100.0,N,N,,HQY,N
Y,HR,Healthcare Realty Trust Incorporated Common Stock,N, ,N,100.0,N,,HR,HR,N
Y,HRB,"H&R Block, Inc. Common Stock",N, ,N,100.0,N,,HRB,HRB,N
Y,HRI,Herc Holdings Inc. Common Stock ,N, ,N,100.0,N,,HRI,HRI,N
Y,HRL,Hormel Foods Corporation Common Stock,N, ,N,100.0,N,,HRL,HRL,N
Y,HRMY,"Harmony Biosciences Holdings, Inc. - Common Stock",Q,G,N,100.0,N,N,,HRMY,N
Y,HROW,"Harrow, Inc. - Common Stock",Q,G,N,100.0,N,N,,HROW,N
Y,HRTG,"Heritage Insurance Holdings, Inc. Common Stock",N, ,N,100.0,N,,HRTG,HRTG,N
Y,HRTX,"Heron Therapeutics, Inc.   - Common Stock",Q,S,N,100.0,N,D,,HRTX,N
Y,HRZN,Horizon Technology Finance Corporation - Common Stock,Q,Q,N,100.0,N,N,,HRZN,N
Y,HSAI,"Hesai Group - American Depositary Share, each ADS represents one Class B ordinary share",Q,Q,N,100.0,N,N,,HSAI,N
Y,HSBC,"HSBC Holdings, plc. Common Stock",N, ,N,100.0,N,,HSBC,HSBC,N
Y,HSCS,HeartSciences Inc. - Common Stock,Q,S,N,100.0,N,N,,HSCS,N
Y,HSCSW,HeartSciences Inc. - Warrant,Q,S,N,100.0,N,N,,HSCSW,N
Y,HSDT,Solana Company - Class A Common Stock,Q,S,N,100.0,N,N,,HSDT,N
Y,HSHP,Himalaya Shipping Ltd. Common Shares,N, ,N,100.0,N,,HSHP,HSHP,N
Y,HSIC,"Henry Schein, Inc. - Common Stock",Q,Q,N,100.0,N,N,,HSIC,N
Y,HSLV,Highlander Silver Corp. Common Shares,A, ,N,100.0,N,,HSLV,HSLV,N
Y,HST,"Host Hotels & Resorts, Inc. - Common Stock",Q,Q,N,100.0,N,N,,HST,N
Y,HSTM,"HealthStream, Inc. - Common Stock",Q,Q,N,100.0,N,N,,HSTM,N
Y,HSY,The Hershey Company Common Stock,N, ,N,100.0,N,,HSY,HSY,N
Y,HTB,"HomeTrust Bancshares, Inc. Common Stock",N, ,N,100.0,N,,HTB,HTB,N
Y,HTCO,High-Trend International Group - Class A Ordinary Shares,Q,S,N,100.0,N,N,,HTCO,N
Y,HTCR,"Heartcore Enterprises, Inc. - Common Stock",Q,S,N,100.0,N,N,,HTCR,N
Y,HTD,John Hancock Tax Advantaged Dividend Income Fund Common Shares of Beneficial Interest,N, ,N,100.0,N,,HTD,HTD,N
Y,HTFC,Horizon Technology Finance Corporation 6.25% Notes due 2027,N, ,N,100.0,N,,HTFC,HTFC,N
Y,HTFL,"Heartflow, Inc. - Common Stock",Q,Q,N,100.0,N,N,,HTFL,N
Y,HTGC,"Hercules Capital, Inc. Common Stock",N, ,N,100.0,N,,HTGC,HTGC,N
Y,HTH,Hilltop Holdings Inc.,N, ,N,100.0,N,,HTH,HTH,N
Y,HTHT,H World Group Limited - American Depositary Shares,Q,Q,N,100.0,N,N,,HTHT,N
Y,HTLD,"Heartland Express, Inc. - Common Stock",Q,Q,N,100.0,N,N,,HTLD,N
Y,HTLM,HomesToLife Ltd - Ordinary Shares,Q,S,N,100.0,N,N,,HTLM,N
Y,HTO,H2O America  - Common Stock,Q,Q,N,100.0,N,N,,HTO,N
Y,HTOO,Fusion Fuel Green PLC - Ordinary Shares,Q,S,N,100.0,N,N,,HTOO,N
Y,HTT,"High Templar Tech Limited American depositary shares, each representing one Class A ordinary share",N, ,N,100.0,N,,HTT,HTT,N
Y,HTZ,"Hertz Global Holdings, Inc - Common Stock",Q,Q,N,100.0,N,N,,HTZ,N
Y,HTZWW,"Hertz Global Holdings, Inc - Warrant",Q,Q,N,100.0,N,N,,HTZWW,N
Y,HUBB,Hubbell Inc Common Stock,N, ,N,40.0,N,,HUBB,HUBB,N
Y,HUBC,Hub Cyber Security Ltd. - Ordinary Shares,Q,S,N,100.0,N,H,,HUBC,N
Y,HUBCW,Hub Cyber Security Ltd. - Warrant expiring 2/27/28,Q,S,N,100.0,N,H,,HUBCW,N
Y,HUBCZ,Hub Cyber Security Ltd. - Warrant,Q,S,N,100.0,N,H,,HUBCZ,N
Y,HUBG,"Hub Group, Inc. - Class A Common Stock",Q,Q,N,100.0,N,E,,HUBG,N
Y,HUBS,"HubSpot, Inc. Common Stock",N, ,N,40.0,N,,HUBS,HUBS,N
Y,HUDI,"Huadi International Group Co., Ltd. - Ordinary Shares",Q,S,N,100.0,N,N,,HUDI,N
Y,HUHU,HUHUTECH International Group Inc. - Ordinary Shares,Q,S,N,100.0,N,N,,HUHU,N
Y,HUIZ,Huize Holding Limited - American Depositary Shares,Q,G,N,100.0,N,N,,HUIZ,N
Y,HUM,Humana Inc. Common Stock,N, ,N,100.0,N,,HUM,HUM,N
Y,HUMA,"Humacyte, Inc. - Common Stock",Q,Q,N,100.0,N,N,,HUMA,N
Y,HUMAW,"Humacyte, Inc. - Warrant",Q,Q,N,100.0,N,N,,HUMAW,N
Y,HUN,Huntsman Corporation Common Stock,N, ,N,100.0,N,,HUN,HUN,N
Y,HURA,"TuHURA Biosciences, Inc. - Common Stock",Q,S,N,100.0,N,N,,HURA,N
Y,HURC,"Hurco Companies, Inc. - Common Stock",Q,Q,N,100.0,N,N,,HURC,N
Y,HURN,Huron Consulting Group Inc. - Common Stock,Q,Q,N,100.0,N,N,,HURN,N
Y,HUT,Hut 8 Corp. - Common Stock,Q,Q,N,100.0,N,N,,HUT,N
Y,HUYA,"HUYA Inc. American depositary shares, each  representing one Class A ordinary share",N, ,N,100.0,N,,HUYA,HUYA,N
Y,HVII,Hennessy Capital Investment Corp. VII - Ordinary Shares,Q,G,N,100.0,N,N,,HVII,N
Y,HVIIU,Hennessy Capital Investment Corp. VII - Unit,Q,G,N,100.0,N,N,,HVIIU,N
Y,HVMC,Highview Merger Corp. - Class A Ordinary Share,Q,G,N,100.0,N,N,,HVMC,N
Y,HVMCU,Highview Merger Corp. - Units,Q,G,N,100.0,N,N,,HVMCU,N
Y,HVMCW,Highview Merger Corp. - Warrants,Q,G,N,100.0,N,N,,HVMCW,N
Y,HVT,"Haverty Furniture Companies, Inc. Common Stock",N, ,N,100.0,N,,HVT,HVT,N
Y,HWBK,"Hawthorn Bancshares, Inc. - Common Stock",Q,Q,N,100.0,N,N,,HWBK,N
Y,HWC,Hancock Whitney Corporation - Common Stock,Q,Q,N,100.0,N,N,,HWC,N
Y,HWCPZ,Hancock Whitney Corporation - 6.25% Subordinated Notes due 2060,Q,Q,N,100.0,N,N,,HWCPZ,N
Y,HWH,HWH International Inc. - Common Stock,Q,S,N,100.0,N,D,,HWH,N
Y,HWKN,"Hawkins, Inc. - Common Stock",Q,Q,N,100.0,N,N,,HWKN,N
Y,HWM,Howmet Aerospace Inc. Common Stock,N, ,N,100.0,N,,HWM,HWM,N
Y,HXHX,Haoxin Holdings Limited - Class A Ordinary Shares,Q,S,N,100.0,N,D,,HXHX,N
Y,HXL,Hexcel Corporation Common Stock,N, ,N,100.0,N,,HXL,HXL,N
Y,HY,"Hyster-Yale, Inc. Class A common stock",N, ,N,100.0,N,,HY,HY,N
Y,HYFM,"Hydrofarm Holdings Group, Inc. - Common Stock",Q,S,N,100.0,N,D,,HYFM,N
Y,HYFT,MindWalk Holdings Corp. - Common Stock,Q,S,N,100.0,N,N,,HYFT,N
Y,HYI,Western Asset High Yield Opportunity Fund Inc. Common Stock,N, ,N,100.0,N,,HYI,HYI,N
Y,HYLN,Hyliion Holdings Corp. Class A Common Stock,A, ,N,100.0,N,,HYLN,HYLN,N
Y,HYMC,Hycroft Mining Holding Corporation - Class A Common Stock,Q,S,N,100.0,N,N,,HYMC,N
Y,HYNE,"Hoyne Bancorp, Inc. - Common Stock",Q,S,N,100.0,N,N,,HYNE,N
Y,HYPD,"Hyperion DeFi, Inc. - Common Stock",Q,S,N,100.0,N,N,,HYPD,N
Y,HYPR,"Hyperfine, Inc.  - Class A Common Stock",Q,G,N,100.0,N,N,,HYPR,N
Y,HYT,"Blackrock Corporate High Yield Fund, Inc. Common Stock",N, ,N,100.0,N,,HYT,HYT,N
Y,HZO,"MarineMax, Inc.  (FL) Common Stock",N, ,N,100.0,N,,HZO,HZO,N
Y,IACO,Idea Acquisition Corp. - Class A Ordinary Shares,Q,G,N,100.0,N,N,,IACO,N
Y,IACOU,Idea Acquisition Corp. - Units,Q,G,N,100.0,N,N,,IACOU,N
Y,IACQ,Irenic Acquisition Corp. - Class A Ordinary Shares,Q,G,N,100.0,N,N,,IACQ,N
Y,IACQU,Irenic Acquisition Corp. - Unit,Q,G,N,100.0,N,N,,IACQU,N
Y,IAE,Voya Asia Pacific High Dividend Equity Income Fund ING Asia Pacific High Dividend Equity Income Fund Common Shares of Beneficial Interest,N, ,N,100.0,N,,IAE,IAE,N
Y,IAF,"abrdn Australia Equity Fund, Inc. Common Stock",A, ,N,100.0,N,,IAF,IAF,N
Y,IAG,Iamgold Corporation Ordinary Shares,N, ,N,100.0,N,,IAG,IAG,N
Y,IART,Integra LifeSciences Holdings Corporation - Common Stock,Q,Q,N,100.0,N,N,,IART,N
Y,IAUX,i-80 Gold Corp. Common Shares,A, ,N,100.0,N,,IAUX,IAUX,N
Y,IBAC,IB Acquisition Corp. - Common Stock,Q,S,N,100.0,N,N,,IBAC,N
Y,IBCP,Independent Bank Corporation - Common Stock,Q,Q,N,100.0,N,N,,IBCP,N
Y,IBEX,IBEX Limited - Common Share,Q,G,N,100.0,N,N,,IBEX,N
Y,IBG,Innovation Beverage Group Limited - Ordinary Shares,Q,S,N,100.0,N,E,,IBG,N
Y,IBIO,"iBio, Inc. - Common Stock",Q,S,N,100.0,N,N,,IBIO,N
Y,IBKR,"Interactive Brokers Group, Inc. - Class A Common Stock",Q,Q,N,100.0,N,N,,IBKR,N
Y,IBM,International Business Machines Corporation Common Stock,N, ,N,100.0,N,,IBM,IBM,N
Y,IBN,ICICI Bank Limited Common Stock,N, ,N,100.0,N,,IBN,IBN,N
Y,IBO,"Impact BioMedical, Inc. Common Stock",A, ,N,100.0,N,,IBO,IBO,N
Y,IBOC,International Bancshares Corporation - Common Stock,Q,Q,N,100.0,N,N,,IBOC,N
Y,IBP,"Installed Building Products, Inc. Common Stock",N, ,N,40.0,N,,IBP,IBP,N
Y,IBRX,"ImmunityBio, Inc. - Common Stock",Q,Q,N,100.0,N,N,,IBRX,N
Y,IBTA,"Ibotta, Inc. Class A Common Stock",N, ,N,100.0,N,,IBTA,IBTA,N
Y,ICCC,ImmuCell Corporation - Common Stock,Q,S,N,100.0,N,N,,ICCC,N
Y,ICCM,IceCure Medical Ltd. - Ordinary Shares,Q,S,N,100.0,N,N,,ICCM,N
Y,ICE,Intercontinental Exchange Inc. Common Stock,N, ,N,100.0,N,,ICE,ICE,N
Y,ICFI,"ICF International, Inc. - Common Stock",Q,Q,N,100.0,N,N,,ICFI,N
Y,ICG,Intchains Group Limited - American Depositary Shares,Q,S,N,100.0,N,N,,ICG,N
Y,ICHR,Ichor Holdings - Ordinary Shares,Q,Q,N,100.0,N,N,,ICHR,N
Y,ICL,ICL Group Ltd. Ordinary Shares,N, ,N,100.0,N,,ICL,ICL,N
Y,ICLR,ICON plc - Ordinary Shares,Q,Q,N,100.0,N,N,,ICLR,N
Y,ICMB,"Investcorp Credit Management BDC, Inc. - Common Stock",Q,Q,N,100.0,N,N,,ICMB,N
Y,ICON,Icon Energy Corp. - Common stock,Q,S,N,100.0,N,N,,ICON,N
Y,ICU,SeaStar Medical Holding Corporation - Common Stock,Q,S,N,100.0,N,N,,ICU,N
Y,ICUCW,SeaStar Medical Holding Corporation - Warrant,Q,S,N,100.0,N,N,,ICUCW,N
Y,ICUI,"ICU Medical, Inc. - Common Stock",Q,Q,N,100.0,N,N,,ICUI,N
Y,IDA,"IDACORP, Inc. Common Stock",N, ,N,100.0,N,,IDA,IDA,N
Y,IDAC,Iron Dome Acquisition I Corp. - Class A Ordinary Shares,Q,G,N,100.0,N,N,,IDAC,N
Y,IDACU,Iron Dome Acquisition I Corp. - Units,Q,G,N,100.0,N,N,,IDACU,N
Y,IDAI,T Stamp Inc. - Class A Common Stock,Q,S,N,100.0,N,N,,IDAI,N
Y,IDCC,"InterDigital, Inc. - Common Stock",Q,Q,N,40.0,N,N,,IDCC,N
Y,IDE,"Voya Infrastructure, Industrials and Materials Fund Common Shares of Beneficial Interest",N, ,N,100.0,N,,IDE,IDE,N
Y,IDN,"Intellicheck, Inc. - Common Stock",Q,G,N,100.0,N,N,,IDN,N
Y,IDR,"Idaho Strategic Resources, Inc. Common Stock",A, ,N,100.0,N,,IDR,IDR,N
Y,IDT,IDT Corporation Class B Common Stock,N, ,N,100.0,N,,IDT,IDT,N
Y,IDXX,"IDEXX Laboratories, Inc. - Common Stock",Q,Q,N,40.0,N,N,,IDXX,N
Y,IDYA,"IDEAYA Biosciences, Inc. - Common Stock",Q,Q,N,100.0,N,N,,IDYA,N
Y,IE,Ivanhoe Electric Inc. Common Stock,A, ,N,100.0,N,,IE,IE,N
Y,IEAG,Infinite Eagle Acquisition Corp. - Class A Ordinary Shares,Q,G,N,100.0,N,N,,IEAG,N
Y,IEAGU,Infinite Eagle Acquisition Corp. - Unit,Q,G,N,100.0,N,N,,IEAGU,N
Y,IEP,Icahn Enterprises L.P. - Depositary Units representing Limited Partner Interests,Q,Q,N,100.0,N,N,,IEP,N
Y,IESC,"IES Holdings, Inc. - Common Stock",Q,G,N,40.0,N,N,,IESC,N
Y,IEX,IDEX Corporation Common Stock,N, ,N,100.0,N,,IEX,IEX,N
Y,IFBD,"Infobird Co., Ltd - Ordinary Shares",Q,S,N,100.0,N,N,,IFBD,N
Y,IFF,"International Flavors & Fragrances, Inc. Common Stock",N, ,N,100.0,N,,IFF,IFF,N
Y,IFN,"Aberdeen India Fund, Inc. Common Stock",N, ,N,100.0,N,,IFN,IFN,N
Y,IFRX,InflaRx N.V. - Common Stock,Q,Q,N,100.0,N,N,,IFRX,N
Y,IFS,Intercorp Financial Services Inc. Common Shares,N, ,N,100.0,N,,IFS,IFS,N
Y,IGA,Voya Global Advantage and Premium Opportunity Fund Common Shares of Beneficial Interest,N, ,N,100.0,N,,IGA,IGA,N
Y,IGAC,Invest Green Acquisition Corporation - Class A Ordinary Shares,Q,G,N,100.0,N,N,,IGAC,N
Y,IGACR,Invest Green Acquisition Corporation - Rights,Q,G,N,100.0,N,N,,IGACR,N
Y,IGACU,Invest Green Acquisition Corporation - Units,Q,G,N,100.0,N,N,,IGACU,N
Y,IGC,"IGC Pharma, Inc. Common Stock",A, ,N,100.0,N,,IGC,IGC,N
Y,IGD,Voya Global Equity Dividend and Premium Opportunity Fund,N, ,N,100.0,N,,IGD,IGD,N
Y,IGI,Western Asset Investment Grade Opportunity Trust Inc. Common Stock,N, ,N,100.0,N,,IGI,IGI,N
Y,IGIC,International General Insurance Holdings Ltd. - Ordinary Shares,Q,S,N,100.0,N,N,,IGIC,N
Y,IGR,CBRE Global Real Estate Income Fund Common Shares of Beneficial Interest,N, ,N,100.0,N,,IGR,IGR,N
Y,IH,"iHuman Inc. American depositary shares, each representing five Class A ordinary shares",N, ,N,100.0,N,,IH,IH,N
Y,IHD,Voya Emerging Markets High Income Dividend Equity Fund Common Shares,N, ,N,100.0,N,,IHD,IHD,N
Y,IHG,Intercontinental Hotels Group American Depositary Shares (Each representing one Ordinary Share),N, ,N,100.0,N,,IHG,IHG,N
Y,IHRT,"iHeartMedia, Inc. - Class A Common Stock",Q,Q,N,100.0,N,N,,IHRT,N
Y,IHS,IHS Holding Limited Ordinary Shares,N, ,N,100.0,N,,IHS,IHS,N
Y,IHT,InnSuites Hospitality Trust Shares of Beneficial Interest,A, ,N,100.0,N,,IHT,IHT,N
Y,IIF,"Morgan Stanley India Investment Fund, Inc. Common Stock",N, ,N,100.0,N,,IIF,IIF,N
Y,III,"Information Services Group, Inc. - Common Stock",Q,G,N,100.0,N,N,,III,N
Y,IIIN,"Insteel Industries, Inc. Common Stock",N, ,N,100.0,N,,IIIN,IIIN,N
Y,IIIV,"i3 Verticals, Inc. - Common Stock",Q,Q,N,100.0,N,N,,IIIV,N
Y,IIM,Invesco Value Municipal Income Trust Common Stock,N, ,N,100.0,N,,IIM,IIM,N
Y,IIPR,"Innovative Industrial Properties, Inc. Common Stock",N, ,N,100.0,N,,IIPR,IIPR,N
Y,IKT,"Inhibikase Therapeutics, Inc. - Common Stock",Q,S,N,100.0,N,N,,IKT,N
Y,ILAG,Intelligent Living Application Group Inc. - Ordinary Shares,Q,S,N,100.0,N,N,,ILAG,N
Y,ILLR,Triller Group Inc. - Common Stock,Q,S,N,100.0,N,D,,ILLR,N
Y,ILLU,Illumination Acquisition Corp I - Class A Ordinary Shares,Q,G,N,100.0,N,N,,ILLU,N
Y,ILLUU,Illumination Acquisition Corp I - Units,Q,G,N,100.0,N,N,,ILLUU,N
Y,ILMN,"Illumina, Inc. - Common Stock",Q,Q,N,100.0,N,N,,ILMN,N
Y,ILPT,Industrial Logistics Properties Trust - Common Shares of Beneficial Interest,Q,Q,N,100.0,N,N,,ILPT,N
Y,IMA,"ImageneBio, Inc. - Common Stock",Q,S,N,100.0,N,N,,IMA,N
Y,IMAX,Imax Corporation Common Stock,N, ,N,100.0,N,,IMAX,IMAX,N
Y,IMCC,IM Cannabis Corp. - Common Shares,Q,S,N,100.0,N,D,,IMCC,N
Y,IMCR,Immunocore Holdings plc - American Depositary Shares,Q,Q,N,100.0,N,N,,IMCR,N
Y,IMDX,Insight Molecular Diagnostics Inc. - Common Stock,Q,S,N,100.0,N,N,,IMDX,N
Y,IMKTA,"Ingles Markets, Incorporated - Class A Common Stock",Q,Q,N,100.0,N,N,,IMKTA,N
Y,IMMP,Immutep Limited - American Depositary Shares,Q,G,N,100.0,N,D,,IMMP,N
Y,IMMR,Immersion Corporation - Common Stock,Q,Q,N,100.0,N,N,,IMMR,N
Y,IMMX,"Immix Biopharma, Inc. - Common Stock",Q,S,N,100.0,N,N,,IMMX,N
Y,IMNM,"Immunome, Inc. - Common Stock",Q,S,N,100.0,N,N,,IMNM,N
Y,IMNN,"Imunon, Inc. - Common Stock",Q,S,N,100.0,N,N,,IMNN,N
Y,IMO,Imperial Oil Limited Common Stock,A, ,N,100.0,N,,IMO,IMO,N
Y,IMOS,ChipMOS TECHNOLOGIES INC. - American Depositary Shares,Q,Q,N,100.0,N,N,,IMOS,N
Y,IMPP,Imperial Petroleum Inc. - Common Shares,Q,S,N,100.0,N,N,,IMPP,N
Y,IMPPP,Imperial Petroleum Inc. - 8.75% Series A Cumulative Redeemable Perpetual Preferred Shares,Q,S,N,100.0,N,N,,IMPPP,N
Y,IMRN,Immuron Limited - American Depositary Shares,Q,S,N,100.0,N,N,,IMRN,N
Y,IMRX,Immuneering Corporation - Class A Common Stock,Q,G,N,100.0,N,N,,IMRX,N
Y,IMSR,Terrestrial Energy Inc. - Common Stock,Q,Q,N,100.0,N,N,,IMSR,N
Y,IMSRW,Terrestrial Energy Inc. - Warrant,Q,Q,N,100.0,N,N,,IMSRW,N
Y,IMTE,Integrated Media Technology Limited - Ordinary Shares,Q,S,N,100.0,N,D,,IMTE,N
Y,IMTX,Immatics N.V. - Ordinary Shares,Q,S,N,100.0,N,N,,IMTX,N
Y,IMUX,"Immunic, Inc.  - Common Stock",Q,S,N,100.0,N,N,,IMUX,N
Y,IMVT,"Immunovant, Inc.  - Common Stock",Q,Q,N,100.0,N,N,,IMVT,N
Y,IMXI,"International Money Express, Inc. - Common Stock",Q,S,N,100.0,N,N,,IMXI,N
Y,INAB,"IN8bio, Inc. - Common Stock",Q,S,N,100.0,N,N,,INAB,N
Y,INAC,Indigo Acquisition Corp. - Ordinary Shares,Q,G,N,100.0,N,N,,INAC,N
Y,INACU,Indigo Acquisition Corp. - Unit,Q,G,N,100.0,N,N,,INACU,N
Y,INBK,First Internet Bancorp - Common Stock,Q,Q,N,100.0,N,N,,INBK,N
Y,INBKZ,First Internet Bancorp - Fixed-to-Floating Rate Subordinated Notes Due 2029,Q,Q,N,100.0,N,N,,INBKZ,N
Y,INBS,Intelligent Bio Solutions Inc.  - Common Stock,Q,S,N,100.0,N,N,,INBS,N
Y,INBX,"Inhibrx Biosciences, Inc. - Common Stock",Q,Q,N,100.0,N,N,,INBX,N
Y,INCR,Intercure Ltd. - ordinary shares,Q,G,N,100.0,N,D,,INCR,N
Y,INCY,Incyte Corporation - Common Stock,Q,Q,N,100.0,N,N,,INCY,N
Y,INDB,Independent Bank Corp. - Common Stock,Q,Q,N,100.0,N,N,,INDB,N
Y,INDI,"indie Semiconductor, Inc. - Class A Common Stock",Q,S,N,100.0,N,N,,INDI,N
Y,INDO,Indonesia Energy Corporation Limited Ordinary Shares,A, ,N,100.0,N,,INDO,INDO,N
Y,INDP,"Indaptus Therapeutics, Inc. - Common Stock",Q,S,N,100.0,N,N,,INDP,N
Y,INDV,"Indivior Pharmaceuticals, Inc.  - Common Stock",Q,Q,N,100.0,N,N,,INDV,N
Y,INEO,INNEOVA Holdings Limited - Class A Ordinary Shares,Q,S,N,100.0,N,D,,INEO,N
Y,INFQ,"Infleqtion, Inc. Common Stock",N, ,N,100.0,N,,INFQ,INFQ,N
Y,INFU,"InfuSystems Holdings, Inc. Common Stock",A, ,N,100.0,N,,INFU,INFU,N
Y,INFY,Infosys Limited American Depositary Shares,N, ,N,100.0,N,,INFY,INFY,N
Y,ING,"ING Group, N.V. Common Stock",N, ,N,100.0,N,,ING,ING,N
Y,INGM,Ingram Micro Holding Corporation Common Stock,N, ,N,100.0,N,,INGM,INGM,N
Y,INGN,"Inogen, Inc - Common Stock",Q,Q,N,100.0,N,N,,INGN,N
Y,INGR,Ingredion Incorporated Common Stock,N, ,N,100.0,N,,INGR,INGR,N
Y,INHD,Inno Holdings Inc. - Common Stock,Q,S,N,100.0,N,N,,INHD,N
Y,INIO,INNIO N.V. - Ordinary Shares,Q,Q,N,100.0,N,N,,INIO,N
Y,INKT,"MiNK Therapeutics, Inc. - Common Stock",Q,S,N,100.0,N,N,,INKT,N
Y,INLF,INLIF LIMITED - Class A Ordinary shares,Q,S,N,100.0,N,N,,INLF,N
Y,INLX,"Intellinetics, Inc. Common Stock",A, ,N,100.0,N,,INLX,INLX,N
Y,INM,InMed Pharmaceuticals Inc. - Common Shares,Q,S,N,100.0,N,N,,INM,N
Y,INMB,INmune Bio Inc. - Common stock,Q,S,N,100.0,N,N,,INMB,N
Y,INMD,InMode Ltd.  - Ordinary Shares,Q,Q,N,100.0,N,N,,INMD,N
Y,INN,"Summit Hotel Properties, Inc. Common Stock",N, ,N,100.0,N,,INN,INN,N
Y,INNV,InnovAge Holding Corp. - Common Stock,Q,Q,N,100.0,N,N,,INNV,N
Y,INO,"Inovio Pharmaceuticals, Inc. - Common Stock",Q,S,N,100.0,N,N,,INO,N
Y,INOD,Innodata Inc. - Common Stock,Q,G,N,100.0,N,N,,INOD,N
Y,INR,"Infinity Natural Resources, Inc. Class A Common Stock",N, ,N,100.0,N,,INR,INR,N
Y,INSE,"Inspired Entertainment, Inc. - Common Stock",Q,S,N,100.0,N,N,,INSE,N
Y,INSG,Inseego Corp. - Common Stock,Q,Q,N,100.0,N,N,,INSG,N
Y,INSM,Insmed Incorporated - Common Stock,Q,Q,N,100.0,N,N,,INSM,N
Y,INSP,"Inspire Medical Systems, Inc. Common Stock",N, ,N,100.0,N,,INSP,INSP,N
Y,INSW,"International Seaways, Inc. Common Stock ",N, ,N,100.0,N,,INSW,INSW,N
Y,INTA,"Intapp, Inc. - Common Stock",Q,Q,N,100.0,N,N,,INTA,N
Y,INTC,Intel Corporation - Common Stock,Q,Q,N,100.0,N,N,,INTC,N
Y,INTG,The Intergroup Corporation - Common Stock,Q,S,N,100.0,N,N,,INTG,N
Y,INTJ,Intelligent Group Limited - Class A Ordinary Shares,Q,S,N,100.0,N,N,,INTJ,N
Y,INTR,Inter & Co. Inc. - Class A Common Shares,Q,Q,N,100.0,N,N,,INTR,N
Y,INTS,"Intensity Therapeutics, Inc. - Common Stock",Q,S,N,100.0,N,N,,INTS,N
Y,INTT,inTest Corporation Common Stock,A, ,N,100.0,N,,INTT,INTT,N
Y,INTU,Intuit Inc. - Common Stock,Q,Q,N,40.0,N,N,,INTU,N
Y,INTZ,Intrusion Inc. - Common Stock,Q,S,N,100.0,N,D,,INTZ,N
Y,INUV,"Inuvo, Inc.",A, ,N,100.0,N,,INUV,INUV,N
Y,INV,"Innventure, Inc. - Common Stock",Q,G,N,100.0,N,N,,INV,N
Y,INVA,"Innoviva, Inc. - Common Stock",Q,Q,N,100.0,N,N,,INVA,N
Y,INVE,"Identiv, Inc. - Common Stock",Q,S,N,100.0,N,N,,INVE,N
Y,INVH,Invitation Homes Inc. Common Stock,N, ,N,100.0,N,,INVH,INVH,N
Y,INVX,"Innovex International, Inc. Common Stock",N, ,N,100.0,N,,INVX,INVX,N
Y,INVZ,Innoviz Technologies Ltd. - Ordinary shares,Q,S,N,100.0,N,D,,INVZ,N
Y,IONQ,"IonQ, Inc. Common Stock",N, ,N,100.0,N,,IONQ,IONQ,N
Y,IONR,ioneer Ltd - American Depositary Shares,Q,S,N,100.0,N,N,,IONR,N
Y,IONS,"Ionis Pharmaceuticals, Inc. - Common Stock",Q,Q,N,100.0,N,N,,IONS,N
Y,IOR,"Income Opportunity Realty Investors, Inc. Common Stock",A, ,N,100.0,N,,IOR,IOR,N
Y,IOSP,Innospec Inc. - Common Stock,Q,Q,N,100.0,N,N,,IOSP,N
Y,IOT,Samsara Inc. Class A Common Stock,N, ,N,100.0,N,,IOT,IOT,N
Y,IOTR,iOThree Limited - Ordinary Shares,Q,S,N,100.0,N,N,,IOTR,N
Y,IOVA,"Iovance Biotherapeutics, Inc. - Common Stock",Q,G,N,100.0,N,N,,IOVA,N
Y,IP,International Paper Company Common Stock,N, ,N,100.0,N,,IP,IP,N
Y,IPAR,"Interparfums, Inc. - Common Stock",Q,Q,N,100.0,N,N,,IPAR,N
Y,IPCX,Inflection Point Acquisition Corp. III - Class A ordinary shares,Q,G,N,100.0,N,N,,IPCX,N
Y,IPCXU,Inflection Point Acquisition Corp. III - Units,Q,G,N,100.0,N,N,,IPCXU,N
Y,IPDN,"Professional Diversity Network, Inc. - Common Stock",Q,S,N,100.0,N,D,,IPDN,N
Y,IPEX,Inflection Point Acquisition Corp. - Class A Ordinary Shares,Q,G,N,100.0,N,N,,IPEX,N
Y,IPEXU,Inflection Point Acquisition Corp. - Unit,Q,G,N,100.0,N,N,,IPEXU,N
Y,IPFX,Inflection Point Acquisition Corp. VI - Class A Ordinary Shares,Q,G,N,100.0,N,N,,IPFX,N
Y,IPFXU,Inflection Point Acquisition Corp. VI - Units,Q,G,N,100.0,N,N,,IPFXU,N
Y,IPGP,IPG Photonics Corporation - Common Stock,Q,Q,N,100.0,N,N,,IPGP,N
Y,IPHA,Innate Pharma S.A. - American Depositary Shares,Q,Q,N,100.0,N,N,,IPHA,N
Y,IPI,"Intrepid Potash, Inc Common Stock",N, ,N,100.0,N,,IPI,IPI,N
Y,IPM,Intelligent Protection Management Corp.  - Common Stock,Q,S,N,100.0,N,N,,IPM,N
Y,IPSC,"Century Therapeutics, Inc. - Common Stock",Q,S,N,100.0,N,N,,IPSC,N
Y,IPST,"IP Strategy Holdings, Inc. - Common Stock",Q,S,N,100.0,N,N,,IPST,N
Y,IPVVU,"InterPrivate Investment Partners V, Inc. - Units",Q,G,N,100.0,N,N,,IPVVU,N
Y,IPW,iPower Inc. - Common Stock,Q,S,N,100.0,N,N,,IPW,N
Y,IPWR,Ideal Power Inc. - Common Stock,Q,S,N,100.0,N,N,,IPWR,N
Y,IPX,IperionX Limited - American Depositary Share,Q,S,N,100.0,N,N,,IPX,N
Y,IQ,"iQIYI, Inc. - American Depositary Shares",Q,Q,N,100.0,N,N,,IQ,N
Y,IQI,Invesco Quality Municipal Income Trust Common Stock,N, ,N,100.0,N,,IQI,IQI,N
Y,IQMX,IQM Quantum Computers Oyj - American Depositary Shares,Q,Q,N,100.0,N,N,,IQMX,N
Y,IQST,iQSTEL Inc. - Common Stock,Q,S,N,100.0,N,N,,IQST,N
Y,IQV,"IQVIA Holdings, Inc. Common Stock",N, ,N,100.0,N,,IQV,IQV,N
Y,IR,Ingersoll Rand Inc. Common Stock,N, ,N,100.0,N,,IR,IR,N
Y,IRAB,Iris Acquisition Corp II Class A Ordinary Shares,N, ,N,100.0,N,,IRAB,IRAB,N
Y,IRD,"Opus Genetics, Inc. - Common Stock",Q,S,N,100.0,N,N,,IRD,N
Y,IRDM,Iridium Communications Inc - Common Stock,Q,Q,N,100.0,N,N,,IRDM,N
Y,IREN,IREN Limited - Ordinary Shares,Q,Q,N,100.0,N,N,,IREN,N
Y,IRHO,Iron Horse Acquisitions II Corp. - Common Stock,Q,G,N,100.0,N,N,,IRHO,N
Y,IRHOU,Iron Horse Acquisitions II Corp. - Units,Q,G,N,100.0,N,N,,IRHOU,N
Y,IRIX,IRIDEX Corporation - Common Stock,Q,S,N,100.0,N,N,,IRIX,N
Y,IRM,Iron Mountain Incorporated (Delaware)Common Stock REIT,N, ,N,100.0,N,,IRM,IRM,N
Y,IRMD,iRadimed Corporation - Common Stock,Q,G,N,100.0,N,N,,IRMD,N
Y,IRON,"Disc Medicine, Inc. - Common Stock",Q,G,N,100.0,N,N,,IRON,N
Y,IRS,IRSA Inversiones Y Representaciones S.A. Global Depositary Shares (Each representing ten shares of Common Stock),N, ,N,100.0,N,,IRS,IRS,N
Y,IRT,"Independence Realty Trust, Inc. Common Stock",N, ,N,100.0,N,,IRT,IRT,N
Y,IRTC,"iRhythm Holdings, Inc.  - Common Stock",Q,Q,N,100.0,N,N,,IRTC,N
Y,IRWD,"Ironwood Pharmaceuticals, Inc. - Class A Common Stock",Q,Q,N,100.0,N,N,,IRWD,N
Y,ISBA,Isabella Bank Corporation - Common stock,Q,S,N,100.0,N,N,,ISBA,N
Y,ISD,"PGIM High Yield Bond Fund, Inc.",N, ,N,100.0,N,,ISD,ISD,N
Y,ISNRU,Snow Rothschild Acquisition Corp. - Units,Q,G,N,100.0,N,N,,ISNRU,N
Y,ISOU,IsoEnergy Ltd. Common Shares,A, ,N,100.0,N,,ISOU,ISOU,N
Y,ISPC,iSpecimen Inc. - Common Stock,Q,S,N,100.0,N,D,,ISPC,N
Y,ISPR,Ispire Technology Inc. - Common Stock,Q,S,N,100.0,N,N,,ISPR,N
Y,ISRG,"Intuitive Surgical, Inc. - Common Stock",Q,Q,N,40.0,N,N,,ISRG,N
Y,ISSC,"Innovative Solutions and Support, Inc. - Common Stock",Q,Q,N,100.0,N,N,,ISSC,N
Y,ISTR,Investar Holding Corporation - Common Stock,Q,G,N,100.0,N,N,,ISTR,N
Y,IT,"Gartner, Inc. Common Stock",N, ,N,100.0,N,,IT,IT,N
Y,ITG,"ITG, Inc. - Class A Common Stock",Q,Q,N,100.0,N,N,,ITG,N
Y,ITGR,Integer Holdings Corporation Common Stock,N, ,N,100.0,N,,ITGR,ITGR,N
Y,ITHA,ITHAX Acquisition Corp III - Class A Ordinary Shares,Q,G,N,100.0,N,N,,ITHA,N
Y,ITHAU,ITHAX Acquisition Corp III - Units,Q,G,N,100.0,N,N,,ITHAU,N
Y,ITIC,Investors Title Company - Common Stock,Q,Q,N,100.0,N,N,,ITIC,N
Y,ITOC,iTonic Holdings Ltd - Class A Ordinary Shares,Q,S,N,100.0,N,D,,ITOC,N
Y,ITP,"IT Tech Packaging, Inc. Common Stock",A, ,N,100.0,N,,ITP,ITP,N
Y,ITRG,Integra Resources Corp. Common Shares,A, ,N,100.0,N,,ITRG,ITRG,N
Y,ITRI,"Itron, Inc. - Common Stock",Q,Q,N,100.0,N,N,,ITRI,N
Y,ITRN,Ituran Location and Control Ltd. - Ordinary Shares,Q,Q,N,100.0,N,N,,ITRN,N
Y,ITT,ITT Inc. Common Stock ,N, ,N,100.0,N,,ITT,ITT,N
Y,ITUB,Itau Unibanco Banco Holding SA American Depositary Shares (Each repstg 500 Preferred shares),N, ,N,100.0,N,,ITUB,ITUB,N
Y,ITW,Illinois Tool Works Inc. Common Stock,N, ,N,40.0,N,,ITW,ITW,N
Y,IVA,Inventiva S.A. - American Depository Shares,Q,G,N,100.0,N,N,,IVA,N
Y,IVDA,"Iveda Solutions, Inc. - Common Stock",Q,S,N,100.0,N,D,,IVDA,N
Y,IVDAW,"Iveda Solutions, Inc. - Warrant",Q,S,N,100.0,N,N,,IVDAW,N
Y,IVF,"INVO Fertility, Inc. - Common Stock",Q,S,N,100.0,N,N,,IVF,N
Y,IVR,INVESCO MORTGAGE CAPITAL INC Common Stock,N, ,N,100.0,N,,IVR,IVR,N
Y,IVT,InvenTrust Properties Corp. Common Stock,N, ,N,100.0,N,,IVT,IVT,N
Y,IVVD,"Invivyd, Inc. - Common Stock",Q,G,N,100.0,N,N,,IVVD,N
Y,IVZ,Invesco Ltd Common Stock,N, ,N,100.0,N,,IVZ,IVZ,N
Y,IX,ORIX Corporation American Depositary Shares,N, ,N,100.0,N,,IX,IX,N
Y,IXHL,Incannex Healthcare Inc. - Common Stock,Q,S,N,100.0,N,N,,IXHL,N
Y,IZEA,"IZEA Worldwide, Inc. - Common Stock",Q,S,N,100.0,N,N,,IZEA,N
Y,IZM,ICZOOM Group Inc. - Class A Ordinary Shares,Q,S,N,100.0,N,D,,IZM,N
Y,J,Jacobs Solutions Inc. Common Stock,N, ,N,100.0,N,,J,J,N
Y,JABRU,JAB Acquisition Corp I - Units,Q,G,N,100.0,N,N,,JABRU,N
Y,JACK,Jack In The Box Inc. - Common Stock,Q,Q,N,100.0,N,N,,JACK,N
Y,JACS,Jackson Acquisition Company II Class A Ordinary Shares,N, ,N,100.0,N,,JACS,JACS,N
Y,JAGU,Jaguar Uranium Corp. Class A Common Shares,A, ,N,100.0,N,,JAGU,JAGU,N
Y,JAGX,"Jaguar Health, Inc. - Common Stock",Q,S,N,100.0,N,N,,JAGX,N
Y,JAKK,"JAKKS Pacific, Inc. - Common Stock",Q,Q,N,100.0,N,N,,JAKK,N
Y,JAN,"Janus Living, Inc. Class A-1 Common Stock",N, ,N,100.0,N,,JAN,JAN,N
Y,JANX,"Janux Therapeutics, Inc. - Common Stock",Q,G,N,100.0,N,N,,JANX,N
Y,JATT,JATT II Acquisition Corp - Ordinary Shares,Q,G,N,100.0,N,N,,JATT,N
Y,JAZZ,Jazz Pharmaceuticals plc - Ordinary Shares,Q,Q,N,100.0,N,N,,JAZZ,N
Y,JBDI,JBDI Holdings Limited - Ordinary Shares,Q,S,N,100.0,N,D,,JBDI,N
Y,JBGS,JBG SMITH Properties Common Shares ,N, ,N,100.0,N,,JBGS,JBGS,N
Y,JBHT,"J.B. Hunt Transport Services, Inc. - Common Stock",Q,Q,N,100.0,N,N,,JBHT,N
Y,JBI,"Janus International Group, Inc. Common Stock",N, ,N,100.0,N,,JBI,JBI,N
Y,JBIO,"Jade Biosciences, Inc. - Common Stock",Q,S,N,100.0,N,N,,JBIO,N
Y,JBK,Lehman ABS 3.50 3.50% Adjustable Corp Backed Tr Certs GS Cap I,N, ,N,100.0,N,,JBK,JBK,N
Y,JBL,Jabil Inc. Common Stock,N, ,N,40.0,N,,JBL,JBL,N
Y,JBLU,JetBlue Airways Corporation - Common Stock,Q,Q,N,100.0,N,N,,JBLU,N
Y,JBS,JBS N.V. Class A Common Shares,N, ,N,100.0,N,,JBS,JBS,N
Y,JBSS,"John B. Sanfilippo & Son, Inc. - Common Stock",Q,Q,N,100.0,N,N,,JBSS,N
Y,JBTM,JBT Marel Corporation Common Stock,N, ,N,100.0,N,,JBTM,JBTM,N
Y,JCAP,"Jefferson Capital, Inc. - Common Stock",Q,Q,N,100.0,N,N,,JCAP,N
Y,JCE,Nuveen Core Equity Alpha Fund Common Shares of Beneficial Interest,N, ,N,100.0,N,,JCE,JCE,N
Y,JCI,Johnson Controls International plc Ordinary Share,N, ,N,100.0,N,,JCI,JCI,N
Y,JCSE,JE Cleantech Holdings Limited - Ordinary Shares,Q,S,N,100.0,N,N,,JCSE,N
Y,JCTC,Jewett-Cameron Trading Company - Common Shares,Q,S,N,100.0,N,N,,JCTC,N
Y,JD,"JD.com, Inc. - American Depositary Shares",Q,Q,N,100.0,N,N,,JD,N
Y,JDZG,JIADE LIMITED - Class A Ordinary Shares,Q,S,N,100.0,N,N,,JDZG,N
Y,JEF,Jefferies Financial Group Inc. Common Stock,N, ,N,100.0,N,,JEF,JEF,N
Y,JELD,"JELD-WEN Holding, Inc. Common Stock",N, ,N,100.0,N,,JELD,JELD,N
Y,JEM,707 Cayman Holdings Limited - Ordinary Shares,Q,S,N,100.0,N,N,,JEM,N
Y,JENA,Jena Acquisition Corporation II Class A Ordinary Shares,N, ,N,100.0,N,,JENA,JENA,N
Y,JF,J and Friends Holdings Limited - American Depositary Shares,Q,G,N,100.0,N,N,,JF,N
Y,JFB,JFB Construction Holdings - Class A Common Stock,Q,S,N,100.0,N,N,,JFB,N
Y,JFIN,Jiayin Group Inc. - American Depositary Shares,Q,G,N,100.0,N,N,,JFIN,N
Y,JFR,Nuveen Floating Rate Income Fund Common Stock,N, ,N,100.0,N,,JFR,JFR,N
Y,JFU,9F Inc. - American Depositary Shares,Q,G,N,100.0,N,N,,JFU,N
Y,JG,Aurora Mobile Limited - American Depositary Shares,Q,S,N,100.0,N,N,,JG,N
Y,JGH,Nuveen Global High Income Fund Common Shares of Beneficial Interest,N, ,N,100.0,N,,JGH,JGH,N
Y,JHI,John Hancock Investors Trust Common Stock,N, ,N,100.0,N,,JHI,JHI,N
Y,JHS,John Hancock Income Securities Trust Common Stock,N, ,N,100.0,N,,JHS,JHS,N
Y,JHX,James Hardie Industries plc. Ordinary Shares,N, ,N,100.0,N,,JHX,JHX,N
Y,JILL,"J. Jill, Inc. Common Stock",N, ,N,100.0,N,,JILL,JILL,N
Y,JJSF,J & J Snack Foods Corp. - Common Stock,Q,Q,N,100.0,N,N,,JJSF,N
Y,JKHY,"Jack Henry & Associates, Inc. - Common Stock",Q,Q,N,100.0,N,N,,JKHY,N
Y,JKS,JinkoSolar Holding Company Limited American Depositary Shares (each representing 4 Common Shares),N, ,N,100.0,N,,JKS,JKS,N
Y,JL,J-Long Group Limited - Class A Ordinary Shares,Q,S,N,100.0,N,N,,JL,N
Y,JLHL,Julong Holding Limited - Class A Ordinary Shares,Q,S,N,100.0,N,N,,JLHL,N
Y,JLL,Jones Lang LaSalle Incorporated Common Stock,N, ,N,40.0,N,,JLL,JLL,N
Y,JLS,Nuveen Mortgage and Income Fund,N, ,N,100.0,N,,JLS,JLS,N
Y,JMIA,"Jumia Technologies AG American Depositary Shares, each representing two Ordinary Shares",N, ,N,100.0,N,,JMIA,JMIA,N
Y,JMM,Nuveen Multi-Market Income Fund (MA),N, ,N,100.0,N,,JMM,JMM,N
Y,JMSB,"John Marshall Bancorp, Inc. - Common Stock",Q,S,N,100.0,N,N,,JMSB,N
Y,JNJ,Johnson & Johnson Common Stock,N, ,N,100.0,N,,JNJ,JNJ,N
Y,JOB,GEE Group Inc. Common Stock,A, ,N,100.0,N,,JOB,JOB,N
Y,JOBY,"Joby Aviation, Inc. Common Stock",N, ,N,100.0,N,,JOBY,JOBY,N
Y,JOE,St. Joe Company (The) Common Stock,N, ,N,100.0,N,,JOE,JOE,N
Y,JOF,Japan Smaller Capitalization Fund Inc Common Stock,N, ,N,100.0,N,,JOF,JOF,N
Y,JOUT,Johnson Outdoors Inc. - Class A Common Stock,Q,Q,N,100.0,N,N,,JOUT,N
Y,JOYY,JOYY Inc. - American Depositary Shares,Q,Q,N,100.0,N,N,,JOYY,N
Y,JPC,Nuveen Preferred & Income Opportunities Fund,N, ,N,100.0,N,,JPC,JPC,N
Y,JPM,JP Morgan Chase & Co. Common Stock,N, ,N,40.0,N,,JPM,JPM,N
Y,JQC,Nuveen Credit Strategies Income Fund Shares of Beneficial Interest,N, ,N,100.0,N,,JQC,JQC,N
Y,JRI,Nuveen Real Asset Income and Growth Fund Common Shares of Beneficial Interest,N, ,N,100.0,N,,JRI,JRI,N
Y,JRS,Nuveen Real Estate Income Fund Common Shares of Beneficial Interest,N, ,N,100.0,N,,JRS,JRS,N
Y,JRSH,"Jerash Holdings (US), Inc. - Common Stock",Q,S,N,100.0,N,N,,JRSH,N
Y,JRVR,"James River Group Holdings, Inc. - Common Stock",Q,Q,N,100.0,N,N,,JRVR,N
Y,JSM,"Navient Corporation - 6% Senior Notes due December 15, 2043",Q,Q,N,100.0,N,N,,JSM,N
Y,JSPR,"Jasper Therapeutics, Inc. - Class A Common Stock",Q,S,N,100.0,N,D,,JSPR,N
Y,JSPRW,"Jasper Therapeutics, Inc. - Warrant",Q,S,N,100.0,N,N,,JSPRW,N
Y,JTAI,Jet.AI Inc. - Common Stock,Q,S,N,100.0,N,N,,JTAI,N
Y,JUNS,"Jupiter Neurosciences, Inc. - Common Stock",Q,S,N,100.0,N,D,,JUNS,N
Y,JVA,"Coffee Holding Co., Inc. - Common Stock",Q,S,N,100.0,N,N,,JVA,N
Y,JWEL,Jowell Global Ltd. - Ordinary Shares,Q,S,N,100.0,N,N,,JWEL,N
Y,JXG,JX Luxventure Group Inc. - Common Stock,Q,S,N,100.0,N,N,,JXG,N
Y,JXN,Jackson Financial Inc. Class A Common Stock ,N, ,N,100.0,N,,JXN,JXN,N
Y,JYD,Jayud Global Logistics Limited - Class A Ordinary Shares,Q,S,N,100.0,N,N,,JYD,N
Y,JYNT,The Joint Corp. - Common Stock,Q,S,N,100.0,N,N,,JYNT,N
Y,JZ,Jianzhi Education Technology Group Company Limited - American Depositary Shares,Q,S,N,100.0,N,N,,JZ,N
Y,JZXN,"Jiuzi Holdings, Inc. - Ordinary Shares",Q,S,N,100.0,N,N,,JZXN,N
Y,KAI,Kadant Inc Common Stock,N, ,N,40.0,N,,KAI,KAI,N
Y,KALA,"KALA BIO, Inc. - Common Stock",Q,S,N,100.0,N,N,,KALA,N
Y,KALU,Kaiser Aluminum Corporation - Common Stock,Q,Q,N,100.0,N,N,,KALU,N
Y,KAPA,"Kairos Pharma, Ltd. Common Stock",A, ,N,100.0,N,,KAPA,KAPA,N
Y,KARD,"Kardigan, Inc. - Common Stock",Q,G,N,100.0,N,N,,KARD,N
Y,KARO,Karooooo Ltd. - Ordinary shares,Q,S,N,100.0,N,N,,KARO,N
Y,KAZR,Skyline Builders Group Holding Limited - Class A Ordinary Shares,Q,S,N,100.0,N,N,,KAZR,N
Y,KB,KB Financial Group Inc,N, ,N,100.0,N,,KB,KB,N
Y,KBDC,"Kayne Anderson BDC, Inc. Common Stock",N, ,N,100.0,N,,KBDC,KBDC,N
Y,KBH,KB Home Common Stock,N, ,N,100.0,N,,KBH,KBH,N
Y,KBON,Karbon Capital Partners Corp. - Class A Ordinary Shares,Q,G,N,100.0,N,N,,KBON,N
Y,KBR,"KBR, Inc. Common Stock",N, ,N,100.0,N,,KBR,KBR,N
Y,KBSX,FST Corp. - Ordinary Shares,Q,G,N,100.0,N,N,,KBSX,N
Y,KC,Kingsoft Cloud Holdings Limited - American Depositary Shares,Q,Q,N,100.0,N,N,,KC,N
Y,KCHV,Kochav Defense Acquisition Corp. - Class A Ordinary Shares,Q,G,N,100.0,N,N,,KCHV,N
Y,KCHVU,Kochav Defense Acquisition Corp. - Units,Q,G,N,100.0,N,N,,KCHVU,N
Y,KD,"Kyndryl Holdings, Inc. Common Stock",N, ,N,100.0,N,,KD,KD,N
Y,KDK,"Kodiak AI, Inc. - Common Stock",Q,G,N,100.0,N,N,,KDK,N
Y,KDKRW,"Kodiak AI, Inc. - Warrant",Q,S,N,100.0,N,N,,KDKRW,N
Y,KDP,Keurig Dr Pepper Inc. - Common Stock,Q,Q,N,100.0,N,N,,KDP,N
Y,KE,"Kimball Electronics, Inc. - Common Stock",Q,Q,N,100.0,N,N,,KE,N
Y,KEEL,Keel Infrastructure Corp. - Common Stock,Q,G,N,100.0,N,N,,KEEL,N
Y,KELYA,"Kelly Services, Inc. - Class A Common Stock",Q,Q,N,100.0,N,N,,KELYA,N
Y,KELYB,"Kelly Services, Inc. - Class B Common Stock",Q,Q,N,100.0,N,N,,KELYB,N
Y,KEN,Kenon Holdings Ltd. Ordinary Shares,N, ,N,100.0,N,,KEN,KEN,N
Y,KEP,Korea Electric Power Corporation Common Stock,N, ,N,100.0,N,,KEP,KEP,N
Y,KEQU,Kewaunee Scientific Corporation - Common Stock,Q,G,N,100.0,N,N,,KEQU,N
Y,KEX,Kirby Corporation Common Stock,N, ,N,100.0,N,,KEX,KEX,N
Y,KEY,KeyCorp Common Stock,N, ,N,100.0,N,,KEY,KEY,N
Y,KEYS,Keysight Technologies Inc. Common Stock,N, ,N,40.0,N,,KEYS,KEYS,N
Y,KEYY,Keystone Acquisition Corp. - Class A Ordinary Shares,Q,G,N,100.0,N,N,,KEYY,N
Y,KEYYU,Keystone Acquisition Corp. - Unit,Q,G,N,100.0,N,N,,KEYYU,N
Y,KF,"Korea Fund, Inc. (The) New Common Stock",N, ,N,100.0,N,,KF,KF,N
Y,KFFB,Kentucky First Federal Bancorp - Common Stock,Q,G,N,100.0,N,N,,KFFB,N
Y,KFII,K&F Growth Acquisition Corp. II - Class A Ordinary shares,Q,G,N,100.0,N,N,,KFII,N
Y,KFIIU,K&F Growth Acquisition Corp. II - Unit,Q,G,N,100.0,N,N,,KFIIU,N
Y,KFRC,"Kforce, Inc. Common Stock",N, ,N,100.0,N,,KFRC,KFRC,N
Y,KFY,Korn Ferry Common Stock,N, ,N,100.0,N,,KFY,KFY,N
Y,KG,"Kestrel Group, Ltd. - Common Stock",Q,S,N,100.0,N,N,,KG,N
Y,KGC,Kinross Gold Corporation Common Stock,N, ,N,100.0,N,,KGC,KGC,N
Y,KGEI,Kolibri Global Energy Inc. - Common stock,Q,S,N,100.0,N,N,,KGEI,N
Y,KGS,"Kodiak Gas Services, Inc. Common Stock",N, ,N,100.0,N,,KGS,KGS,N
Y,KHC,The Kraft Heinz Company - Common Stock,Q,Q,N,100.0,N,N,,KHC,N
Y,KIDS,OrthoPediatrics Corp. - Common Stock,Q,G,N,100.0,N,N,,KIDS,N
Y,KIDZ,KIDZ AI Inc. - Class B Common Stock,Q,S,N,100.0,N,N,,KIDZ,N
Y,KIDZW,KIDZ AI Inc. - Warrants,Q,S,N,100.0,N,N,,KIDZW,N
Y,KIM,Kimco Realty Corporation (HC) Common Stock,N, ,N,100.0,N,,KIM,KIM,N
Y,KINS,"Kingstone Companies, Inc - Common Stock",Q,S,N,100.0,N,N,,KINS,N
Y,KIO,KKR Income Opportunities Fund Common Shares,N, ,N,100.0,N,,KIO,KIO,N
Y,KITT,"Nauticus Robotics, Inc. - Common stock",Q,S,N,100.0,N,D,,KITT,N
Y,KITTW,"Nauticus Robotics, Inc. - Warrant",Q,S,N,100.0,N,D,,KITTW,N
Y,KKR,KKR & Co. Inc. Common Stock,N, ,N,100.0,N,,KKR,KKR,N
Y,KKRS,KKR Group Finance Co. IX LLC 4.625% Subordinated Notes due 2061,N, ,N,100.0,N,,KKRS,KKRS,N
Y,KKRT,KKR & Co. Inc. 6.875% Subordinated Notes due 2065,N, ,N,100.0,N,,KKRT,KKRT,N
Y,KLAC,KLA Corporation  - Common Stock,Q,Q,N,10.0,N,N,,KLAC,N
Y,KLAR,Klarna Group plc Ordinary Shares,N, ,N,100.0,N,,KLAR,KLAR,N
Y,KLC,"KinderCare Learning Companies, Inc. Common Stock",N, ,N,100.0,N,,KLC,KLC,N
Y,KLIC,"Kulicke and Soffa Industries, Inc. - Common Stock",Q,Q,N,100.0,N,N,,KLIC,N
Y,KLRA,"Kailera Therapeutics, Inc. - Common stock",Q,Q,N,100.0,N,N,,KLRA,N
Y,KLRS,"Kalaris Therapeutics, Inc.  - Common Stock",Q,G,N,100.0,N,N,,KLRS,N
Y,KLTR,"Kaltura, Inc. - Common Stock",Q,Q,N,100.0,N,N,,KLTR,N
Y,KLXE,"KLX Energy Services Holdings, Inc.  - Common Stock",Q,Q,N,100.0,N,N,,KLXE,N
Y,KMB,Kimberly-Clark Corporation - Common Stock,Q,Q,N,100.0,N,N,,KMB,N
Y,KMDA,Kamada Ltd. - Ordinary Shares,Q,Q,N,100.0,N,N,,KMDA,N
Y,KMI,"Kinder Morgan, Inc. Common Stock",N, ,N,100.0,N,,KMI,KMI,N
Y,KMPB,Kemper Corporation 5.875% Fixed-Rate Reset Junior Subordinated Debentures due 2062,N, ,N,100.0,N,,KMPB,KMPB,N
Y,KMPR,Kemper Corporation,N, ,N,100.0,N,,KMPR,KMPR,N
Y,KMRK,K-Tech Solutions Company Limited - Class A Ordinary Shares,Q,S,N,100.0,N,N,,KMRK,N
Y,KMT,Kennametal Inc. Common Stock,N, ,N,100.0,N,,KMT,KMT,N
Y,KMTS,"Kestra Medical Technologies, Ltd. - Common Stock",Q,Q,N,100.0,N,N,,KMTS,N
Y,KMX,CarMax Inc,N, ,N,100.0,N,,KMX,KMX,N
Y,KN,Knowles Corporation Common Stock,N, ,N,100.0,N,,KN,KN,N
Y,KNDI,"Kandi Technologies Group, Inc. - Ordinary Shares",Q,Q,N,100.0,N,D,,KNDI,N
Y,KNF,Knife Riv Holding Co. Common Stock,N, ,N,100.0,N,,KNF,KNF,N
Y,KNOP,KNOT Offshore Partners LP Common Units representing Limited Partner Interests,N, ,N,100.0,N,,KNOP,KNOP,N
Y,KNRX,KNOREX LTD. Class A Ordinary Shares,A, ,N,100.0,N,,KNRX,KNRX,N
Y,KNSA,"Kiniksa Pharmaceuticals International, plc - Class A Ordinary Shares",Q,Q,N,100.0,N,N,,KNSA,N
Y,KNSL,"Kinsale Capital Group, Inc. Common Stock",N, ,N,40.0,N,,KNSL,KNSL,N
Y,KNTK,Kinetik Holdings Inc. Class A Common Stock,N, ,N,100.0,N,,KNTK,KNTK,N
Y,KNX,Knight-Swift Transportation Holdings Inc.,N, ,N,100.0,N,,KNX,KNX,N
Y,KO,Coca-Cola Company (The) Common Stock,N, ,N,100.0,N,,KO,KO,N
Y,KOD,Kodiak Sciences Inc - Common Stock,Q,G,N,100.0,N,N,,KOD,N
Y,KODK,Eastman Kodak Company Common New,N, ,N,100.0,N,,KODK,KODK,N
Y,KOF,"Coca Cola Femsa S.A.B. de C.V.  American Depositary Shares, each representing 10 Units (each Unit consists of 3 Series B Shares and 5 Series L Shares)",N, ,N,100.0,N,,KOF,KOF,N
Y,KOP,Koppers Holdings Inc. Common Stock,N, ,N,100.0,N,,KOP,KOP,N
Y,KOPN,Kopin Corporation - Common Stock,Q,S,N,100.0,N,N,,KOPN,N
Y,KORE,"KORE Group Holdings, Inc. Common Stock",N, ,N,100.0,N,,KORE,KORE,N
Y,KOS,Kosmos Energy Ltd. Common Shares (DE),N, ,N,100.0,N,,KOS,KOS,N
Y,KOSS,Koss Corporation - Common Stock,Q,S,N,100.0,N,N,,KOSS,N
Y,KOYN,CSLM Digital Asset Acquisition Corp III - Class A Ordinary Shares,Q,G,N,100.0,N,N,,KOYN,N
Y,KOYNU,CSLM Digital Asset Acquisition Corp III - Units,Q,G,N,100.0,N,N,,KOYNU,N
Y,KOYNW,CSLM Digital Asset Acquisition Corp III - Warrants,Q,G,N,100.0,N,N,,KOYNW,N
Y,KPET,KPET Ultra Paceline Corporation Class A Ordinary Shares,N, ,N,100.0,N,,KPET,KPET,N
Y,KPLT,"Katapult Holdings, Inc. - Common Stock",Q,G,N,100.0,N,N,,KPLT,N
Y,KPRX,"Kiora Pharmaceuticals, Inc.  - Common Stock",Q,S,N,100.0,N,N,,KPRX,N
Y,KPTI,Karyopharm Therapeutics Inc. - Common Stock,Q,Q,N,100.0,N,N,,KPTI,N
Y,KR,Kroger Company (The) Common Stock,N, ,N,100.0,N,,KR,KR,N
Y,KRAQ,KRAKacquisition Corp - Class A Ordinary Shares,Q,G,N,100.0,N,N,,KRAQ,N
Y,KRAQU,KRAKacquisition Corp - Unit,Q,G,N,100.0,N,N,,KRAQU,N
Y,KRC,Kilroy Realty Corporation Common Stock,N, ,N,100.0,N,,KRC,KRC,N
Y,KREF,KKR Real Estate Finance Trust Inc. Common Stock,N, ,N,100.0,N,,KREF,KREF,N
Y,KRG,Kite Realty Group Trust Common Stock,N, ,N,100.0,N,,KRG,KRG,N
Y,KRKR,36Kr Holdings Inc. - American Depositary Shares,Q,S,N,100.0,N,N,,KRKR,N
Y,KRMD,"KORU Medical Systems, Inc. - Common Stock",Q,S,N,100.0,N,N,,KRMD,N
Y,KRMN,Karman Holdings Inc. Common Stock,N, ,N,100.0,N,,KRMN,KRMN,N
Y,KRNT,Kornit Digital Ltd. - Ordinary Shares,Q,Q,N,100.0,N,N,,KRNT,N
Y,KRNY,Kearny Financial - Common Stock,Q,Q,N,100.0,N,N,,KRNY,N
Y,KRO,Kronos Worldwide Inc Common Stock,N, ,N,100.0,N,,KRO,KRO,N
Y,KROS,"Keros Therapeutics, Inc. - common stock",Q,G,N,100.0,N,N,,KROS,N
Y,KRP,Kimbell Royalty Partners Common Units Representing Limited Partner Interests,N, ,N,100.0,N,,KRP,KRP,N
Y,KRRO,"Korro Bio, Inc. - Common Stock",Q,S,N,100.0,N,N,,KRRO,N
Y,KRSP,Rice Acquisition Corporation 3 Class A Ordinary Shares,N, ,N,100.0,N,,KRSP,KRSP,N
Y,KRT,Karat Packaging Inc. - Common Stock,Q,Q,N,100.0,N,N,,KRT,N
Y,KRUS,"Kura Sushi USA, Inc. - Class A Common Stock",Q,G,N,100.0,N,N,,KRUS,N
Y,KRYS,"Krystal Biotech, Inc. - Common Stock",Q,Q,N,40.0,N,N,,KRYS,N
Y,KSCP,"Knightscope, Inc. - Class A Common Stock",Q,S,N,100.0,N,N,,KSCP,N
Y,KSPI,Joint Stock Company Kaspi.kz - American Depository Shares,Q,Q,N,100.0,N,N,,KSPI,N
Y,KSS,Kohl's Corporation Common Stock,N, ,N,100.0,N,,KSS,KSS,N
Y,KT,KT Corporation Common Stock,N, ,N,100.0,N,,KT,KT,N
Y,KTB,"Kontoor Brands, Inc. Common Stock ",N, ,N,100.0,N,,KTB,KTB,N
Y,KTCC,Key Tronic Corporation - Common Stock,Q,G,N,100.0,N,N,,KTCC,N
Y,KTF,DWS Municipal Income Trust,N, ,N,100.0,N,,KTF,KTF,N
Y,KTH,Structures Products Cp 8% CorTS Issued by Peco Energy Cap Tr II Preferred Stock,N, ,N,100.0,N,,KTH,KTH,N
Y,KTN,Structured Products Corp 8.205% CorTS 8.205% Corporate Backed Trust Securities (CorTS),N, ,N,100.0,N,,KTN,KTN,N
Y,KTOS,"Kratos Defense & Security Solutions, Inc. - Common Stock",Q,Q,N,100.0,N,N,,KTOS,N
Y,KTTA,Pasithea Therapeutics Corp. - Common Stock,Q,S,N,100.0,N,D,,KTTA,N
Y,KTTAW,Pasithea Therapeutics Corp. - Warrant,Q,S,N,100.0,N,N,,KTTAW,N
Y,KTWO,K2 Capital Acquisition Corporation - Class A Ordinary Share,Q,G,N,100.0,N,N,,KTWO,N
Y,KTWOU,K2 Capital Acquisition Corporation - Units,Q,G,N,100.0,N,N,,KTWOU,N
Y,KULR,"KULR Technology Group, Inc. Common Stock",A, ,N,100.0,N,,KULR,KULR,N
Y,KURA,"Kura Oncology, Inc. - Common Stock",Q,Q,N,100.0,N,N,,KURA,N
Y,KUST,"Kustom Entertainment, Inc. - Common Stock",Q,S,N,100.0,N,N,,KUST,N
Y,KVAC,Keen Vision Acquisition Corporation - Ordinary Shares,Q,G,N,100.0,N,N,,KVAC,N
Y,KVACU,Keen Vision Acquisition Corporation - Units,Q,G,N,100.0,N,N,,KVACU,N
Y,KVACW,Keen Vision Acquisition Corporation - Warrant,Q,G,N,100.0,N,N,,KVACW,N
Y,KVHI,"KVH Industries, Inc. - Common Stock",Q,Q,N,100.0,N,N,,KVHI,N
Y,KVUE,Kenvue Inc. Common Stock,N, ,N,100.0,N,,KVUE,KVUE,N
Y,KVYO,"Klaviyo, Inc. Series A Common Stock",N, ,N,100.0,N,,KVYO,KVYO,N
Y,KWM,"K Wave Media, Ltd. - Ordinary Shares",Q,G,N,100.0,N,D,,KWM,N
Y,KWMWW,"K Wave Media, Ltd. - Warrant",Q,S,N,100.0,N,N,,KWMWW,N
Y,KWR,Quaker Houghton Common Stock,N, ,N,100.0,N,,KWR,KWR,N
Y,KWY,Kingsway Corporation Common Stock,N, ,N,100.0,N,,KWY,KWY,N
Y,KXIN,Kaixin Holdings - Ordinary Shares,Q,S,N,100.0,N,N,,KXIN,N
Y,KYIV,Kyivstar Group Ltd. - Common Shares,Q,Q,N,100.0,N,N,,KYIV,N
Y,KYIVW,Kyivstar Group Ltd. - Warrant,Q,S,N,100.0,N,N,,KYIVW,N
Y,KYMR,"Kymera Therapeutics, Inc. - Common Stock",Q,G,N,100.0,N,N,,KYMR,N
Y,KYN,"Kayne Anderson Energy Infrastructure Fund, Inc.",N, ,N,100.0,N,,KYN,KYN,N
Y,KYNB,"Kyntra Bio, Inc. - Common Stock",Q,Q,N,100.0,N,D,,KYNB,N
Y,KYTX,"Kyverna Therapeutics, Inc. - Common Stock",Q,Q,N,100.0,N,N,,KYTX,N
Y,KZIA,Kazia Therapeutics Limited - American Depositary Shares,Q,S,N,100.0,N,N,,KZIA,N
Y,L,Loews Corporation Common Stock,N, ,N,100.0,N,,L,L,N
Y,LAB,Standard BioTools Inc. - Common Stock,Q,Q,N,100.0,N,N,,LAB,N
Y,LABT,Lakewood-Amedex Biotherapeutics Inc. - Common Stock,Q,S,N,100.0,N,N,,LABT,N
Y,LAC,Lithium Americas Corp. Common Shares,N, ,N,100.0,N,,LAC,LAC,N
Y,LAD,"Lithia Motors, Inc. Common Stock",N, ,N,40.0,N,,LAD,LAD,N
Y,LADR,Ladder Capital Corp Class A Common Stock,N, ,N,100.0,N,,LADR,LADR,N
Y,LAES,SEALSQ Corp - Ordinary Shares,Q,Q,N,100.0,N,N,,LAES,N
Y,LAFA,LaFayette Acquisition Corp. - Ordinary Share,Q,G,N,100.0,N,N,,LAFA,N
Y,LAFAR,LaFayette Acquisition Corp. - Rights,Q,G,N,100.0,N,N,,LAFAR,N
Y,LAFAU,LaFayette Acquisition Corp. - Unit,Q,G,N,100.0,N,N,,LAFAU,N
Y,LAKE,"Lakeland Industries, Inc. - Common Stock",Q,G,N,100.0,N,N,,LAKE,N
Y,LAMR,Lamar Advertising Company - Class A Common Stock,Q,Q,N,100.0,N,N,,LAMR,N
Y,LAND,Gladstone Land Corporation - Common Stock,Q,G,N,100.0,N,N,,LAND,N
Y,LANDO,Gladstone Land Corporation - 6.00% Series B Cumulative Redeemable Preferred Stock,Q,G,N,100.0,N,N,,LANDO,N
Y,LANDP,Gladstone Land Corporation - 6.00% Series C Cumulative Redeemable Preferred Stock,Q,G,N,100.0,N,N,,LANDP,N
Y,LANV,Lanvin Group Holdings Limited Ordinary Shares,N, ,N,100.0,N,,LANV,LANV,N
Y,LAR,Lithium Argentina AG Common Shares,N, ,N,100.0,N,,LAR,LAR,N
Y,LARK,Landmark Bancorp Inc. - Common Stock,Q,G,N,100.0,N,N,,LARK,N
Y,LASE,Laser Photonics Corporation - Common Stock,Q,S,N,100.0,N,N,,LASE,N
Y,LASR,"nLIGHT, Inc. - Common Stock",Q,Q,N,100.0,N,N,,LASR,N
Y,LATA,Galata Acquisition Corp. II - Class A Ordinary Shares,Q,G,N,100.0,N,N,,LATA,N
Y,LATAU,Galata Acquisition Corp. II - Units,Q,G,N,100.0,N,N,,LATAU,N
Y,LATAW,Galata Acquisition Corp. II - Warrant,Q,G,N,100.0,N,N,,LATAW,N
Y,LAUR,"Laureate Education, Inc. - Common Stock",Q,Q,N,100.0,N,N,,LAUR,N
Y,LAW,"CS Disco, Inc. Common Stock",N, ,N,100.0,N,,LAW,LAW,N
Y,LAWR,"Robot Consulting Co., Ltd. - ADS",Q,S,N,100.0,N,N,,LAWR,N
Y,LAZ,"Lazard, Inc. Common Stock",N, ,N,100.0,N,,LAZ,LAZ,N
Y,LB,LandBridge Company LLC Class A Shares Representing Limited Liability Company Interests,N, ,N,100.0,N,,LB,LB,N
Y,LBGJ,Li Bang International Corporation Inc. - Class A Ordinary Shares,Q,S,N,100.0,N,N,,LBGJ,N
Y,LBRDA,Liberty Broadband Corporation - Class A Common Stock,Q,Q,N,100.0,N,N,,LBRDA,N
Y,LBRDK,Liberty Broadband Corporation - Class C Common Stock,Q,Q,N,100.0,N,N,,LBRDK,N
Y,LBRDP,Liberty Broadband Corporation - Series A Cumulative Redeemable Preferred Stock,Q,Q,N,100.0,N,N,,LBRDP,N
Y,LBRT,Liberty Energy Inc. Class A common stock,N, ,N,100.0,N,,LBRT,LBRT,N
Y,LBRX,LB Pharmaceuticals Inc - Common Stock,Q,G,N,100.0,N,N,,LBRX,N
Y,LBTYA,Liberty Global Ltd. - Class A Common Shares,Q,Q,N,100.0,N,N,,LBTYA,N
Y,LBTYB,Liberty Global Ltd. - Class B Common Shares,Q,Q,N,100.0,N,N,,LBTYB,N
Y,LBTYK,Liberty Global Ltd. - Class C Common Shares,Q,Q,N,100.0,N,N,,LBTYK,N
Y,LCCC,Lakeshore Acquisition III Corp. - Ordinary Shares,Q,G,N,100.0,N,N,,LCCC,N
Y,LCCCU,Lakeshore Acquisition III Corp. - Unit,Q,G,N,100.0,N,N,,LCCCU,N
Y,LCFY,Locafy Limited - Ordinary Share,Q,S,N,100.0,N,N,,LCFY,N
Y,LCFYW,Locafy Limited - Warrant,Q,S,N,100.0,N,N,,LCFYW,N
Y,LCID,"Lucid Group, Inc. - Common Stock",Q,Q,N,100.0,N,N,,LCID,N
Y,LCII,LCI Industries,N, ,N,100.0,N,,LCII,LCII,N
Y,LCLN,"Lincoln International, Inc. Class A Common Stock",N, ,N,100.0,N,,LCLN,LCLN,N
Y,LCNB,LCNB Corporation - Common Stock,Q,S,N,100.0,N,N,,LCNB,N
Y,LCTX,"Lineage Cell Therapeutics, Inc. Common Stock",A, ,N,100.0,N,,LCTX,LCTX,N
Y,LCUT,"Lifetime Brands, Inc. - Common Stock",Q,Q,N,100.0,N,N,,LCUT,N
Y,LDI,"loanDepot, Inc. Class A Common Stock",N, ,N,100.0,N,,LDI,LDI,N
Y,LDOS,"Leidos Holdings, Inc. Common Stock",N, ,N,100.0,N,,LDOS,LDOS,N
Y,LDP,"Cohen & Steers Limited Duration Preferred and Income Fund, Inc.",N, ,N,100.0,N,,LDP,LDP,N
Y,LE,"Lands' End, Inc. - Common Stock",Q,S,N,100.0,N,N,,LE,N
Y,LEA,Lear Corporation Common Stock,N, ,N,100.0,N,,LEA,LEA,N
Y,LECO,"Lincoln Electric Holdings, Inc. - Common Shares",Q,Q,N,40.0,N,N,,LECO,N
Y,LEDS,SemiLEDS Corporation - Common Stock,Q,S,N,100.0,N,D,,LEDS,N
Y,LEE,"Lee Enterprises, Incorporated - Common Stock",Q,Q,N,100.0,N,N,,LEE,N
Y,LEGH,Legacy Housing Corporation - Common Stock,Q,Q,N,100.0,N,N,,LEGH,N
Y,LEGN,Legend Biotech Corporation - American Depositary Shares,Q,Q,N,100.0,N,N,,LEGN,N
Y,LEGO,Legato Merger Corp. IV Ordinary Shares,A, ,N,100.0,N,,LEGO,LEGO,N
Y,LEN,Lennar Corporation Class A Common Stock,N, ,N,100.0,N,,LEN,LEN,N
Y,LENZ,"LENZ Therapeutics, Inc. - Common Stock",Q,Q,N,100.0,N,N,,LENZ,N
Y,LEO,"BNY Mellon Strategic Municipals, Inc. Common Stock",N, ,N,100.0,N,,LEO,LEO,N
Y,LESL,"Leslie's, Inc. - Common Stock",Q,Q,N,100.0,N,N,,LESL,N
Y,LEU,Centrus Energy Corp. Class A Common Stock,N, ,N,100.0,N,,LEU,LEU,N
Y,LEVI,Levi Strauss & Co Class A Common Stock,N, ,N,100.0,N,,LEVI,LEVI,N
Y,LEXX,Lexaria Bioscience Corp. - Common Stock,Q,S,N,100.0,N,D,,LEXX,N
Y,LFAC,Leapfrog Acquisition Corporation - Class A Ordinary Shares,Q,G,N,100.0,N,N,,LFAC,N
Y,LFACU,Leapfrog Acquisition Corporation - Units,Q,G,N,100.0,N,N,,LFACU,N
Y,LFCR,"Lifecore Biomedical, Inc. - Common Stock",Q,Q,N,100.0,N,N,,LFCR,N
Y,LFMD,"LifeMD, Inc. - Common Stock",Q,G,N,100.0,N,N,,LFMD,N
Y,LFMDP,"LifeMD, Inc. - 8.875% Series A Cumulative Perpetual Preferred Stock",Q,G,N,100.0,N,N,,LFMDP,N
Y,LFS,"LEIFRAS Co., Ltd. - American Depositary Shares",Q,S,N,100.0,N,N,,LFS,N
Y,LFST,"LifeStance Health Group, Inc. - Common Stock",Q,Q,N,100.0,N,N,,LFST,N
Y,LFT,"Lument Finance Trust, Inc. Common Stock",N, ,N,100.0,N,,LFT,LFT,N
Y,LFTO,"Liftoff Mobile, Inc. - Common Stock",Q,Q,N,100.0,N,N,,LFTO,N
Y,LFUS,"Littelfuse, Inc. - Common Stock",Q,Q,N,40.0,N,N,,LFUS,N
Y,LFVN,Lifevantage Corporation - Common Stock,Q,S,N,100.0,N,N,,LFVN,N
Y,LFWD,Lifeward Ltd. - Ordinary Shares,Q,S,N,100.0,N,N,,LFWD,N
Y,LGCL,Lucas GC Limited - Class A Ordinary Shares,Q,S,N,100.0,N,N,,LGCL,N
Y,LGCY,Legacy Education Inc. Common Stock,A, ,N,100.0,N,,LGCY,LGCY,N
Y,LGHL,Lion Group Holding Ltd. - American Depositary Share,Q,S,N,100.0,N,N,,LGHL,N
Y,LGI,Lazard Global Total Return and Income Fund Common Stock,N, ,N,100.0,N,,LGI,LGI,N
Y,LGIH,"LGI Homes, Inc. - Common Stock",Q,Q,N,100.0,N,N,,LGIH,N
Y,LGL,"LGL Group, Inc. (The) Common Stock",A, ,N,100.0,N,,LGL,LGL,N
Y,LGN,Legence Corp. - Class A Common stock,Q,Q,N,100.0,N,N,,LGN,N
Y,LGND,Ligand Pharmaceuticals Incorporated - Common Stock,Q,G,N,100.0,N,N,,LGND,N
Y,LGO,Largo Inc. - Common Shares,Q,Q,N,100.0,N,N,,LGO,N
Y,LGPS,LogProstyle Inc. Common Shares,A, ,N,100.0,N,,LGPS,LGPS,N
Y,LGVN,Longeveron Inc. - Class A Common stock,Q,S,N,100.0,N,D,,LGVN,N
Y,LH,Labcorp Holdings Inc. Common Stock,N, ,N,40.0,N,,LH,LH,N
Y,LHAI,Linkhome Holdings Inc. - Common stock,Q,S,N,100.0,N,D,,LHAI,N
Y,LHSW,Lianhe Sowell International Group Ltd - Class A Ordinary Shares,Q,S,N,100.0,N,N,,LHSW,N
Y,LI,Li Auto Inc. - American Depositary Shares,Q,Q,N,100.0,N,N,,LI,N
Y,LICN,Lichen International Limited - Class A Ordinary Shares,Q,S,N,100.0,N,N,,LICN,N
Y,LIDR,"AEye, Inc. - Class A Common Stock",Q,S,N,100.0,N,N,,LIDR,N
Y,LIDRW,"AEye, Inc. - Warrant",Q,S,N,100.0,N,N,,LIDRW,N
Y,LIEN,"Chicago Atlantic BDC, Inc. - Common Stock",Q,G,N,100.0,N,N,,LIEN,N
Y,LIF,"Life360, Inc. - Common Stock",Q,Q,N,100.0,N,N,,LIF,N
Y,LIFE,Ethos Technologies Inc. - Class A Common Stock,Q,Q,N,100.0,N,N,,LIFE,N
Y,LII,"Lennox International, Inc. Common Stock",N, ,N,40.0,N,,LII,LII,N
Y,LILA,Liberty Latin America Ltd. - Class A Common Stock,Q,Q,N,100.0,N,N,,LILA,N
Y,LILAK,Liberty Latin America Ltd. - Class C Common Stock,Q,Q,N,100.0,N,N,,LILAK,N
Y,LILAP,Liberty Latin America Ltd. - 9.0% Fixed Rate Cumulative Perpetual Redeemable Series A Preference Shares,Q,Q,N,100.0,N,N,,LILAP,N
Y,LIME,"Neutron Holdings, Inc. - Common Stock",Q,Q,N,100.0,N,N,,LIME,N
Y,LIMN,"Liminatus Pharma, Inc. - Class A Common Stock",Q,G,N,100.0,N,D,,LIMN,N
Y,LIMNW,"Liminatus Pharma, Inc. - Warrants",Q,S,N,100.0,N,N,,LIMNW,N
Y,LIN,Linde plc - Ordinary Shares,Q,Q,N,40.0,N,N,,LIN,N
Y,LINC,Lincoln Educational Services Corporation - Common Stock,Q,Q,N,100.0,N,N,,LINC,N
Y,LIND,Lindblad Expeditions Holdings Inc.  - Common Stock,Q,S,N,100.0,N,N,,LIND,N
Y,LINE,"Lineage, Inc. - Common Stock",Q,Q,N,100.0,N,N,,LINE,N
Y,LINK,"Interlink Electronics, Inc. - Common Stock",Q,S,N,100.0,N,N,,LINK,N
Y,LION,Lionsgate Studios Corp Common Shares,N, ,N,100.0,N,,LION,LION,N
Y,LIQT,"LiqTech International, Inc. - Common Stock",Q,S,N,100.0,N,N,,LIQT,N
Y,LITB,"LightInTheBox Holding Co., Ltd. American Depositary Shares, each representing twelve ordinary shares",N, ,N,100.0,N,,LITB,LITB,N
Y,LITE,Lumentum Holdings Inc. - Common Stock,Q,Q,N,40.0,N,N,,LITE,N
Y,LITS,"Lite Strategy, Inc. - Common Stock",Q,S,N,100.0,N,N,,LITS,N
Y,LIVE,Live Ventures Incorporated - Common Stock,Q,S,N,100.0,N,N,,LIVE,N
Y,LIVN,LivaNova PLC - Ordinary Shares,Q,Q,N,100.0,N,N,,LIVN,N
Y,LKFN,Lakeland Financial Corporation - Common Stock,Q,Q,N,100.0,N,N,,LKFN,N
Y,LKFT,Lakefront Biotherapeutics - American Depositary Shares,Q,Q,N,100.0,N,N,,LKFT,N
Y,LKQ,LKQ Corporation - Common Stock,Q,Q,N,100.0,N,N,,LKQ,N
Y,LKSP,Lake Superior Acquisition Corp. - Class A Ordinary Shares,Q,G,N,100.0,N,N,,LKSP,N
Y,LKSPU,Lake Superior Acquisition Corp. - Units,Q,G,N,100.0,N,N,,LKSPU,N
Y,LLY,Eli Lilly and Company Common Stock,N, ,N,40.0,N,,LLY,LLY,N
Y,LLYVA,"Liberty Live Holdings, Inc. - Series A Liberty Live Group Common Stock",Q,Q,N,100.0,N,N,,LLYVA,N
Y,LLYVK,"Liberty Live Holdings, Inc. - Series C Liberty Live Group Common Stock",Q,Q,N,100.0,N,N,,LLYVK,N
Y,LMAT,"LeMaitre Vascular, Inc. - Common Stock",Q,G,N,100.0,N,N,,LMAT,N
Y,LMB,"Limbach Holdings, Inc. - Common Stock",Q,S,N,100.0,N,N,,LMB,N
Y,LMFA,"LM Funding America, Inc. - Common Stock",Q,S,N,100.0,N,D,,LMFA,N
Y,LMND,"Lemonade, Inc. Common Stock",N, ,N,100.0,N,,LMND,LMND,N
Y,LMNR,Limoneira Co - Common Stock,Q,Q,N,100.0,N,N,,LMNR,N
Y,LMRI,"Lumexa Imaging Holdings, Inc. - Common Stock",Q,Q,N,100.0,N,N,,LMRI,N
Y,LMT,Lockheed Martin Corporation Common Stock,N, ,N,40.0,N,,LMT,LMT,N
Y,LNAI,Lunai Bioworks Inc. - Common Stock,Q,S,N,100.0,N,N,,LNAI,N
Y,LNC,Lincoln National Corporation Common Stock,N, ,N,100.0,N,,LNC,LNC,N
Y,LND,Brasilagro Brazilian Agric Real Estate Co Sponsored ADR (Brazil),N, ,N,100.0,N,,LND,LND,N
Y,LNG,"Cheniere Energy, Inc. Common Stock",N, ,N,40.0,N,,LNG,LNG,N
Y,LNKS,Linkers Industries Limited - Class A Ordinary Shares,Q,S,N,100.0,N,N,,LNKS,N
Y,LNN,Lindsay Corporation Common Stock,N, ,N,100.0,N,,LNN,LNN,N
Y,LNSR,"LENSAR, Inc. - Common Stock",Q,S,N,100.0,N,N,,LNSR,N
Y,LNT,Alliant Energy Corporation - Common Stock,Q,Q,N,100.0,N,N,,LNT,N
Y,LNTH,"Lantheus Holdings, Inc. - Common Stock",Q,G,N,100.0,N,N,,LNTH,N
Y,LNZA,"LanzaTech Global, Inc. - Common Stock",Q,S,N,100.0,N,N,,LNZA,N
Y,LNZAW,"LanzaTech Global, Inc. - Warrant",Q,S,N,100.0,N,N,,LNZAW,N
Y,LOAN,"Manhattan Bridge Capital, Inc - Common Stock",Q,S,N,100.0,N,N,,LOAN,N
Y,LOAR,Loar Holdings Inc. Common Stock,N, ,N,100.0,N,,LOAR,LOAR,N
Y,LOB,"Live Oak Bancshares, Inc. Common Stock",N, ,N,100.0,N,,LOB,LOB,N
Y,LOBO,LOBO TECHNOLOGIES LTD. - Class A Ordinary Shares,Q,S,N,100.0,N,D,,LOBO,N
Y,LOCL,Local Bounti Corporation Common Stock,N, ,N,100.0,N,,LOCL,LOCL,N
Y,LOCO,"El Pollo Loco Holdings, Inc. - Common Stock",Q,Q,N,100.0,N,N,,LOCO,N
Y,LODE,Comstock Inc. Common Stock,A, ,N,100.0,N,,LODE,LODE,N
Y,LOGI,Logitech International S.A. - Registered Shares,Q,Q,N,100.0,N,N,,LOGI,N
Y,LOMA,Loma Negra Compania Industrial Argentina Sociedad Anonima ADS,N, ,N,100.0,N,,LOMA,LOMA,N
Y,LONA,"LeonaBio, Inc. - Common Stock",Q,S,N,100.0,N,N,,LONA,N
Y,LOOP,"Loop Industries, Inc. - Common Stock",Q,G,N,100.0,N,N,,LOOP,N
Y,LOPE,"Grand Canyon Education, Inc. - Common Stock",Q,Q,N,100.0,N,N,,LOPE,N
Y,LOT,Lotus Technology Inc. - American Depositary Shares,Q,Q,N,100.0,N,N,,LOT,N
Y,LOTWW,Lotus Technology Inc. - Warrants,Q,S,N,100.0,N,N,,LOTWW,N
Y,LOVE,The Lovesac Company - Common Stock,Q,G,N,100.0,N,N,,LOVE,N
Y,LPA,Logistic Properties of the Americas Ordinary Shares,A, ,N,100.0,N,,LPA,LPA,N
Y,LPAA,Launch One Acquisition Corp. - Class A Ordinary Shares,Q,G,N,100.0,N,N,,LPAA,N
Y,LPAAU,Launch One Acquisition Corp. - Unit,Q,G,N,100.0,N,N,,LPAAU,N
Y,LPAAW,Launch One Acquisition Corp. - Warrant,Q,G,N,100.0,N,N,,LPAAW,N
Y,LPBB,Launch Two Acquisition Corp. - Class A Ordinary Shares,Q,G,N,100.0,N,N,,LPBB,N
Y,LPBBU,Launch Two Acquisition Corp. - Unit,Q,G,N,100.0,N,N,,LPBBU,N
Y,LPBBW,Launch Two Acquisition Corp. - Warrant,Q,G,N,100.0,N,N,,LPBBW,N
Y,LPCN,Lipocine Inc. - Common Stock,Q,S,N,100.0,N,N,,LPCN,N
Y,LPCV,Launchpad Cadenza Acquisition Corp I - Class A Ordinary Share,Q,G,N,100.0,N,N,,LPCV,N
Y,LPCVU,Launchpad Cadenza Acquisition Corp I - Unit,Q,G,N,100.0,N,N,,LPCVU,N
Y,LPG,Dorian LPG Ltd. Common Stock,N, ,N,100.0,N,,LPG,LPG,N
Y,LPL,"LG Display Co, Ltd AMERICAN DEPOSITORY SHARES",N, ,N,100.0,N,,LPL,LPL,N
Y,LPLA,LPL Financial Holdings Inc. - Common Stock,Q,Q,N,40.0,N,N,,LPLA,N
Y,LPRO,Open Lending Corporation - Common Stock,Q,G,N,100.0,N,N,,LPRO,N
Y,LPSN,"LivePerson, Inc. - Common Stock",Q,Q,N,100.0,N,N,,LPSN,N
Y,LPTH,"LightPath Technologies, Inc. - Class A Common Stock",Q,S,N,100.0,N,N,,LPTH,N
Y,LPX,Louisiana-Pacific Corporation Common Stock,N, ,N,100.0,N,,LPX,LPX,N
Y,LQDA,Liquidia Corporation - Common Stock,Q,S,N,100.0,N,N,,LQDA,N
Y,LQDT,"Liquidity Services, Inc. - Common Stock",Q,Q,N,100.0,N,N,,LQDT,N
Y,LRCX,Lam Research Corporation - Common Stock,Q,Q,N,100.0,N,N,,LRCX,N
Y,LRE,"Lead Real Estate Co., Ltd - American Depositary Shares",Q,S,N,100.0,N,N,,LRE,N
Y,LRHC,La Rosa Holdings Corp. - Common Stock,Q,S,N,100.0,N,H,,LRHC,N
Y,LRMR,"Larimar Therapeutics, Inc. - Common Stock",Q,G,N,100.0,N,N,,LRMR,N
Y,LRN,"Stride, Inc. Common Stock",N, ,N,100.0,N,,LRN,LRN,N
Y,LSAK,"Lesaka Technologies, Inc. - Common Stock",Q,Q,N,100.0,N,N,,LSAK,N
Y,LSBK,"Lake Shore Bancorp, Inc. - Common Stock",Q,G,N,100.0,N,N,,LSBK,N
Y,LSCC,Lattice Semiconductor Corporation - Common Stock,Q,Q,N,100.0,N,N,,LSCC,N
Y,LSE,"Leishen Energy Holding Co., Ltd. - Class A Ordinary Shares",Q,S,N,100.0,N,N,,LSE,N
Y,LSF,"Laird Superfood, Inc. Common Stock",A, ,N,100.0,N,,LSF,LSF,N
Y,LSH,Lakeside Holding Limited - Common Stock,Q,S,N,100.0,N,D,,LSH,N
Y,LSPD,Lightspeed Commerce Inc. Subordinate Voting Shares,N, ,N,100.0,N,,LSPD,LSPD,N
Y,LSTA,"Lisata Therapeutics, Inc. - Common Stock",Q,S,N,100.0,N,N,,LSTA,N
Y,LSTR,"Landstar System, Inc. - Common Stock",Q,Q,N,100.0,N,N,,LSTR,N
Y,LTBR,Lightbridge Corporation - Common Stock,Q,S,N,100.0,N,N,,LTBR,N
Y,LTC,"LTC Properties, Inc. Common Stock",N, ,N,100.0,N,,LTC,LTC,N
Y,LTGRU,Long Table Growth Corp. - Units,Q,G,N,100.0,N,N,,LTGRU,N
Y,LTH,"Life Time Group Holdings, Inc. Common Stock",N, ,N,100.0,N,,LTH,LTH,N
Y,LTM,"LATAM Airlines Group S.A. American Depositary Shares (each representing two thousand (2,000) shares of Common Stock)",N, ,N,100.0,N,,LTM,LTM,N
Y,LTRN,Lantern Pharma Inc. - Common Stock,Q,S,N,100.0,N,N,,LTRN,N
Y,LTRX,"Lantronix, Inc. - Common Stock",Q,S,N,100.0,N,N,,LTRX,N
Y,LTRYW,Sports Entertainment Gaming Global Corporation  - Warrant,Q,G,N,100.0,N,E,,LTRYW,N
Y,LU,"Lufax Holding Ltd American Depositary Shares, each representing two (2) Ordinary Shares",N, ,N,100.0,N,,LU,LU,N
Y,LUCD,Lucid Diagnostics Inc. - Common Stock,Q,S,N,100.0,N,N,,LUCD,N
Y,LUCK,Lucky Strike Entertainment Corporation Class A Common Stock,N, ,N,100.0,N,,LUCK,LUCK,N
Y,LUCY,"Innovative Eyewear, Inc. - Common Stock",Q,S,N,100.0,N,N,,LUCY,N
Y,LUCYW,"Innovative Eyewear, Inc. - Warrants",Q,S,N,100.0,N,N,,LUCYW,N
Y,LUD,Luda Technology Group Limited Ordinary Shares,A, ,N,100.0,N,,LUD,LUD,N
Y,LULU,lululemon athletica inc. - Common Stock,Q,Q,N,100.0,N,N,,LULU,N
Y,LUMN,"Lumen Technologies, Inc. Common Stock",N, ,N,100.0,N,,LUMN,LUMN,N
Y,LUNG,Pulmonx Corporation - Common Stock,Q,Q,N,100.0,N,N,,LUNG,N
Y,LUNR,"Intuitive Machines, Inc. - Class A Common Stock",Q,G,N,100.0,N,N,,LUNR,N
Y,LUV,Southwest Airlines Company Common Stock,N, ,N,100.0,N,,LUV,LUV,N
Y,LUXE,"LuxExperience B.V. American Depositary Shares, each representing one Ordinary Share",N, ,N,100.0,N,,LUXE,LUXE,N
Y,LVLU,"Lulu's Fashion Lounge Holdings, Inc. - Common Stock",Q,S,N,100.0,N,D,,LVLU,N
Y,LVO,"LiveOne, Inc. - Common Stock",Q,S,N,100.0,N,N,,LVO,N
Y,LVS,Las Vegas Sands Corp. Common Stock,N, ,N,100.0,N,,LVS,LVS,N
Y,LVWR,"LiveWire Group, Inc. Common Stock",N, ,N,100.0,N,,LVWR,LVWR,N
Y,LW,"Lamb Weston Holdings, Inc. Common Stock ",N, ,N,100.0,N,,LW,LW,N
Y,LWAC,LightWave Acquisition Corp. - Class A Ordinary Shares,Q,G,N,100.0,N,N,,LWAC,N
Y,LWACU,LightWave Acquisition Corp. - Units,Q,G,N,100.0,N,N,,LWACU,N
Y,LWACW,LightWave Acquisition Corp. - Warrants,Q,G,N,100.0,N,N,,LWACW,N
Y,LWAY,"Lifeway Foods, Inc. - Common Stock",Q,G,N,100.0,N,N,,LWAY,N
Y,LWLG,"Lightwave Logic, Inc. - Common Stock",Q,S,N,100.0,N,N,,LWLG,N
Y,LX,LexinFintech Holdings Ltd. - American Depositary Shares,Q,Q,N,100.0,N,N,,LX,N
Y,LXEH,"Lixiang Education Holding Co., Ltd. - American Depositary Shares",Q,G,N,100.0,N,N,,LXEH,N
Y,LXEO,"Lexeo Therapeutics, Inc. - Common Stock",Q,G,N,100.0,N,N,,LXEO,N
Y,LXFR,Luxfer Holdings PLC Ordinary Shares,N, ,N,100.0,N,,LXFR,LXFR,N
Y,LXP,LXP Industrial Trust Common Stock (Maryland REIT),N, ,N,100.0,N,,LXP,LXP,N
Y,LXRX,"Lexicon Pharmaceuticals, Inc. - Common Stock",Q,S,N,100.0,N,N,,LXRX,N
Y,LXU,"LSB Industries, Inc. Common Stock",N, ,N,100.0,N,,LXU,LXU,N
Y,LYB,LyondellBasell Industries NV Ordinary Shares Class A (Netherlands),N, ,N,100.0,N,,LYB,LYB,N
Y,LYEL,"Lyell Immunopharma, Inc. - Common Stock",Q,Q,N,100.0,N,N,,LYEL,N
Y,LYFT,"Lyft, Inc. - Class A Common Stock",Q,Q,N,100.0,N,N,,LYFT,N
Y,LYG,Lloyds Banking Group Plc American Depositary Shares,N, ,N,100.0,N,,LYG,LYG,N
Y,LYTS,LSI Industries Inc. - Common Stock,Q,Q,N,100.0,N,N,,LYTS,N
Y,LYV,"Live Nation Entertainment, Inc. Common Stock",N, ,N,100.0,N,,LYV,LYV,N
Y,LZ,"LegalZoom.com, Inc. - Common Stock",Q,Q,N,100.0,N,N,,LZ,N
Y,LZB,La-Z-Boy Incorporated Common Stock,N, ,N,100.0,N,,LZB,LZB,N
Y,LZM,Lifezone Metals Limited Ordinary Shares,N, ,N,100.0,N,,LZM,LZM,N
Y,LZMH,LZ Technology Holdings Limited - Class B Ordinary Shares,Q,S,N,100.0,N,N,,LZMH,N
Y,M,Macy's Inc Common Stock,N, ,N,100.0,N,,M,M,N
Y,MA,Mastercard Incorporated Common Stock,N, ,N,40.0,N,,MA,MA,N
Y,MAA,"Mid-America Apartment Communities, Inc. Common Stock",N, ,N,100.0,N,,MAA,MAA,N
Y,MAAS,Maase Inc. - Class A Ordinary Shares,Q,G,N,100.0,N,N,,MAAS,N
Y,MAC,Macerich Company (The) Common Stock,N, ,N,100.0,N,,MAC,MAC,N
Y,MACI,Melar Acquisition Corp. I - Class A Ordinary Shares,Q,G,N,100.0,N,N,,MACI,N
Y,MACIU,Melar Acquisition Corp. I - Unit,Q,G,N,100.0,N,N,,MACIU,N
Y,MACIW,Melar Acquisition Corp. I - Warrant,Q,G,N,100.0,N,N,,MACIW,N
Y,MAGH,Magnitude International Ltd - Ordinary Shares,Q,S,N,100.0,N,N,,MAGH,N
Y,MAGN,Magnera Corporation Common Stock,N, ,N,100.0,N,,MAGN,MAGN,N
Y,MAIA,"MAIA Biotechnology, Inc. Common Stock",A, ,N,100.0,N,,MAIA,MAIA,N
Y,MAIN,Main Street Capital Corporation Common Stock,N, ,N,100.0,N,,MAIN,MAIN,N
Y,MAIR,Madison Air Solutions Corporation Class A Common Stock,N, ,N,100.0,N,,MAIR,MAIR,N
Y,MAKO,Mako Mining Corp - Common Stock,Q,S,N,100.0,N,N,,MAKO,N
Y,MAMA,"Mama's Creations, Inc. - Common Stock",Q,S,N,100.0,N,N,,MAMA,N
Y,MAMK,MaxsMaking Inc. - Class A Ordinary Shares,Q,S,N,100.0,N,N,,MAMK,N
Y,MAMO,Massimo Group - Common Stock,Q,S,N,100.0,N,N,,MAMO,N
Y,MAN,ManpowerGroup Common Stock,N, ,N,100.0,N,,MAN,MAN,N
Y,MANE,"Veradermics, Incorporated Common Stock",N, ,N,100.0,N,,MANE,MANE,N
Y,MANH,"Manhattan Associates, Inc. - Common Stock",Q,Q,N,100.0,N,N,,MANH,N
Y,MANU,Manchester United Ltd. Class A Ordinary Shares,N, ,N,100.0,N,,MANU,MANU,N
Y,MAR,Marriott International - Class A Common Stock,Q,Q,N,40.0,N,N,,MAR,N
Y,MARA,"MARA Holdings, Inc. - Common Stock",Q,S,N,100.0,N,N,,MARA,N
Y,MARPS,Marine Petroleum Trust - Units of Beneficial Interest,Q,S,N,100.0,N,N,,MARPS,N
Y,MAS,Masco Corporation Common Stock,N, ,N,100.0,N,,MAS,MAS,N
Y,MASK,3 E Network Technology Group Ltd - Class A Ordinary Shares,Q,S,N,100.0,N,N,,MASK,N
Y,MASS,908 Devices Inc. - Common Stock,Q,G,N,100.0,N,N,,MASS,N
Y,MAT,"Mattel, Inc. - Common Stock",Q,Q,N,100.0,N,N,,MAT,N
Y,MATH,Metalpha Technology Holding Limited - Ordinary Shares,Q,S,N,100.0,N,N,,MATH,N
Y,MATV,"Mativ Holdings, Inc. Common Stock",N, ,N,100.0,N,,MATV,MATV,N
Y,MATW,Matthews International Corporation - Class A Common Stock,Q,Q,N,100.0,N,N,,MATW,N
Y,MATX,"Matson, Inc. Common Stock",N, ,N,100.0,N,,MATX,MATX,N
Y,MAX,"MediaAlpha, Inc. Class A Common Stock",N, ,N,100.0,N,,MAX,MAX,N
Y,MAYS,"J. W. Mays, Inc. - Common Stock",Q,S,N,100.0,N,N,,MAYS,N
Y,MAZE,"Maze Therapeutics, Inc. - Common Stock",Q,G,N,100.0,N,N,,MAZE,N
Y,MB,MasterBeef Group - Ordinary Shares,Q,S,N,100.0,N,N,,MB,N
Y,MBAI,Check-Cap Ltd. - Ordinary Share,Q,S,N,100.0,N,N,,MBAI,N
Y,MBAV,M3-Brigade Acquisition V Corp. - Class A Ordinary shares,Q,G,N,100.0,N,N,,MBAV,N
Y,MBAVU,M3-Brigade Acquisition V Corp. - Units,Q,G,N,100.0,N,N,,MBAVU,N
Y,MBAVW,M3-Brigade Acquisition V Corp. - Warrant,Q,G,N,100.0,N,N,,MBAVW,N
Y,MBBC,"Marathon Bancorp, Inc. - Common Stock",Q,S,N,100.0,N,N,,MBBC,N
Y,MBC,"MasterBrand, Inc. Common Stock",N, ,N,100.0,N,,MBC,MBC,N
Y,MBI,MBIA Inc. Common Stock,N, ,N,100.0,N,,MBI,MBI,N
Y,MBIN,Merchants Bancorp - Common Stock,Q,S,N,100.0,N,N,,MBIN,N
Y,MBINL,"Merchants Bancorp - Depositary Shares, Each Representing a 1/40th Interest in a Share of 7.625% Fixed Rate Series E Non-Cumulative Perpetual Preferred Stock, without par value",Q,S,N,100.0,N,N,,MBINL,N
Y,MBINM,"Merchants Bancorp - Depositary Shares, Each Representing a 1/40th Interest in a Share of 8.25% Fixed-Rate Reset Series D Non-Cumulative Perpetual Preferred Stock",Q,S,N,100.0,N,N,,MBINM,N
Y,MBINN,Merchants Bancorp - Depositary Shares 6.00% Fixed Rate Series C Non-Cumulative Perpetual Preferred Stock,Q,S,N,100.0,N,N,,MBINN,N
Y,MBIO,"Mustang Bio, Inc. - Common Stock",Q,S,N,100.0,N,D,,MBIO,N
Y,MBLY,Mobileye Global Inc. - Class A Common Stock,Q,Q,N,100.0,N,N,,MBLY,N
Y,MBNKO,"Medallion Bank - Fixed-Rate Reset Non-Cumulative Perpetual Preferred Stock, Series G, par value $1.00 per share",Q,S,N,100.0,N,N,,MBNKO,N
Y,MBOT,Microbot Medical Inc.  - Common Stock,Q,S,N,100.0,N,N,,MBOT,N
Y,MBRX,"Moleculin Biotech, Inc. - Common Stock",Q,S,N,100.0,N,N,,MBRX,N
Y,MBUU,"Malibu Boats, Inc. - Common Stock",Q,G,N,100.0,N,N,,MBUU,N
Y,MBVI,M3-Brigade Acquisition VI Corp. - Class A Ordinary Shares,Q,G,N,100.0,N,N,,MBVI,N
Y,MBVIU,M3-Brigade Acquisition VI Corp. - Units,Q,G,N,100.0,N,N,,MBVIU,N
Y,MBVIW,M3-Brigade Acquisition VI Corp. - Warrant,Q,G,N,100.0,N,N,,MBVIW,N
Y,MBWM,Mercantile Bank Corporation - Common Stock,Q,Q,N,100.0,N,N,,MBWM,N
Y,MBX,"MBX Biosciences, Inc. - Common Stock",Q,Q,N,100.0,N,N,,MBX,N
Y,MC,Moelis & Company Class A Common Stock,N, ,N,100.0,N,,MC,MC,N
Y,MCAH,Mountain Crest Acquisition 6 Corp. - Ordinary Shares,Q,G,N,100.0,N,N,,MCAH,N
Y,MCAHU,Mountain Crest Acquisition 6 Corp. - Units,Q,G,N,100.0,N,N,,MCAHU,N
Y,MCB,Metropolitan Bank Holding Corp. Common Stock,N, ,N,100.0,N,,MCB,MCB,N
Y,MCBS,"MetroCity Bankshares, Inc. - Common Stock",Q,Q,N,100.0,N,N,,MCBS,N
Y,MCD,McDonald's Corporation Common Stock,N, ,N,40.0,N,,MCD,MCD,N
Y,MCFT,"MasterCraft Boat Holdings, Inc. - Common Stock",Q,G,N,100.0,N,N,,MCFT,N
Y,MCGA,Yorkville Acquisition Corp. - Class A Ordinary Share,Q,G,N,100.0,N,N,,MCGA,N
Y,MCGAU,Yorkville Acquisition Corp. - Unit,Q,G,N,100.0,N,N,,MCGAU,N
Y,MCGAW,Yorkville Acquisition Corp. - Warrant,Q,G,N,100.0,N,N,,MCGAW,N
Y,MCHB,Mechanics Bancorp - Class A Common Stock,Q,Q,N,100.0,N,N,,MCHB,N
Y,MCHP,Microchip Technology Incorporated - Common Stock,Q,Q,N,100.0,N,N,,MCHP,N
Y,MCHPP,Microchip Technology Incorporated - Depositary Shares Each Representing a 1/20th Interest in a Share of 7.50% Series A Mandatory Convertible Preferred Stock,Q,Q,N,100.0,N,N,,MCHPP,N
Y,MCHX,"Marchex, Inc. - Class B Common Stock",Q,Q,N,100.0,N,N,,MCHX,N
Y,MCI,Barings Corporate Investors Common Stock,N, ,N,100.0,N,,MCI,MCI,N
Y,MCK,McKesson Corporation Common Stock,N, ,N,40.0,N,,MCK,MCK,N
Y,MCN,XAI Madison Equity Premium Income Fund Common Shares,N, ,N,100.0,N,,MCN,MCN,N
Y,MCO,Moody's Corporation Common Stock,N, ,N,40.0,N,,MCO,MCO,N
Y,MCRB,"Seres Therapeutics, Inc. - Common Stock",Q,Q,N,100.0,N,N,,MCRB,N
Y,MCRI,"Monarch Casino & Resort, Inc. - Common Stock",Q,Q,N,100.0,N,N,,MCRI,N
Y,MCRP,Micropolis AI Robotics Ordinary Shares,A, ,N,100.0,N,,MCRP,MCRP,N
Y,MCS,Marcus Corporation (The) Common Stock,N, ,N,100.0,N,,MCS,MCS,N
Y,MCTA,Charming Medical Limited - Class A Ordinary Shares,Q,S,N,100.0,N,N,,MCTA,N
Y,MCY,Mercury General Corporation Common Stock,N, ,N,100.0,N,,MCY,MCY,N
Y,MD,"Pediatrix Medical Group, Inc. Common Stock",N, ,N,100.0,N,,MD,MD,N
Y,MDA,MDA Space Ltd. Common Shares,N, ,N,100.0,N,,MDA,MDA,N
Y,MDAI,"Spectral AI, Inc. - Class A Common Stock",Q,S,N,100.0,N,N,,MDAI,N
Y,MDAIW,"Spectral AI, Inc. - Warrants",Q,S,N,100.0,N,N,,MDAIW,N
Y,MDB,"MongoDB, Inc. - Class A Common Stock",Q,G,N,40.0,N,N,,MDB,N
Y,MDBH,"MDB Capital Holdings, LLC - Class A common ",Q,S,N,100.0,N,N,,MDBH,N
Y,MDCX,Medicus Pharma Ltd. - Common Stock,Q,S,N,100.0,N,D,,MDCX,N
Y,MDCXW,Medicus Pharma Ltd. - Warrant,Q,S,N,100.0,N,D,,MDCXW,N
Y,MDGL,"Madrigal Pharmaceuticals, Inc. - Common Stock",Q,Q,N,40.0,N,N,,MDGL,N
Y,MDIA,Mediaco Holding Inc. - Class A Common Stock,Q,S,N,100.0,N,D,,MDIA,N
Y,MDLN,Medline Inc. - Class A common stock,Q,Q,N,100.0,N,N,,MDLN,N
Y,MDLZ,"Mondelez International, Inc. - Class A Common Stock",Q,Q,N,100.0,N,N,,MDLZ,N
Y,MDRR,"Medalist Diversified, Inc. - Common Stock",Q,S,N,100.0,N,N,,MDRR,N
Y,MDT,Medtronic plc. Ordinary Shares,N, ,N,100.0,N,,MDT,MDT,N
Y,MDU,"MDU Resources Group, Inc. Common Stock (Holding Company)",N, ,N,100.0,N,,MDU,MDU,N
Y,MDV,"Modiv Industrial, Inc. Class C Common Stock",N, ,N,100.0,N,,MDV,MDV,N
Y,MDWD,MediWound Ltd. - Ordinary Shares,Q,G,N,100.0,N,N,,MDWD,N
Y,MDXG,"MiMedx Group, Inc - Common Stock",Q,S,N,100.0,N,N,,MDXG,N
Y,MDXH,MDxHealth SA - Ordinary Shares,Q,S,N,100.0,N,N,,MDXH,N
Y,MEC,"Mayville Engineering Company, Inc. Common Stock",N, ,N,100.0,N,,MEC,MEC,N
Y,MED,MEDIFAST INC Common Stock,N, ,N,100.0,N,,MED,MED,N
Y,MEDP,"Medpace Holdings, Inc. - Common Stock",Q,Q,N,40.0,N,N,,MEDP,N
Y,MEGI,NYLI CBRE Global Infrastructure Megatrends Term Fund Common Shares,N, ,N,100.0,N,,MEGI,MEGI,N
Y,MEGL,Magic Empire Global Limited - Class A Ordinary Shares,Q,S,N,100.0,N,N,,MEGL,N
Y,MEI,"Methode Electronics, Inc. Common Stock",N, ,N,100.0,N,,MEI,MEI,N
Y,MELI,"MercadoLibre, Inc. - Common Stock",Q,Q,N,10.0,N,N,,MELI,N
Y,MENS,Jyong Biotech Ltd. - Ordinary shares,Q,G,N,100.0,N,N,,MENS,N
Y,MEOH,Methanex Corporation - Common Stock,Q,Q,N,100.0,N,N,,MEOH,N
Y,MERC,Mercer International Inc. - Common Stock,Q,Q,N,100.0,N,N,,MERC,N
Y,MESH,Meshflow Acquisition Corp. - Class A Ordinary Shares,Q,G,N,100.0,N,N,,MESH,N
Y,MESHU,Meshflow Acquisition Corp. - Units,Q,G,N,100.0,N,N,,MESHU,N
Y,MESO,Mesoblast Limited - American Depositary Shares,Q,Q,N,100.0,N,N,,MESO,N
Y,MET,"MetLife, Inc. Common Stock",N, ,N,100.0,N,,MET,MET,N
Y,META,"Meta Platforms, Inc. - Class A Common Stock",Q,Q,N,40.0,N,N,,META,N
Y,METC,"Ramaco Resources, Inc. - Class A Common Stock",Q,Q,N,100.0,N,N,,METC,N
Y,METCB,"Ramaco Resources, Inc. - Class B Common Stock",Q,Q,N,100.0,N,N,,METCB,N
Y,METCI,"Ramaco Resources, Inc. - 8.250% Senior Notes due 2030",Q,G,N,100.0,N,N,,METCI,N
Y,METCZ,"Ramaco Resources, Inc. - 8.375% Senior Notes due 2029",Q,Q,N,100.0,N,N,,METCZ,N
Y,MEVO,M Evo Global Acquisition Corp II - Class A Ordinary Shares,Q,G,N,100.0,N,N,,MEVO,N
Y,MEVOU,M Evo Global Acquisition Corp II - Units,Q,G,N,100.0,N,N,,MEVOU,N
Y,MFA,"MFA Financial, Inc.",N, ,N,100.0,N,,MFA,MFA,N
Y,MFAN,"MFA Financial, Inc. 8.875% Senior Notes due 2029",N, ,N,100.0,N,,MFAN,MFAN,N
Y,MFAO,"MFA Financial, Inc. 9.000% Senior Notes due 2029",N, ,N,100.0,N,,MFAO,MFAO,N
Y,MFC,Manulife Financial Corporation Common Stock,N, ,N,100.0,N,,MFC,MFC,N
Y,MFG,"Mizuho Financial Group, Inc. Sponosred ADR (Japan)",N, ,N,100.0,N,,MFG,MFG,N
Y,MFI,mF International Limited - Class A Ordinary Shares,Q,S,N,100.0,N,N,,MFI,N
Y,MFIC,MidCap Financial Investment Corporation - Closed End Fund,Q,Q,N,100.0,N,N,,MFIC,N
Y,MFICL,MidCap Financial Investment Corporation - 8.00% Notes due 2028,Q,Q,N,100.0,N,N,,MFICL,N
Y,MFIN,Medallion Financial Corp. - Common Stock,Q,Q,N,100.0,N,N,,MFIN,N
Y,MFM,Aberdeen Municipal Income Fund Common Shares of Beneficial Interest,N, ,N,100.0,N,,MFM,MFM,N
Y,MG,Mistras Group Inc Common Stock,N, ,N,100.0,N,,MG,MG,N
Y,MGA,"Magna International, Inc. Common Stock",N, ,N,100.0,N,,MGA,MGA,N
Y,MGEE,MGE Energy Inc. - Common Stock,Q,Q,N,100.0,N,N,,MGEE,N
Y,MGF,Aberdeen Government Markets Income Fund Common Shares of Beneficial Interest,N, ,N,100.0,N,,MGF,MGF,N
Y,MGIH,Millennium Group International Holdings Limited - Ordinary Shares,Q,S,N,100.0,N,N,,MGIH,N
Y,MGLD,"The Marygold Companies, Inc. Common Stock",A, ,N,100.0,N,,MGLD,MGLD,N
Y,MGM,MGM Resorts International Common Stock,N, ,N,100.0,N,,MGM,MGM,N
Y,MGN,Megan Holdings Limited - Class A Ordinary Shares,Q,S,N,100.0,N,D,,MGN,N
Y,MGNI,"Magnite, Inc. - Common Stock",Q,Q,N,100.0,N,N,,MGNI,N
Y,MGNX,"MacroGenics, Inc. - Common Stock",Q,Q,N,100.0,N,N,,MGNX,N
Y,MGPI,"MGP Ingredients, Inc. - Common Stock",Q,Q,N,100.0,N,N,,MGPI,N
Y,MGR,"Affiliated Managers Group, Inc. 5.875% Junior Subordinated Notes due 2059",N, ,N,100.0,N,,MGR,MGR,N
Y,MGRB,"Affiliated Managers Group, Inc. 4.750% Junior Subordinated Notes due 2060",N, ,N,100.0,N,,MGRB,MGRB,N
Y,MGRC,McGrath RentCorp - Common Stock,Q,Q,N,100.0,N,N,,MGRC,N
Y,MGRD,"Affiliated Managers Group, Inc. 4.200% Junior Subordinated Notes due 2061",N, ,N,100.0,N,,MGRD,MGRD,N
Y,MGRE,"Affiliated Managers Group, Inc. 6.750% Junior Subordinated Notes due 2064",N, ,N,100.0,N,,MGRE,MGRE,N
Y,MGRT,Mega Fortune Company Limited - Ordinary Shares,Q,S,N,100.0,N,N,,MGRT,N
Y,MGRX,"Mangoceuticals, Inc. - Common Stock",Q,S,N,100.0,N,D,,MGRX,N
Y,MGTX,MeiraGTx Holdings plc - Ordinary Shares,Q,Q,N,100.0,N,N,,MGTX,N
Y,MGX,"Metagenomi Therapeutics, Inc. - Common Stock",Q,Q,N,100.0,N,N,,MGX,N
Y,MGY,Magnolia Oil & Gas Corporation Class A Common Stock,N, ,N,100.0,N,,MGY,MGY,N
Y,MGYR,"Magyar Bancorp, Inc. - Common Stock",Q,G,N,100.0,N,N,,MGYR,N
Y,MH,"McGraw Hill, Inc. Common Stock",N, ,N,100.0,N,,MH,MH,N
Y,MHD,"Blackrock MuniHoldings Fund, Inc. Common Stock",N, ,N,100.0,N,,MHD,MHD,N
Y,MHF,"Western Asset Municipal High Income Fund, Inc. Common Stock",N, ,N,100.0,N,,MHF,MHF,N
Y,MHH,"Mastech Digital, Inc Common Stock",A, ,N,100.0,N,,MHH,MHH,N
Y,MHK,"Mohawk Industries, Inc. Common Stock",N, ,N,100.0,N,,MHK,MHK,N
Y,MHLA,"Maiden Holdings, Ltd. 6.625% Notes due 2046",N, ,N,100.0,N,,MHLA,MHLA,N
Y,MHNC,"Maiden Holdings North America, Ltd. 7.75% Notes due 2043",N, ,N,100.0,N,,MHNC,MHNC,N
Y,MHO,"M/I Homes, Inc. Common Stock",N, ,N,100.0,N,,MHO,MHO,N
Y,MI,NFT Limited Class A Ordinary Share,A, ,N,100.0,N,,MI,MI,N
Y,MIACU,Meridian3 Industrials Acquisition Corp - Units,Q,G,N,100.0,N,N,,MIACU,N
Y,MIAX,"Miami International Holdings, Inc. Common Stock",N, ,N,100.0,N,,MIAX,MIAX,N
Y,MICC,The Magnum Ice Cream Company N.V. Ordinary Shares,N, ,N,100.0,N,,MICC,MICC,N
Y,MIDD,The Middleby Corporation - Common Stock,Q,Q,N,100.0,N,N,,MIDD,N
Y,MIMI,Mint Incorporation Limited - Class A Ordinary Shares,Q,S,N,100.0,N,N,,MIMI,N
Y,MIN,Aberdeen Intermediate Income Fund Common Shares of Beneficial Interest,N, ,N,100.0,N,,MIN,MIN,N
Y,MIND,"MIND Technology, Inc. - Common Stock",Q,S,N,100.0,N,N,,MIND,N
Y,MINE,Mayfair Gold Corp. Common Shares,A, ,N,100.0,N,,MINE,MINE,N
Y,MIR,"Mirion Technologies, Inc. Class A Common Stock",N, ,N,100.0,N,,MIR,MIR,N
Y,MIRA,"MIRA Pharmaceuticals, Inc. - Common Stock",Q,S,N,100.0,N,N,,MIRA,N
Y,MIRM,"Mirum Pharmaceuticals, Inc. - common stock",Q,G,N,100.0,N,N,,MIRM,N
Y,MIST,Milestone Pharmaceuticals Inc. - Common Shares,Q,Q,N,100.0,N,N,,MIST,N
Y,MITK,"Mitek Systems, Inc. - Common Stock",Q,S,N,100.0,N,N,,MITK,N
Y,MITN,"TPG Mortgage Investment Trust, Inc. 9.500% Senior Notes due 2029",N, ,N,100.0,N,,MITN,MITN,N
Y,MITP,"TPG Mortgage Investment Trust, Inc. 9.500% Senior Notes due 2029",N, ,N,100.0,N,,MITP,MITP,N
Y,MITQ,"Moving iMage Technologies, Inc. Common Stock",A, ,N,100.0,N,,MITQ,MITQ,N
Y,MITT,"TPG Mortgage Investment Trust, Inc. Common Stock",N, ,N,100.0,N,,MITT,MITT,N
Y,MIY,"Blackrock MuniYield Michigan Quality Fund, Inc. Common Stock",N, ,N,100.0,N,,MIY,MIY,N
Y,MKC,"McCormick & Company, Incorporated Common Stock",N, ,N,100.0,N,,MKC,MKC,N
Y,MKDW,MKDWELL Tech Inc. - Ordinary Shares,Q,S,N,100.0,N,N,,MKDW,N
Y,MKDWW,MKDWELL Tech Inc. - Warrants,Q,S,N,100.0,N,N,,MKDWW,N
Y,MKL,Markel Group Inc. Common Stock,N, ,N,10.0,N,,MKL,MKL,N
Y,MKLY,McKinley Acquisition Corporation - Class A Ordinary Shares,Q,G,N,100.0,N,N,,MKLY,N
Y,MKLYU,McKinley Acquisition Corporation - Units,Q,G,N,100.0,N,N,,MKLYU,N
Y,MKSI,MKS Inc. - Common Stock,Q,Q,N,100.0,N,N,,MKSI,N
Y,MKTW,"MarketWise, Inc. - Class A Common Stock",Q,G,N,100.0,N,N,,MKTW,N
Y,MKTX,"MarketAxess Holdings, Inc. - Common Stock",Q,Q,N,100.0,N,N,,MKTX,N
Y,MKZR,"MacKenzie Realty Capital, Inc. - Common Stock",Q,S,N,100.0,N,N,,MKZR,N
Y,MLAA,Mountain Lake Acquisition Corp. II - Class A Ordinary Shares,Q,G,N,100.0,N,N,,MLAA,N
Y,MLAAU,Mountain Lake Acquisition Corp. II - Units,Q,G,N,100.0,N,N,,MLAAU,N
Y,MLAB,"Mesa Laboratories, Inc. - Common Stock",Q,Q,N,100.0,N,N,,MLAB,N
Y,MLCI,Mount Logan Capital Inc. - Common Stock,Q,G,N,100.0,N,N,,MLCI,N
Y,MLCIL,Mount Logan Capital Inc. - 8.00% Notes Due 2031,Q,G,N,100.0,N,N,,MLCIL,N
Y,MLCO,Melco Resorts & Entertainment Limited - American Depositary Shares ,Q,Q,N,100.0,N,N,,MLCO,N
Y,MLEC,Moolec Science SA - Ordinary Shares,Q,S,N,100.0,N,N,,MLEC,N
Y,MLECW,Moolec Science SA - Warrant,Q,S,N,100.0,N,N,,MLECW,N
Y,MLGO,"MicroAlgo, Inc. - Ordinary Shares",Q,S,N,100.0,N,N,,MLGO,N
Y,MLI,"Mueller Industries, Inc. Common Stock",N, ,N,100.0,N,,MLI,MLI,N
Y,MLKN,"MillerKnoll, Inc. - Common Stock",Q,Q,N,100.0,N,N,,MLKN,N
Y,MLM,"Martin Marietta Materials, Inc. Common Stock",N, ,N,40.0,N,,MLM,MLM,N
Y,MLP,"Maui Land & Pineapple Company, Inc. Common Stock",N, ,N,100.0,N,,MLP,MLP,N
Y,MLPB,"ETRACS Alerian MLP Infrastructure Index ETN Series B due April 2, 2040",P, ,N,100.0,N,,MLPB,MLPB,N
Y,MLR,"Miller Industries, Inc. Common Stock",N, ,N,100.0,N,,MLR,MLR,N
Y,MLSS,"Milestone Scientific, Inc. Common Stock",A, ,N,100.0,N,,MLSS,MLSS,N
Y,MLTX,MoonLake Immunotherapeutics - Class A Ordinary Shares,Q,S,N,100.0,N,N,,MLTX,N
Y,MLYS,"Mineralys Therapeutics, Inc. - Common Stock",Q,Q,N,100.0,N,N,,MLYS,N
Y,MMA,Mixed Martial Arts Group Limited Ordinary Shares,A, ,N,100.0,N,,MMA,MMA,N
Y,MMD,NYLI MacKay DefinedTerm Muni Opportunities Fund Common Shares,N, ,N,100.0,N,,MMD,MMD,N
Y,MMED,"MiniMed Group, Inc. - Common Stock",Q,Q,N,100.0,N,N,,MMED,N
Y,MMI,"Marcus & Millichap, Inc. Common Stock",N, ,N,100.0,N,,MMI,MMI,N
Y,MMLP,Martin Midstream Partners L.P. - Common Units Representing Limited Partnership Interests,Q,Q,N,100.0,N,N,,MMLP,N
Y,MMM,3M Company Common Stock,N, ,N,100.0,N,,MMM,MMM,N
Y,MMS,"Maximus, Inc. Common Stock",N, ,N,100.0,N,,MMS,MMS,N
Y,MMSI,"Merit Medical Systems, Inc. - Common Stock",Q,Q,N,100.0,N,N,,MMSI,N
Y,MMT,Aberdeen Multi-Market Income Fund Common Shares of Beneficial Interest,N, ,N,100.0,N,,MMT,MMT,N
Y,MMTX,Miluna Acquisition Corp - Class A Ordinary Shares,Q,G,N,100.0,N,N,,MMTX,N
Y,MMTXU,Miluna Acquisition Corp - Units,Q,G,N,100.0,N,N,,MMTXU,N
Y,MMU,"Western Asset Managed Municipals Fund, Inc. Common Stock",N, ,N,100.0,N,,MMU,MMU,N
Y,MMYT,MakeMyTrip Limited - Ordinary Shares,Q,Q,N,100.0,N,N,,MMYT,N
Y,MNDO,MIND C.T.I. Ltd. - Ordinary Shares,Q,G,N,100.0,N,D,,MNDO,N
Y,MNDR,Mobile-health Network Solutions - Class A Ordinary Shares,Q,S,N,100.0,N,N,,MNDR,N
Y,MNDY,monday.com Ltd. - Ordinary Shares,Q,Q,N,100.0,N,N,,MNDY,N
Y,MNKD,MannKind Corporation - Common Stock,Q,G,N,100.0,N,N,,MNKD,N
Y,MNOV,"MediciNova, Inc. - Common Stock",Q,G,N,100.0,N,N,,MNOV,N
Y,MNPR,Monopar Therapeutics Inc. - Common Stock,Q,S,N,100.0,N,N,,MNPR,N
Y,MNR,Mach Natural Resources LP Common Units representing Limited Partner Interests,N, ,N,100.0,N,,MNR,MNR,N
Y,MNRO,"Monro, Inc.  - Common Stock",Q,Q,N,100.0,N,N,,MNRO,N
Y,MNSB,"MainStreet Bancshares, Inc. - Common Stock",Q,S,N,100.0,N,N,,MNSB,N
Y,MNSBP,"MainStreet Bancshares, Inc. - Depositary Shares",Q,S,N,100.0,N,N,,MNSBP,N
Y,MNSO,"MINISO Group Holding Limited American Depositary Shares, each representing four Ordinary Shares",N, ,N,100.0,N,,MNSO,MNSO,N
Y,MNST,Monster Beverage Corporation - Common Stock,Q,Q,N,100.0,N,N,,MNST,N
Y,MNTK,"Montauk Renewables, Inc. - Common Stock",Q,S,N,100.0,N,N,,MNTK,N
Y,MNTN,"MNTN, Inc. Class A Common Stock",N, ,N,100.0,N,,MNTN,MNTN,N
Y,MNTS,Momentus Inc. - Class A Common Stock,Q,S,N,100.0,N,N,,MNTS,N
Y,MNTSW,Momentus Inc. - Warrant,Q,S,N,100.0,N,N,,MNTSW,N
Y,MNY,MoneyHero Limited - Class A Ordinary Shares,Q,G,N,100.0,N,N,,MNY,N
Y,MNYWW,MoneyHero Limited - Warrants,Q,G,N,100.0,N,N,,MNYWW,N
Y,MOB,Mobilicom Limited - Ordinary Shares,Q,S,N,100.0,N,N,,MOB,N
Y,MOBBW,Mobilicom Limited - Warrants,Q,S,N,100.0,N,N,,MOBBW,N
Y,MOBI,"Mobia Medical, Inc. - Common Stock",Q,Q,N,100.0,N,N,,MOBI,N
Y,MOBX,"Mobix Labs, Inc. - Class A Common Stock",Q,S,N,100.0,N,N,,MOBX,N
Y,MOBXW,"Mobix Labs, Inc. - Warrants",Q,S,N,100.0,N,N,,MOBXW,N
Y,MOD,Modine Manufacturing Company Common Stock,N, ,N,100.0,N,,MOD,MOD,N
Y,MODD,"Modular Medical, Inc. - common stock",Q,S,N,100.0,N,N,,MODD,N
Y,MOGU,MOGU Inc. American Depositary Shares (each  representing 25 Class A Ordinary Shares),N, ,N,100.0,N,,MOGU,MOGU,N
Y,MOH,Molina Healthcare Inc Common Stock,N, ,N,100.0,N,,MOH,MOH,N
Y,MOLN,Molecular Partners AG - American Depositary Shares,Q,Q,N,100.0,N,N,,MOLN,N
Y,MOMO,Hello Group Inc.  - American Depositary Shares,Q,Q,N,100.0,N,N,,MOMO,N
Y,MORN,"Morningstar, Inc. - Common Stock",Q,Q,N,100.0,N,N,,MORN,N
Y,MOS,Mosaic Company (The) Common Stock,N, ,N,100.0,N,,MOS,MOS,N
Y,MOV,Movado Group Inc. Common Stock,N, ,N,100.0,N,,MOV,MOV,N
Y,MOVE,"Corvex, Inc. - Common Stock",Q,S,N,100.0,N,N,,MOVE,N
Y,MP,MP Materials Corp. Common Stock,N, ,N,100.0,N,,MP,MP,N
Y,MPA,Blackrock MuniYield Pennsylvania Quality Fund Common Stock,N, ,N,100.0,N,,MPA,MPA,N
Y,MPAA,"Motorcar Parts of America, Inc. - Common Stock",Q,Q,N,100.0,N,N,,MPAA,N
Y,MPB,Mid Penn Bancorp - Common Stock,Q,G,N,100.0,N,N,,MPB,N
Y,MPC,Marathon Petroleum Corporation Common Stock,N, ,N,100.0,N,,MPC,MPC,N
Y,MPLT,"MapLight Therapeutics, Inc. - Common Stock",Q,Q,N,100.0,N,N,,MPLT,N
Y,MPLX,MPLX LP Common Units Representing Limited Partner Interests,N, ,N,100.0,N,,MPLX,MPLX,N
Y,MPT,"Medical Properties Trust, Inc. common stock",N, ,N,100.0,N,,MPT,MPT,N
Y,MPTI,"M-tron Industries, Inc. Common Stock",A, ,N,100.0,N,,MPTI,MPTI,N
Y,MPU,Mega Matrix Inc. Class A Ordinary Shares,A, ,N,100.0,N,,MPU,MPU,N
Y,MPV,Barings Participation Investors Common Stock,N, ,N,100.0,N,,MPV,MPV,N
Y,MPWR,"Monolithic Power Systems, Inc. - Common Stock",Q,Q,N,10.0,N,N,,MPWR,N
Y,MQ,"Marqeta, Inc. - Class A Common Stock",Q,Q,N,100.0,N,N,,MQ,N
Y,MQY,"Blackrock MuniYield Quality Fund, Inc. Common Stock",N, ,N,100.0,N,,MQY,MQY,N
Y,MRAM,"Everspin Technologies, Inc. - Common Stock",Q,G,N,100.0,N,N,,MRAM,N
Y,MRBK,Meridian Corporation - Common Stock,Q,Q,N,100.0,N,N,,MRBK,N
Y,MRCY,Mercury Systems Inc - Common Stock,Q,Q,N,100.0,N,N,,MRCY,N
Y,MRDN,Meridian Holdings Inc. - Common Stock,Q,S,N,100.0,N,N,,MRDN,N
Y,MREO,Mereo BioPharma Group plc - American Depositary Shares,Q,S,N,100.0,N,D,,MREO,N
Y,MRK,"Merck & Company, Inc. Common Stock (new)",N, ,N,100.0,N,,MRK,MRK,N
Y,MRKR,"Marker Therapeutics, Inc. - Common Stock",Q,S,N,100.0,N,N,,MRKR,N
Y,MRLN,"Merlin, Inc. - Common Stock",Q,G,N,100.0,N,N,,MRLN,N
Y,MRM,MEDIROM Healthcare Technologies Inc. - American Depositary Share,Q,S,N,100.0,N,E,,MRM,N
Y,MRNA,"Moderna, Inc. - Common Stock",Q,Q,N,100.0,N,N,,MRNA,N
Y,MRNO,Murano Global Investments PLC - Ordinary Shares,Q,S,N,100.0,N,D,,MRNO,N
Y,MRNOW,Murano Global Investments PLC - Warrants,Q,S,N,100.0,N,N,,MRNOW,N
Y,MRP,"Millrose Properties, Inc. Class A Common Stock",N, ,N,100.0,N,,MRP,MRP,N
Y,MRSH,Marsh Common Stock,N, ,N,100.0,N,,MRSH,MRSH,N
Y,MRT,"Marti Technologies, Inc. Class A Ordinary Shares",A, ,N,100.0,N,,MRT,MRT,N
Y,MRTN,"Marten Transport, Ltd. - Common Stock",Q,Q,N,100.0,N,N,,MRTN,N
Y,MRVI,"Maravai LifeSciences Holdings, Inc. - Class A common stock",Q,Q,N,100.0,N,N,,MRVI,N
Y,MRVL,"Marvell Technology, Inc. - Common Stock",Q,Q,N,100.0,N,N,,MRVL,N
Y,MRX,Marex Group plc - Ordinary Shares,Q,Q,N,100.0,N,N,,MRX,N
Y,MS,Morgan Stanley Common Stock,N, ,N,100.0,N,,MS,MS,N
Y,MSA,MSA Safety Incorporated Common Stock,N, ,N,100.0,N,,MSA,MSA,N
Y,MSAI,"MultiSensor AI Holdings, Inc. - Common Stock",Q,S,N,100.0,N,N,,MSAI,N
Y,MSAIW,"MultiSensor AI Holdings, Inc. - Warrants",Q,S,N,100.0,N,N,,MSAIW,N
Y,MSB,Mesabi Trust Common Stock,N, ,N,100.0,N,,MSB,MSB,N
Y,MSBI,"Midland States Bancorp, Inc. - Common Stock",Q,Q,N,100.0,N,N,,MSBI,N
Y,MSBIP,"Midland States Bancorp, Inc. - Depositary Shares Each Representing a 1/40th Interest in a Share of 7.750% Fixed-Rate Reset Non-Cumulative Perpetual Preferred Stock, Series A",Q,Q,N,100.0,N,N,,MSBIP,N
Y,MSC,"Studio City International Holdings Limited American depositary shares, each representing four  Class A ordinary shares",N, ,N,100.0,N,,MSC,MSC,N
Y,MSCI,MSCI Inc. Common Stock,N, ,N,40.0,N,,MSCI,MSCI,N
Y,MSD,"Morgan Stanley Emerging Markets Debt Fund, Inc. Common Stock",N, ,N,100.0,N,,MSD,MSD,N
Y,MSDL,Morgan Stanley Direct Lending Fund Common Stock,N, ,N,100.0,N,,MSDL,MSDL,N
Y,MSEX,Middlesex Water Company - Common Stock,Q,Q,N,100.0,N,N,,MSEX,N
Y,MSFT,Microsoft Corporation - Common Stock,Q,Q,N,40.0,N,N,,MSFT,N
Y,MSGE,Madison Square Garden Entertainment Corp. Class A Common Stock,N, ,N,100.0,N,,MSGE,MSGE,N
Y,MSGM,Motorsport Games Inc. - Class A Common Stock,Q,S,N,100.0,N,N,,MSGM,N
Y,MSGS,Madison Square Garden Sports Corp. Class A Common Stock (New),N, ,N,40.0,N,,MSGS,MSGS,N
Y,MSGY,Masonglory Limited - Ordinary Shares,Q,S,N,100.0,N,D,,MSGY,N
Y,MSI,"Motorola Solutions, Inc. Common Stock",N, ,N,40.0,N,,MSI,MSI,N
Y,MSIF,"MSC Income Fund, Inc. Common Stock",N, ,N,100.0,N,,MSIF,MSIF,N
Y,MSLE,Satellos Bioscience Inc. - Common Stock,Q,G,N,100.0,N,N,,MSLE,N
Y,MSM,"MSC Industrial Direct Company, Inc. Common Stock",N, ,N,100.0,N,,MSM,MSM,N
Y,MSN,Emerson Radio Corporation Common Stock,A, ,N,100.0,N,,MSN,MSN,N
Y,MSS,Maison Solutions Inc. - Class A Common Stock,Q,S,N,100.0,N,D,,MSS,N
Y,MSTR,Strategy Inc - Class A Common Stock,Q,Q,N,100.0,N,N,,MSTR,N
Y,MSW,Ming Shing Group Holdings Limited - Ordinary Shares,Q,S,N,100.0,N,N,,MSW,N
Y,MT,Arcelor Mittal NY Registry Shares NEW,N, ,N,100.0,N,,MT,MT,N
Y,MTA,Metalla Royalty & Streaming Ltd. Common Shares,A, ,N,100.0,N,,MTA,MTA,N
Y,MTAL,Metals Acquisition Corp. II Class A Ordinary Shares,N, ,N,100.0,N,,MTAL,MTAL,N
Y,MTB,M&T Bank Corporation Common Stock,N, ,N,100.0,N,,MTB,MTB,N
Y,MTC,"MMTec, Inc. - Common Shares",Q,S,N,100.0,N,N,,MTC,N
Y,MTCH,"Match Group, Inc. - Common Stock",Q,Q,N,100.0,N,N,,MTCH,N
Y,MTD,"Mettler-Toledo International, Inc. Common Stock",N, ,N,10.0,N,,MTD,MTD,N
Y,MTDR,Matador Resources Company Common Stock,N, ,N,100.0,N,,MTDR,MTDR,N
Y,MTEK,Maris-Tech Ltd. - ordinary shares,Q,S,N,100.0,N,N,,MTEK,N
Y,MTEKW,Maris-Tech Ltd. - Warrants,Q,S,N,100.0,N,N,,MTEKW,N
Y,MTEN,Mingteng International Corporation Inc. - Class A Ordinary Shares,Q,S,N,100.0,N,N,,MTEN,N
Y,MTEX,"Mannatech, Incorporated - Common Stock",Q,S,N,100.0,N,D,,MTEX,N
Y,MTG,MGIC Investment Corporation Common Stock,N, ,N,100.0,N,,MTG,MTG,N
Y,MTH,Meritage Homes Corporation Common Stock,N, ,N,100.0,N,,MTH,MTH,N
Y,MTLS,Materialise NV - American Depositary Shares,Q,Q,N,100.0,N,N,,MTLS,N
Y,MTN,"Vail Resorts, Inc. Common Stock",N, ,N,100.0,N,,MTN,MTN,N
Y,MTNB,"Matinas Biopharma Holdings, Inc. Common Stock",A, ,N,100.0,N,,MTNB,MTNB,N
Y,MTNE,CH4 Natural Solutions Corporation Class A Ordinary Shares,N, ,N,100.0,N,,MTNE,MTNE,N
Y,MTR,Mesa Royalty Trust Common Stock,N, ,N,100.0,N,,MTR,MTR,N
Y,MTRN,Materion Corporation,N, ,N,100.0,N,,MTRN,MTRN,N
Y,MTRX,Matrix Service Company - Common Stock,Q,Q,N,100.0,N,N,,MTRX,N
Y,MTSI,"MACOM Technology Solutions Holdings, Inc. - Common Stock",Q,Q,N,100.0,N,N,,MTSI,N
Y,MTUS,Metallus Inc. Common Shares,N, ,N,100.0,N,,MTUS,MTUS,N
Y,MTVA,MetaVia Inc.  - Common Stock,Q,S,N,100.0,N,N,,MTVA,N
Y,MTW,"Manitowoc Company, Inc. (The) Common Stock",N, ,N,100.0,N,,MTW,MTW,N
Y,MTX,Minerals Technologies Inc. Common Stock,N, ,N,100.0,N,,MTX,MTX,N
Y,MTZ,"MasTec, Inc. Common Stock",N, ,N,40.0,N,,MTZ,MTZ,N
Y,MU,"Micron Technology, Inc. - Common Stock",Q,Q,N,40.0,N,N,,MU,N
Y,MUA,"Blackrock MuniAssets Fund, Inc Common Stock",N, ,N,100.0,N,,MUA,MUA,N
Y,MUC,"Blackrock MuniHoldings California Quality Fund, Inc.  Common Stock",N, ,N,100.0,N,,MUC,MUC,N
Y,MUFG,"Mitsubishi UFJ Financial Group, Inc. Common Stock",N, ,N,100.0,N,,MUFG,MUFG,N
Y,MUJ,"Blackrock MuniHoldings New Jersey Quality Fund, Inc. Common Stock",N, ,N,100.0,N,,MUJ,MUJ,N
Y,MUR,Murphy Oil Corporation Common Stock,N, ,N,100.0,N,,MUR,MUR,N
Y,MUSA,Murphy USA Inc. Common Stock,N, ,N,40.0,N,,MUSA,MUSA,N
Y,MUX,McEwen Inc. Common Stock,N, ,N,100.0,N,,MUX,MUX,N
Y,MUZE,Muzero Acquisition Corp - Class A Ordinary Shares,Q,G,N,100.0,N,N,,MUZE,N
Y,MUZEU,Muzero Acquisition Corp - Unit,Q,G,N,100.0,N,N,,MUZEU,N
Y,MVBF,MVB Financial Corp. - Common Stock,Q,S,N,100.0,N,N,,MVBF,N
Y,MVIS,"MicroVision, Inc. - Common Stock",Q,G,N,100.0,N,D,,MVIS,N
Y,MVO,MV Oil Trust Units of Beneficial Interests,N, ,N,100.0,N,,MVO,MVO,N
Y,MVST,"Microvast Holdings, Inc. - Common Stock",Q,S,N,100.0,N,N,,MVST,N
Y,MVSTW,"Microvast Holdings, Inc. - Warrant",Q,S,N,100.0,N,N,,MVSTW,N
Y,MWA,MUELLER WATER PRODUCTS Common Stock,N, ,N,100.0,N,,MWA,MWA,N
Y,MWC,"Micware Co., Ltd. - American Depositary Shares",Q,G,N,100.0,N,N,,MWC,N
Y,MWG,Multi Ways Holdings Limited Class A Ordinary Shares,A, ,N,100.0,N,,MWG,MWG,N
Y,MWH,"SOLV Energy, Inc. - Class A common stock",Q,Q,N,100.0,N,N,,MWH,N
Y,MWYN,"Marwynn Holdings, Inc. - Common stock",Q,S,N,100.0,N,D,,MWYN,N
Y,MX,Magnachip Semiconductor Corporation Common Stock,N, ,N,100.0,N,,MX,MX,N
Y,MXC,Mexco Energy Corporation Common Stock,A, ,N,100.0,N,,MXC,MXC,N
Y,MXCT,"MaxCyte, Inc. - Common Stock",Q,Q,N,100.0,N,N,,MXCT,N
Y,MXE,"Mexico Equity and Income Fund, Inc. (The) Common Stock",N, ,N,100.0,N,,MXE,MXE,N
Y,MXF,"Mexico Fund, Inc. (The) Common Stock",N, ,N,100.0,N,,MXF,MXF,N
Y,MXL,"MaxLinear, Inc - Common Stock",Q,Q,N,100.0,N,N,,MXL,N
Y,MYE,"Myers Industries, Inc. Common Stock",N, ,N,100.0,N,,MYE,MYE,N
Y,MYFW,"First Western Financial, Inc. - Common Stock",Q,Q,N,100.0,N,N,,MYFW,N
Y,MYGN,"Myriad Genetics, Inc. - Common Stock",Q,Q,N,100.0,N,N,,MYGN,N
Y,MYI,"Blackrock MuniYield Quality Fund III, Inc Common Stock",N, ,N,100.0,N,,MYI,MYI,N
Y,MYN,"Blackrock MuniYield New York Quality Fund, Inc.Common Stock",N, ,N,100.0,N,,MYN,MYN,N
Y,MYND,"Mynd.ai, Inc. American Depositary Shares",A, ,N,100.0,N,,MYND,MYND,N
Y,MYO,Myomo Inc. Common Stock,A, ,N,100.0,N,,MYO,MYO,N
Y,MYPS,"PLAYSTUDIOS, Inc.  - Class A Common Stock",Q,S,N,100.0,N,D,,MYPS,N
Y,MYRG,"MYR Group, Inc. - Common Stock",Q,Q,N,40.0,N,N,,MYRG,N
Y,MYSE,"Myseum.AI, Inc. - Common Stock",Q,S,N,100.0,N,N,,MYSE,N
Y,MYSEW,"Myseum.AI, Inc. - Series A Warrant",Q,S,N,100.0,N,N,,MYSEW,N
Y,MYSZ,"My Size, Inc. - Common Stock",Q,S,N,100.0,N,D,,MYSZ,N
Y,MYX,Maywood Acquisition Corp. 2 - Class A Ordinary Share,Q,G,N,100.0,N,N,,MYX,N
Y,MYXXU,Maywood Acquisition Corp. 2 - Units,Q,G,N,100.0,N,N,,MYXXU,N
Y,MZTI,The Marzetti Company - Common Stock,Q,Q,N,100.0,N,N,,MZTI,N
Y,MZYX,MOZAYYX Acquisition Corp. Class A Ordinary Shares,N, ,N,100.0,N,,MZYX,MZYX,N
Y,NAAS,NaaS Technology Inc. - American Depositary Shares,Q,S,N,100.0,N,D,,NAAS,N
Y,NABL,"N-able, Inc. Common Stock",N, ,N,100.0,N,,NABL,NABL,N
Y,NAC,Nuveen California Quality Municipal Income Fund,N, ,N,100.0,N,,NAC,NAC,N
Y,NAD,Nuveen Quality Municipal Income Fund Common Stock,N, ,N,100.0,N,,NAD,NAD,N
Y,NAGE,"Niagen Bioscience, Inc. - Common Stock",Q,S,N,100.0,N,N,,NAGE,N
Y,NAII,"Natural Alternatives International, Inc. - Common Stock",Q,G,N,100.0,N,N,,NAII,N
Y,NAK,"Northern Dynasty Minerals, Ltd. Common Stock",A, ,N,100.0,N,,NAK,NAK,N
Y,NAKA,Nakamoto Inc. - Common Stock,Q,G,N,100.0,N,N,,NAKA,N
Y,NAMI,Jinxin Technology Holding Company - American Depositary Shares,Q,S,N,100.0,N,D,,NAMI,N
Y,NAMM,Namib Minerals - Ordinary Shares,Q,G,N,100.0,N,N,,NAMM,N
Y,NAMMW,Namib Minerals - Warrants,Q,S,N,100.0,N,N,,NAMMW,N
Y,NAMS,NewAmsterdam Pharma Company N.V. - Ordinary Shares,Q,G,N,100.0,N,N,,NAMS,N
Y,NAMSW,NewAmsterdam Pharma Company N.V. - Warrant,Q,G,N,100.0,N,N,,NAMSW,N
Y,NAN,Nuveen New York Quality Municipal Income Fund Common Stock,N, ,N,100.0,N,,NAN,NAN,N
Y,NAT,Nordic American Tankers Limited Common Stock,N, ,N,100.0,N,,NAT,NAT,N
Y,NATH,"Nathan's Famous, Inc. - Common Stock",Q,Q,N,100.0,N,N,,NATH,N
Y,NATL,NCR Atleos Corporation Common Stock,N, ,N,100.0,N,,NATL,NATL,N
Y,NATR,"Nature's Sunshine Products, Inc. - Common Stock",Q,S,N,100.0,N,N,,NATR,N
Y,NAUT,"Nautilus Biotechnology, Inc. - Common Stock",Q,S,N,100.0,N,N,,NAUT,N
Y,NAVI,Navient Corporation - Common Stock,Q,Q,N,100.0,N,N,,NAVI,N
Y,NAVN,"Navan, Inc. - Class A Common Stock",Q,Q,N,100.0,N,N,,NAVN,N
Y,NAZ,Nuveen Arizona Quality Municipal Income Fund Common Stock,N, ,N,100.0,N,,NAZ,NAZ,N
Y,NB,NioCorp Developments Ltd. - Common Stock,Q,G,N,100.0,N,N,,NB,N
Y,NBB,Nuveen Taxable Municipal Income Fund Common Shares of Beneficial Interest,N, ,N,100.0,N,,NBB,NBB,N
Y,NBBK,"NB Bancorp, Inc. - Common Stock",Q,S,N,100.0,N,N,,NBBK,N
Y,NBH,Neuberger Municipal Fund Inc. Common Stock,A, ,N,100.0,N,,NBH,NBH,N
Y,NBHC,National Bank Holdings Corporation Common Stock,N, ,N,100.0,N,,NBHC,NBHC,N
Y,NBIS,Nebius Group N.V. - Class A Ordinary Shares,Q,Q,N,100.0,N,N,,NBIS,N
Y,NBIX,"Neurocrine Biosciences, Inc. - Common Stock",Q,Q,N,100.0,N,N,,NBIX,N
Y,NBN,Northeast Bank - Common Stock,Q,G,N,100.0,N,N,,NBN,N
Y,NBP,NovaBridge Biosciences - American Depositary Shares,Q,G,N,100.0,N,N,,NBP,N
Y,NBR,Nabors Industries Ltd.,N, ,N,100.0,N,,NBR,NBR,N
Y,NBRG,Newbridge Acquisition Limited - Class A Ordinary Share,Q,S,N,100.0,N,N,,NBRG,N
Y,NBRGU,Newbridge Acquisition Limited - Unit,Q,S,N,100.0,N,N,,NBRGU,N
Y,NBTB,NBT Bancorp Inc. - Common Stock,Q,Q,N,100.0,N,N,,NBTB,N
Y,NBTX,Nanobiotix S.A. - ADSs,Q,Q,N,100.0,N,N,,NBTX,N
Y,NBXG,Neuberger Next Generation Connectivity Fund Inc. Common Stock,N, ,N,100.0,N,,NBXG,NBXG,N
Y,NC,"NACCO Industries, Inc. Common Stock",N, ,N,100.0,N,,NC,NC,N
Y,NCA,Nuveen California Municipal Value Fund,N, ,N,100.0,N,,NCA,NCA,N
Y,NCDL,Nuveen Churchill Direct Lending Corp. Common Stock,N, ,N,100.0,N,,NCDL,NCDL,N
Y,NCEL,NewcelX Ltd. - Ordinary Shares,Q,S,N,100.0,N,N,,NCEL,N
Y,NCEW,New Century Logistics (BVI) Limited - Ordinary Shares,Q,S,N,100.0,N,N,,NCEW,N
Y,NCI,Neo-Concept International Group Holdings Limited - Class A Ordinary Shares,Q,S,N,100.0,N,N,,NCI,N
Y,NCL,Northann Corp. Common Stock,A, ,N,100.0,N,,NCL,NCL,N
Y,NCLH,Norwegian Cruise Line Holdings Ltd. Ordinary Shares,N, ,N,100.0,N,,NCLH,NCLH,N
Y,NCMI,"National CineMedia, Inc. - Common Stock",Q,Q,N,100.0,N,N,,NCMI,N
Y,NCNA,NuCana plc - American Depositary Shares,Q,S,N,100.0,N,N,,NCNA,N
Y,NCNO,"nCino, Inc. - Common Stock",Q,Q,N,100.0,N,N,,NCNO,N
Y,NCPL,Netcapital Inc. - Common Stock,Q,S,N,100.0,N,D,,NCPL,N
Y,NCPLW,Netcapital Inc. - warrants,Q,S,N,100.0,N,N,,NCPLW,N
Y,NCRA,"Nocera, Inc. - common stock",Q,S,N,100.0,N,D,,NCRA,N
Y,NCSM,"NCS Multistage Holdings, Inc. - Common Stock",Q,S,N,100.0,N,N,,NCSM,N
Y,NCT,Intercont (Cayman) Limited - Class A Ordinary shares,Q,S,N,100.0,N,N,,NCT,N
Y,NCTY,The9 Limited - American Depository Shares,Q,S,N,100.0,N,N,,NCTY,N
Y,NCV,Virtus Convertible & Income Fund Common Shares of Beneficial Interest,N, ,N,100.0,N,,NCV,NCV,N
Y,NCZ,Virtus Convertible & Income Fund II Common Shares of Beneficial Interest,N, ,N,100.0,N,,NCZ,NCZ,N
Y,NDAQ,"Nasdaq, Inc. - Common Stock",Q,Q,N,100.0,N,N,,NDAQ,N
Y,NDLS,Noodles & Company - Class A Common Stock,Q,Q,N,100.0,N,N,,NDLS,N
Y,NDMO,Nuveen Dynamic Municipal Opportunities Fund Common Shares of Beneficial Interest,N, ,N,100.0,N,,NDMO,NDMO,N
Y,NDRA,ENDRA Life Sciences Inc. - Common Stock,Q,S,N,100.0,N,D,,NDRA,N
Y,NDSN,Nordson Corporation - Common Stock,Q,Q,N,40.0,N,N,,NDSN,N
Y,NE,Noble Corporation plc A Ordinary Shares,N, ,N,100.0,N,,NE,NE,N
Y,NEA,Nuveen AMT-Free Quality Municipal Income Fund Common Shares of Beneficial Interest Par Value $.01,N, ,N,100.0,N,,NEA,NEA,N
Y,NECB,"NorthEast Community Bancorp, Inc. - Common Stock",Q,S,N,100.0,N,N,,NECB,N
Y,NEE,"NextEra Energy, Inc. Common Stock",N, ,N,100.0,N,,NEE,NEE,N
Y,NEGG,"Newegg Commerce, Inc. - Common Shares",Q,S,N,100.0,N,N,,NEGG,N
Y,NEM,Newmont Corporation,N, ,N,100.0,N,,NEM,NEM,N
Y,NEN,New England Realty Associates Limited Partnership Class A Depositary Receipts Evidencing Units of Limited Partnership,A, ,N,100.0,N,,NEN,NEN,N
Y,NEO,"NeoGenomics, Inc. - Common Stock",Q,S,N,100.0,N,N,,NEO,N
Y,NEOG,Neogen Corporation - Common Stock,Q,Q,N,100.0,N,N,,NEOG,N
Y,NEON,Neonode Inc. - Common Stock,Q,S,N,100.0,N,N,,NEON,N
Y,NEOV,NeoVolta Inc. - Common Stock,Q,S,N,100.0,N,N,,NEOV,N
Y,NEOVW,NeoVolta Inc. - Warrant,Q,S,N,100.0,N,N,,NEOVW,N
Y,NEPH,"Nephros, Inc. - Common Stock",Q,S,N,100.0,N,N,,NEPH,N
Y,NERV,"Minerva Neurosciences, Inc - Common Stock",Q,S,N,100.0,N,N,,NERV,N
Y,NESR,National Energy Services Reunited Corp - Ordinary Shares,Q,S,N,100.0,N,N,,NESR,N
Y,NET,"Cloudflare, Inc. Class A Common Stock",N, ,N,100.0,N,,NET,NET,N
Y,NEU,NewMarket Corp Common Stock,N, ,N,40.0,N,,NEU,NEU,N
Y,NEUP,Neuphoria Therapeutics Inc. - Common Stock,Q,G,N,100.0,N,N,,NEUP,N
Y,NEWP,New Pacific Metals Corp. Common Shares,A, ,N,100.0,N,,NEWP,NEWP,N
Y,NEWT,"NewtekOne, Inc. - Common Stock",Q,G,N,100.0,N,N,,NEWT,N
Y,NEWTG,"NewtekOne, Inc. - 8.50% Fixed Rate Senior Notes due 2029",Q,G,N,100.0,N,N,,NEWTG,N
Y,NEWTH,"NewtekOne, Inc. - 8.625% Fixed Rate Senior Notes due 2029",Q,G,N,100.0,N,N,,NEWTH,N
Y,NEWTI,"NewtekOne, Inc. - 8.00% Fixed Rate Senior Notes due 2028",Q,G,N,100.0,N,N,,NEWTI,N
Y,NEWTO,"NewtekOne, Inc. - 8.50% Fixed Rate Senior Notes due 2031",Q,G,N,100.0,N,N,,NEWTO,N
Y,NEWTP,"NewtekOne, Inc. - Depositary Shares, Each Representing a 1/40th Interest in a Share of 8.500% Fixed Rate Reset Non-Cumulative Perpetual Preferred Stock, Series B",Q,G,N,100.0,N,N,,NEWTP,N
Y,NEXA,Nexa Resources S.A. Common Shares,N, ,N,100.0,N,,NEXA,NEXA,N
Y,NEXM,NexMetals Mining Corp. - Common Stock,Q,S,N,100.0,N,N,,NEXM,N
Y,NEXN,Nexxen International Ltd. - Ordinary Shares,Q,G,N,100.0,N,N,,NEXN,N
Y,NEXR,Nexera Technologies Ltd - Ordinary Shares,Q,S,N,100.0,N,N,,NEXR,N
Y,NEXT,NextDecade Corporation - Common Stock,Q,S,N,100.0,N,N,,NEXT,N
Y,NFBK,"Northfield Bancorp, Inc. - Common Stock",Q,Q,N,100.0,N,N,,NFBK,N
Y,NFE,New Fortress Energy Inc. - Class A Common Stock,Q,Q,N,100.0,N,D,,NFE,N
Y,NFG,National Fuel Gas Company Common Stock,N, ,N,100.0,N,,NFG,NFG,N
Y,NFGC,New Found Gold Corp Common Shares,A, ,N,100.0,N,,NFGC,NFGC,N
Y,NFJ,"Virtus Dividend, Interest & Premium Strategy Fund Common Shares of Beneficial Interest",N, ,N,100.0,N,,NFJ,NFJ,N
Y,NFLX,"Netflix, Inc. - Common Stock",Q,Q,N,100.0,N,N,,NFLX,N
Y,NG,Novagold Resources Inc.,A, ,N,100.0,N,,NG,NG,N
Y,NGEN,NervGen Pharma Corp. - Common stock,Q,S,N,100.0,N,N,,NGEN,N
Y,NGG,"National Grid Transco, PLC National Grid PLC (NEW) American Depositary Shares",N, ,N,100.0,N,,NGG,NGG,N
Y,NGL,NGL ENERGY PARTNERS LP Common Units representing Limited Partner Interests,N, ,N,100.0,N,,NGL,NGL,N
Y,NGNE,Neurogene Inc. - Common Stock,Q,G,N,100.0,N,N,,NGNE,N
Y,NGS,"Natural Gas Services Group, Inc. Common Stock",N, ,N,100.0,N,,NGS,NGS,N
Y,NGVC,"Natural Grocers by Vitamin Cottage, Inc. Common Stock",N, ,N,100.0,N,,NGVC,NGVC,N
Y,NGVT,Ingevity Corporation Common Stock ,N, ,N,100.0,N,,NGVT,NGVT,N
Y,NHC,National HealthCare Corporation Common Stock,A, ,N,100.0,N,,NHC,NHC,N
Y,NHI,"National Health Investors, Inc. Common Stock",N, ,N,100.0,N,,NHI,NHI,N
Y,NHIC,NewHold Investment Corp III - Class A Ordinary shares,Q,G,N,100.0,N,N,,NHIC,N
Y,NHICU,NewHold Investment Corp III - Units,Q,G,N,100.0,N,N,,NHICU,N
Y,NHICW,NewHold Investment Corp III - Warrants,Q,G,N,100.0,N,N,,NHICW,N
Y,NHIV,NewHold Investment Corp IV - Class A Ordinary Shares,Q,G,N,100.0,N,N,,NHIV,N
Y,NHIVU,NewHold Investment Corp IV - Units,Q,G,N,100.0,N,N,,NHIVU,N
Y,NHP,"National Healthcare Properties, Inc. - Class A Common Stock",Q,G,N,100.0,N,N,,NHP,N
Y,NHPAP,"National Healthcare Properties, Inc. - 7.375% Series A Cumulative Redeemable Perpetual Preferred Stock",Q,G,N,100.0,N,N,,NHPAP,N
Y,NHPBP,"National Healthcare Properties, Inc. - 7.125% Series B Cumulative Redeemable Perpetual Preferred Stock",Q,G,N,100.0,N,N,,NHPBP,N
Y,NHS,Neuberger High Yield Strategies Fund Inc. Common Stock,A, ,N,100.0,N,,NHS,NHS,N
Y,NHTC,Natural Health Trends Corp. - Common Stock,Q,S,N,100.0,N,N,,NHTC,N
Y,NI,NiSource Inc Common Stock,N, ,N,100.0,N,,NI,NI,N
Y,NIC,Nicolet Bankshares Inc. Common Stock,N, ,N,100.0,N,,NIC,NIC,N
Y,NICE,NICE Ltd - American Depositary Shares each representing one Ordinary Share,Q,Q,N,100.0,N,N,,NICE,N
Y,NICM,Nicola Mining Inc. - American Depositary Shares,Q,S,N,100.0,N,N,,NICM,N
Y,NIE,Virtus Equity & Convertible Income Fund Common Shares of Beneficial Interest,N, ,N,100.0,N,,NIE,NIE,N
Y,NIM,Nuveen Select Maturities Municipal Fund Common Stock,N, ,N,100.0,N,,NIM,NIM,N
Y,NINE,"Nine Energy Service, Inc. Common Stock",A, ,N,100.0,N,,NINE,NINE,N
Y,NIO,"NIO Inc. American depositary shares, each  representing one Class A ordinary share",N, ,N,100.0,N,,NIO,NIO,N
Y,NIOBW,NioCorp Developments Ltd. - Warrant,Q,S,N,100.0,N,N,,NIOBW,N
Y,NIPG,NIP Group Inc. - American Depositary Shares,Q,G,N,100.0,N,D,,NIPG,N
Y,NIQ,NIQ Global Intelligence plc Ordinary Shares,N, ,N,100.0,N,,NIQ,NIQ,N
Y,NIU,Niu Technologies - American Depositary Shares,Q,G,N,100.0,N,N,,NIU,N
Y,NIVF,NewGenIvf Group Limited - Class A Ordinary Shares,Q,S,N,100.0,N,N,,NIVF,N
Y,NIVFW,NewGenIvf Group Limited - Warrants,Q,S,N,100.0,N,N,,NIVFW,N
Y,NIXX,"Nixxy, Inc. - Common Stock",Q,S,N,100.0,N,N,,NIXX,N
Y,NJR,NewJersey Resources Corporation Common Stock,N, ,N,100.0,N,,NJR,NJR,N
Y,NKE,"Nike, Inc. Common Stock",N, ,N,100.0,N,,NKE,NKE,N
Y,NKLR,Terra Innovatum Global N.V. - Ordinary shares,Q,G,N,100.0,N,N,,NKLR,N
Y,NKSH,"National Bankshares, Inc. - Common Stock",Q,S,N,100.0,N,N,,NKSH,N
Y,NKTR,Nektar Therapeutics - Common Stock,Q,S,N,100.0,N,N,,NKTR,N
Y,NKTX,"Nkarta, Inc. - Common Stock",Q,Q,N,100.0,N,N,,NKTX,N
Y,NKX,Nuveen California AMT-Free Quality Municipal Income Fund,N, ,N,100.0,N,,NKX,NKX,N
Y,NL,"NLI Holdings, Inc. Common Stock",N, ,N,100.0,N,,NL,NL,N
Y,NLOP,Net Lease Office Properties Common Shares of Beneficial Interest,N, ,N,100.0,N,,NLOP,NLOP,N
Y,NLY,Annaly Capital Management Inc. Common Stock,N, ,N,100.0,N,,NLY,NLY,N
Y,NMAD,"Nomad Power Solutions, Inc. - Common Stock",Q,S,N,100.0,N,N,,NMAD,N
Y,NMAI,Nuveen Multi-Asset Income Fund Common Shares of Beneficial Interest,N, ,N,100.0,N,,NMAI,NMAI,N
Y,NMAX,"Newsmax, Inc. Class B Common Stock",N, ,N,100.0,N,,NMAX,NMAX,N
Y,NMCO,Nuveen Municipal Credit Opportunities Fund Common Shares,N, ,N,100.0,N,,NMCO,NMCO,N
Y,NMFC,New Mountain Finance Corporation - Common Stock,Q,Q,N,100.0,N,N,,NMFC,N
Y,NMFCZ,New Mountain Finance Corporation - 8.250% Notes due 2028,Q,G,N,100.0,N,N,,NMFCZ,N
Y,NMG,Nouveau Monde Graphite Inc. Common Shares,N, ,N,100.0,N,,NMG,NMG,N
Y,NMI,"Nuveen Municipal Income Fund, Inc. Common Stock",N, ,N,100.0,N,,NMI,NMI,N
Y,NMIH,NMI Holdings Inc - Common Stock,Q,G,N,100.0,N,N,,NMIH,N
Y,NML,Neuberger Energy Infrastructure and Income Fund Inc. Common Stock,A, ,N,100.0,N,,NML,NML,N
Y,NMM,Navios Maritime Partners LP Common Units Representing Limited Partner Interests,N, ,N,100.0,N,,NMM,NMM,N
Y,NMP,NMP Acquisition Corp. - Class A Ordinary Shares,Q,G,N,100.0,N,N,,NMP,N
Y,NMPAU,NMP Acquisition Corp. - Units,Q,G,N,100.0,N,N,,NMPAU,N
Y,NMR,Nomura Holdings Inc ADR American Depositary Shares,N, ,N,100.0,N,,NMR,NMR,N
Y,NMRA,"Neumora Therapeutics, Inc. - Common Stock",Q,Q,N,100.0,N,N,,NMRA,N
Y,NMRK,"Newmark Group, Inc. - Class A Common Stock",Q,Q,N,100.0,N,N,,NMRK,N
Y,NMS,Nuveen Minnesota Quality Municipal Income Fund ,N, ,N,100.0,N,,NMS,NMS,N
Y,NMT,Nuveen Massachusetts Quality Municipal Income Fund Common Stock,N, ,N,100.0,N,,NMT,NMT,N
Y,NMTC,NeuroOne Medical Technologies Corporation - Common Stock,Q,S,N,100.0,N,N,,NMTC,N
Y,NMZ,"Nuveen Municipal High Income Opportunity Fund Common Stock, $0.01 par value, per share",N, ,N,100.0,N,,NMZ,NMZ,N
Y,NN,NextNav Inc. - Common stock,Q,S,N,100.0,N,N,,NN,N
Y,NNBR,"NN, Inc. - Common Stock",Q,Q,N,100.0,N,N,,NNBR,N
Y,NNDM,Nano Dimension Ltd. - American Depositary Shares,Q,S,N,100.0,N,N,,NNDM,N
Y,NNE,Nano Nuclear Energy Inc. - common stock,Q,S,N,100.0,N,N,,NNE,N
Y,NNI,"Nelnet, Inc. Common Stock",N, ,N,100.0,N,,NNI,NNI,N
Y,NNN,"NNN REIT, Inc. Common Stock",N, ,N,100.0,N,,NNN,NNN,N
Y,NNNN,Anbio Biotechnology - Class A Ordinary Shares,Q,G,N,100.0,N,N,,NNNN,N
Y,NNOX,NANO-X IMAGING LTD - Ordinary Shares,Q,G,N,100.0,N,N,,NNOX,N
Y,NNVC,"NanoViricides, Inc. Common Stock",A, ,N,100.0,N,,NNVC,NNVC,N
Y,NNY,Nuveen New York Municipal Value Fund Common Stock,N, ,N,100.0,N,,NNY,NNY,N
Y,NOA,North American Construction Group Ltd. Common Shares (no par),N, ,N,100.0,N,,NOA,NOA,N
Y,NOAH,Noah Holdings Limited American Depositary Shares,N, ,N,100.0,N,,NOAH,NOAH,N
Y,NOC,Northrop Grumman Corporation Common Stock,N, ,N,40.0,N,,NOC,NOC,N
Y,NODK,"NI Holdings, Inc. - Common Stock",Q,S,N,100.0,N,N,,NODK,N
Y,NOEM,CO2 Energy Transition Corp. - Common Stock,Q,G,N,100.0,N,N,,NOEM,N
Y,NOEMU,CO2 Energy Transition Corp. - Unit,Q,G,N,100.0,N,N,,NOEMU,N
Y,NOEMW,CO2 Energy Transition Corp. - Warrant,Q,G,N,100.0,N,N,,NOEMW,N
Y,NOG,"Northern Oil and Gas, Inc. Common Stock",N, ,N,100.0,N,,NOG,NOG,N
Y,NOK,Nokia Corporation Sponsored American Depositary Shares,N, ,N,100.0,N,,NOK,NOK,N
Y,NOMA,NOMADAR Corp. - Class A Common Stock,Q,S,N,100.0,N,N,,NOMA,N
Y,NOMD,Nomad Foods Limited Ordinary Shares,N, ,N,100.0,N,,NOMD,NOMD,N
Y,NOV,NOV Inc. Common Stock,N, ,N,100.0,N,,NOV,NOV,N
Y,NOVT,Novanta Inc. - Common Shares,Q,Q,N,100.0,N,N,,NOVT,N
Y,NOVTU,Novanta Inc. - Tangible Equity Units,Q,Q,N,100.0,N,N,,NOVTU,N
Y,NOW,"ServiceNow, Inc. Common Stock",N, ,N,100.0,N,,NOW,NOW,N
Y,NP,Neptune Insurance Holdings Inc. Class A Common Stock,N, ,N,100.0,N,,NP,NP,N
Y,NPAC,New Providence Acquisition Corp. III - Ordinary Shares,Q,G,N,100.0,N,N,,NPAC,N
Y,NPACU,New Providence Acquisition Corp. III - Units,Q,G,N,100.0,N,N,,NPACU,N
Y,NPACW,New Providence Acquisition Corp. III - Warrants,Q,G,N,100.0,N,N,,NPACW,N
Y,NPB,"Northpointe Bancshares, Inc. Common Stock",N, ,N,100.0,N,,NPB,NPB,N
Y,NPCE,"Neuropace, Inc. - Common Stock",Q,G,N,100.0,N,N,,NPCE,N
Y,NPCT,Nuveen Core Plus Impact Fund Common Shares of Beneficial Interest,N, ,N,100.0,N,,NPCT,NPCT,N
Y,NPFD,Nuveen Variable Rate Preferred & Income Fund Common Shares,N, ,N,100.0,N,,NPFD,NPFD,N
Y,NPK,"National Presto Industries, Inc. Common Stock",N, ,N,100.0,N,,NPK,NPK,N
Y,NPKI,NPK International Inc. Common Stock,N, ,N,100.0,N,,NPKI,NPKI,N
Y,NPO,Enpro Inc. Common Stock,N, ,N,40.0,N,,NPO,NPO,N
Y,NPT,Texxon Holding Limited - Ordinary shares,Q,S,N,100.0,N,N,,NPT,N
Y,NPV,Nuveen Virginia Quality Municipal Income Fund Common Stock,N, ,N,100.0,N,,NPV,NPV,N
Y,NPWR,NET Power Inc. Class A Common Stock,N, ,N,100.0,N,,NPWR,NPWR,N
Y,NRC,NRC Health - Common Stock,Q,Q,N,100.0,N,N,,NRC,N
Y,NRDS,"NerdWallet, Inc. - Class A Common Stock",Q,G,N,100.0,N,N,,NRDS,N
Y,NRDY,Nerdy Inc. Class A Common Stock,N, ,N,100.0,N,,NRDY,NRDY,N
Y,NREF,"NexPoint Real Estate Finance, Inc. Common Stock",N, ,N,100.0,N,,NREF,NREF,N
Y,NRG,"NRG Energy, Inc. Common Stock",N, ,N,100.0,N,,NRG,NRG,N
Y,NRGV,"Energy Vault Holdings, Inc. Common Stock",N, ,N,100.0,N,,NRGV,NRGV,N
Y,NRIM,Northrim BanCorp Inc - Common Stock,Q,Q,N,100.0,N,N,,NRIM,N
Y,NRIX,"Nurix Therapeutics, Inc. - Common stock",Q,G,N,100.0,N,N,,NRIX,N
Y,NRK,Nuveen New York AMT-Free Quality Municipal Income Fund ,N, ,N,100.0,N,,NRK,NRK,N
Y,NRO,Neuberger Real Estate Securities Income Fund Inc. Common Stock,A, ,N,100.0,N,,NRO,NRO,N
Y,NRP,Natural Resource Partners LP Limited Partnership,N, ,N,100.0,N,,NRP,NRP,N
Y,NRSN,NeuroSense Therapeutics Ltd. - Ordinary Shares,Q,S,N,100.0,N,D,,NRSN,N
Y,NRSNW,NeuroSense Therapeutics Ltd. - Warrant,Q,S,N,100.0,N,D,,NRSNW,N
Y,NRT,North European Oil Royality Trust Common Stock,N, ,N,100.0,N,,NRT,NRT,N
Y,NRUC,National Rural Utilities Cooperative Finance Corporation 5.500% Subordinated Notes due 2064 (Subordinated Deferrable Interest Notes),N, ,N,100.0,N,,NRUC,NRUC,N
Y,NRXP,"NRX Pharmaceuticals, Inc. - Common Stock",Q,S,N,100.0,N,N,,NRXP,N
Y,NRXS,"Neuraxis, Inc. Common Stock",A, ,N,100.0,N,,NRXS,NRXS,N
Y,NSA,National Storage Affiliates Trust Common Shares of Beneficial Interest,N, ,N,100.0,N,,NSA,NSA,N
Y,NSC,Norfolk Southern Corporation Common Stock,N, ,N,40.0,N,,NSC,NSC,N
Y,NSIT,"Insight Enterprises, Inc. - Common Stock",Q,Q,N,100.0,N,N,,NSIT,N
Y,NSLR,Neostellar Capital Corp. - Closed End Fund,Q,Q,N,100.0,N,N,,NSLR,N
Y,NSLRL,Neostellar Capital Corp. - 6.00% Notes due 2026,Q,G,N,100.0,N,N,,NSLRL,N
Y,NSP,"Insperity, Inc. Common Stock",N, ,N,100.0,N,,NSP,NSP,N
Y,NSPR,InspireMD Inc. - Common Stock,Q,S,N,100.0,N,N,,NSPR,N
Y,NSRX,Nasus Pharma Ltd. Ordinary Shares,A, ,N,100.0,N,,NSRX,NSRX,N
Y,NSSC,"NAPCO Security Technologies, Inc. - Common Stock",Q,Q,N,100.0,N,N,,NSSC,N
Y,NSTS,"NSTS Bancorp, Inc. - Common Stock",Q,S,N,100.0,N,N,,NSTS,N
Y,NSYS,Nortech Systems Incorporated - Common Stock,Q,S,N,100.0,N,N,,NSYS,N
Y,NTAP,"NetApp, Inc. - Common Stock",Q,Q,N,100.0,N,N,,NTAP,N
Y,NTB,Bank of N.T. Butterfield & Son Limited (The) Voting Ordinary Shares,N, ,N,100.0,N,,NTB,NTB,N
Y,NTCL,NETCLASS TECHNOLOGY INC - Class A Ordinary Shares,Q,S,N,100.0,N,D,,NTCL,N
Y,NTCT,"NetScout Systems, Inc. - Common Stock",Q,Q,N,100.0,N,N,,NTCT,N
Y,NTES,"NetEase, Inc. - American Depositary Shares, each representing 5 ordinary shares",Q,Q,N,100.0,N,N,,NTES,N
Y,NTGR,"NETGEAR, Inc. - Common Stock",Q,Q,N,100.0,N,N,,NTGR,N
Y,NTHI,"NeOnc Technologies Holdings, Inc. - Common Stock",Q,G,N,100.0,N,N,,NTHI,N
Y,NTIC,Northern Technologies International Corporation - Common Stock,Q,G,N,100.0,N,N,,NTIC,N
Y,NTIP,"Network-1 Technologies, Inc. Common Stock",A, ,N,100.0,N,,NTIP,NTIP,N
Y,NTLA,"Intellia Therapeutics, Inc. - Common Stock",Q,G,N,100.0,N,N,,NTLA,N
Y,NTNX,"Nutanix, Inc. - Class A Common Stock",Q,Q,N,100.0,N,N,,NTNX,N
Y,NTR,Nutrien Ltd. Common Shares,N, ,N,100.0,N,,NTR,NTR,N
Y,NTRA,"Natera, Inc. - Common Stock",Q,Q,N,100.0,N,N,,NTRA,N
Y,NTRB,Nutriband Inc. - Common Stock,Q,S,N,100.0,N,N,,NTRB,N
Y,NTRBW,Nutriband Inc. - Warrant,Q,S,N,100.0,N,N,,NTRBW,N
Y,NTRP,"NextTrip, Inc. - Common Stock",Q,S,N,100.0,N,N,,NTRP,N
Y,NTRS,Northern Trust Corporation - Common Stock,Q,Q,N,100.0,N,N,,NTRS,N
Y,NTRSO,"Northern Trust Corporation - Depositary Shares Each Representing a 1/1,000th Interest in a Share of Series E Non-Cumulative Perpetual Preferred Stock",Q,Q,N,100.0,N,N,,NTRSO,N
Y,NTSK,"Netskope, Inc. - Class A Common Stock",Q,Q,N,100.0,N,N,,NTSK,N
Y,NTST,NetSTREIT Corp. Common Stock,N, ,N,100.0,N,,NTST,NTST,N
Y,NTWK,NETSOL Technologies Inc. - Common Stock,Q,S,N,100.0,N,N,,NTWK,N
Y,NTWO,Newbury Street II Acquisition Corp - Class A Ordinary Shares,Q,G,N,100.0,N,N,,NTWO,N
Y,NTWOU,Newbury Street II Acquisition Corp - Unit,Q,G,N,100.0,N,N,,NTWOU,N
Y,NTWOW,Newbury Street II Acquisition Corp - Warrant,Q,G,N,100.0,N,N,,NTWOW,N
Y,NTZ,"Natuzzi, S.p.A.",N, ,N,100.0,N,,NTZ,NTZ,N
Y,NU,Nu Holdings Ltd. Class A Ordinary Shares,N, ,N,100.0,N,,NU,NU,N
Y,NUAI,"New Era Energy & Digital, Inc. - Common Stock",Q,G,N,100.0,N,N,,NUAI,N
Y,NUAIW,"New Era Energy & Digital, Inc. - Warrants",Q,S,N,100.0,N,N,,NUAIW,N
Y,NUCL,Eagle Nuclear Energy Corp. - Common stock,Q,S,N,100.0,N,N,,NUCL,N
Y,NUE,Nucor Corporation Common Stock,N, ,N,100.0,N,,NUE,NUE,N
Y,NUS,"Nu Skin Enterprises, Inc. Common Stock",N, ,N,100.0,N,,NUS,NUS,N
Y,NUTR,Nusatrip Incorporated - Common Stock,Q,S,N,100.0,N,E,,NUTR,N
Y,NUTX,Nutex Health Inc. - Common Stock,Q,S,N,100.0,N,N,,NUTX,N
Y,NUV,"Nuveen Municipal Value Fund, Inc. Common Stock",N, ,N,100.0,N,,NUV,NUV,N
Y,NUVB,Nuvation Bio Inc. Class A Common Stock,N, ,N,100.0,N,,NUVB,NUVB,N
Y,NUVL,"Nuvalent, Inc. - Class A Common Stock",Q,Q,N,100.0,N,N,,NUVL,N
Y,NUW,Nuveen AMT-Free Municipal Value Fund,N, ,N,100.0,N,,NUW,NUW,N
Y,NUWE,"Nuwellis, Inc. - Common Stock",Q,S,N,100.0,N,N,,NUWE,N
Y,NVA,Nova Minerals Corp Common Stock,A, ,N,100.0,N,,NVA,NVA,N
Y,NVAX,"Novavax, Inc. - Common Stock",Q,Q,N,100.0,N,N,,NVAX,N
Y,NVCR,NovoCure Limited - Ordinary Shares,Q,Q,N,100.0,N,N,,NVCR,N
Y,NVCT,"Nuvectis Pharma, Inc. - Common Stock",Q,S,N,100.0,N,N,,NVCT,N
Y,NVDA,NVIDIA Corporation - Common Stock,Q,Q,N,100.0,N,N,,NVDA,N
Y,NVEC,NVE Corporation - Common Stock,Q,S,N,100.0,N,N,,NVEC,N
Y,NVG,Nuveen AMT-Free Municipal Credit Income Fund ,N, ,N,100.0,N,,NVG,NVG,N
Y,NVGS,Navigator Holdings Ltd. Ordinary Shares (Marshall Islands),N, ,N,100.0,N,,NVGS,NVGS,N
Y,NVMI,Nova Ltd. - Ordinary Shares,Q,Q,N,40.0,N,N,,NVMI,N
Y,NVNI,Nvni Group Limited - Ordinary Shares,Q,S,N,100.0,N,D,,NVNI,N
Y,NVNIW,Nvni Group Limited - Warrants,Q,S,N,100.0,N,D,,NVNIW,N
Y,NVNO,enVVeno Medical Corporation - Common Stock,Q,S,N,100.0,N,N,,NVNO,N
Y,NVO,Novo Nordisk A/S Common Stock,N, ,N,100.0,N,,NVO,NVO,N
Y,NVR,"NVR, Inc. Common Stock",N, ,N,10.0,N,,NVR,NVR,N
Y,NVRI,Enviri Corporation Common Stock,N, ,N,100.0,N,,NVRI,NVRI,N
Y,NVS,Novartis AG Common Stock,N, ,N,100.0,N,,NVS,NVS,N
Y,NVST,Envista Holdings Corporation Common Stock,N, ,N,100.0,N,,NVST,NVST,N
Y,NVT,nVent Electric plc Ordinary Shares ,N, ,N,100.0,N,,NVT,NVT,N
Y,NVTS,Navitas Semiconductor Corporation - Common Stock,Q,G,N,100.0,N,N,,NVTS,N
Y,NVVE,Nuvve Holding Corp. - Common Stock,Q,S,N,100.0,N,H,,NVVE,N
Y,NVX,NOVONIX Limited - American Depository Shares,Q,G,N,100.0,N,D,,NVX,N
Y,NWAX,New America Acquisition I Corp. Class A Common Stock,N, ,N,100.0,N,,NWAX,NWAX,N
Y,NWBI,"Northwest Bancshares, Inc. - Common Stock",Q,Q,N,100.0,N,N,,NWBI,N
Y,NWE,"NorthWestern Energy Group, Inc.  - Common Stock",Q,Q,N,100.0,N,N,,NWE,N
Y,NWFL,Norwood Financial Corp. - Common Stock,Q,G,N,100.0,N,N,,NWFL,N
Y,NWG,"NatWest Group plc American Depositary Shares, (each representing two (2) Ordinary Shares)",N, ,N,100.0,N,,NWG,NWG,N
Y,NWGL,CL Workshop Group Limited - American Depositary Shares,Q,S,N,100.0,N,D,,NWGL,N
Y,NWL,Newell Brands Inc. - Common Stock,Q,Q,N,100.0,N,N,,NWL,N
Y,NWN,Northwest Natural Holding Company Common Stock,N, ,N,100.0,N,,NWN,NWN,N
Y,NWPX,"NWPX Infrastructure, Inc. - Common Stock",Q,Q,N,100.0,N,N,,NWPX,N
Y,NWS,News Corporation - Class B Common Stock,Q,Q,N,100.0,N,N,,NWS,N
Y,NWSA,News Corporation - Class A Common Stock,Q,Q,N,100.0,N,N,,NWSA,N
Y,NWTG,"Newton Golf Company, Inc. - Common Stock",Q,S,N,100.0,N,D,,NWTG,N
Y,NX,Quanex Building Products Corporation Common Stock,N, ,N,100.0,N,,NX,NX,N
Y,NXB,NextBoat Inc. Common Stcok,A, ,N,100.0,N,,NXB,NXB,N
Y,NXDR,"Nextdoor Holdings, Inc. Class A Common Stock",N, ,N,100.0,N,,NXDR,NXDR,N
Y,NXDT,NexPoint Diversified Real Estate Trust Common Stock,N, ,N,100.0,N,,NXDT,NXDT,N
Y,NXE,Nexgen Energy Ltd. Common Shares,N, ,N,100.0,N,,NXE,NXE,N
Y,NXG,NXG NextGen Infrastructure Income Fund Common Shares of Beneficial Interest,N, ,N,100.0,N,,NXG,NXG,N
Y,NXGL,"NexGel, Inc - Common Stock",Q,S,N,100.0,N,D,,NXGL,N
Y,NXGLW,"NexGel, Inc - Warrant",Q,S,N,100.0,N,N,,NXGLW,N
Y,NXL,"Nexalin Technology, Inc. - Common Stock",Q,S,N,100.0,N,D,,NXL,N
Y,NXP,Nuveen Select Tax Free Income Portfolio Common Stock,N, ,N,100.0,N,,NXP,NXP,N
Y,NXPI,NXP Semiconductors N.V. - Common Stock,Q,Q,N,100.0,N,N,,NXPI,N
Y,NXPL,NextPlat Corp - Common Stock,Q,S,N,100.0,N,N,,NXPL,N
Y,NXRT,"NexPoint Residential Trust, Inc. Common Stock",N, ,N,100.0,N,,NXRT,NXRT,N
Y,NXST,"Nexstar Media Group, Inc. - Common Stock",Q,Q,N,100.0,N,N,,NXST,N
Y,NXT,Nextpower Inc. - Class A Common Stock,Q,Q,N,100.0,N,N,,NXT,N
Y,NXTC,"NextCure, Inc. - Common Stock",Q,Q,N,100.0,N,N,,NXTC,N
Y,NXTS,Nexentis Technologies Inc. - Common Stock,Q,S,N,100.0,N,N,,NXTS,N
Y,NXTT,Next Technology Holding Inc. - Ordinary Shares,Q,S,N,100.0,N,N,,NXTT,N
Y,NXXT,"NextNRG, Inc. - Common Stock",Q,S,N,100.0,N,D,,NXXT,N
Y,NYAX,Nayax Ltd. - Ordinary Shares,Q,Q,N,100.0,N,N,,NYAX,N
Y,NYC,American Strategic Investment Co. Class A Common Stock,N, ,N,100.0,N,,NYC,NYC,N
Y,NYT,New York Times Company (The) Common Stock,N, ,N,100.0,N,,NYT,NYT,N
Y,NYXH,Nyxoah SA - Ordinary Shares,Q,G,N,100.0,N,N,,NYXH,N
Y,NZF,Nuveen Municipal Credit Income Fund ,N, ,N,100.0,N,,NZF,NZF,N
Y,O,Realty Income Corporation Common Stock,N, ,N,100.0,N,,O,O,N
Y,OABI,"OmniAb, Inc. - Common Stock",Q,G,N,100.0,N,N,,OABI,N
Y,OABIW,"OmniAb, Inc. - Warrant",Q,S,N,100.0,N,N,,OABIW,N
Y,OACC,Oaktree Acquisition Corp. III Life Sciences - Class A Ordinary Share,Q,G,N,100.0,N,N,,OACC,N
Y,OACCU,Oaktree Acquisition Corp. III Life Sciences - Unit,Q,G,N,100.0,N,N,,OACCU,N
Y,OACCW,Oaktree Acquisition Corp. III Life Sciences - Warrant,Q,G,N,100.0,N,N,,OACCW,N
Y,OBA,Oxley Bridge Acquisition Limited - Class A Ordinary Shares,Q,G,N,100.0,N,N,,OBA,N
Y,OBAI,"Our Bond, Inc. - Common Stock",Q,G,N,100.0,N,N,,OBAI,N
Y,OBAWU,Oxley Bridge Acquisition Limited - Unit,Q,G,N,100.0,N,N,,OBAWU,N
Y,OBAWW,Oxley Bridge Acquisition Limited - Warrants,Q,G,N,100.0,N,N,,OBAWW,N
Y,OBDC,Blue Owl Capital Corporation Common Stock,N, ,N,100.0,N,,OBDC,OBDC,N
Y,OBE,Obsidian Energy Ltd. Common Shares,A, ,N,100.0,N,,OBE,OBE,N
Y,OBIO,"Orchestra BioMed Holdings, Inc. - Ordinary Shares",Q,G,N,100.0,N,N,,OBIO,N
Y,OBK,"Origin Bancorp, Inc. Common Stock",N, ,N,100.0,N,,OBK,OBK,N
Y,OBT,"Orange County Bancorp, Inc. - Common Stock",Q,S,N,100.0,N,N,,OBT,N
Y,OC,Owens Corning Inc Common Stock New,N, ,N,100.0,N,,OC,OC,N
Y,OCC,Optical Cable Corporation - Common Stock,Q,G,N,100.0,N,N,,OCC,N
Y,OCCI,"OFS Credit Company, Inc. - Closed End Fund",Q,S,N,100.0,N,N,,OCCI,N
Y,OCCIM,"OFS Credit Company, Inc. - 7.875% Series F Term Preferred Stock",Q,S,N,100.0,N,N,,OCCIM,N
Y,OCCIN,"OFS Credit Company, Inc. - 5.25% Series E Term Preferred Stock Due 2026",Q,S,N,100.0,N,N,,OCCIN,N
Y,OCFC,OceanFirst Financial Corp. - Common Stock,Q,Q,N,100.0,N,N,,OCFC,N
Y,OCG,Oriental Culture Holding LTD - Ordinary Shares,Q,S,N,100.0,N,N,,OCG,N
Y,OCGN,"Ocugen, Inc. - Common Stock",Q,S,N,100.0,N,N,,OCGN,N
Y,OCS,Oculis Holding AG - Ordinary shares,Q,G,N,100.0,N,N,,OCS,N
Y,OCSAW,Oculis Holding AG - Warrants,Q,G,N,100.0,N,N,,OCSAW,N
Y,OCSL,Oaktree Specialty Lending Corporation - Closed End Fund,Q,Q,N,100.0,N,N,,OCSL,N
Y,OCTV,Octave Intelligence plc - Class B Ordinary Shares,Q,Q,N,100.0,N,N,,OCTV,N
Y,OCUL,"Ocular Therapeutix, Inc. - Common Stock",Q,G,N,100.0,N,N,,OCUL,N
Y,ODC,Oil-Dri Corporation Of America Common Stock,N, ,N,100.0,N,,ODC,ODC,N
Y,ODD,ODDITY Tech Ltd. - Class A Ordinary Shares,Q,G,N,100.0,N,N,,ODD,N
Y,ODFL,"Old Dominion Freight Line, Inc. - Common Stock",Q,Q,N,100.0,N,N,,ODFL,N
Y,ODTX,"Odyssey Therapeutics, Inc. - Common Stock",Q,S,N,100.0,N,N,,ODTX,N
Y,ODV,Osisko Development Corp. Common Shares,N, ,N,100.0,N,,ODV,ODV,N
Y,ODVWZ,Osisko Development Corp. - Warrant,Q,S,N,100.0,N,N,,ODVWZ,N
Y,ODYS,Odysight.ai Inc. - Common Stock,Q,S,N,100.0,N,N,,ODYS,N
Y,OEC,Orion S.A. Common Shares,N, ,N,100.0,N,,OEC,OEC,N
Y,OESX,"Orion Energy Systems, Inc. - Common Stock",Q,S,N,100.0,N,N,,OESX,N
Y,OFAL,OFA Group - Class A Ordinary Shares,Q,S,N,100.0,N,D,,OFAL,N
Y,OFG,OFG Bancorp Common Stock,N, ,N,100.0,N,,OFG,OFG,N
Y,OFIX,Orthofix Medical Inc.  - Common Stock,Q,Q,N,100.0,N,N,,OFIX,N
Y,OFLX,"Omega Flex, Inc. - Common Stock",Q,G,N,100.0,N,N,,OFLX,N
Y,OFRM,"Once Upon a Farm, PBC Common Stock",N, ,N,100.0,N,,OFRM,OFRM,N
Y,OFS,OFS Capital Corporation - Closed End Fund,Q,Q,N,100.0,N,N,,OFS,N
Y,OFSSH,OFS Capital Corporation - 4.95% Notes due 2028,Q,Q,N,100.0,N,N,,OFSSH,N
Y,OFSSO,OFS Capital Corporation - 7.50% Notes due 2028,Q,G,N,100.0,N,N,,OFSSO,N
Y,OGC,OceanaGold Corporation Common Shares,N, ,N,100.0,N,,OGC,OGC,N
Y,OGCP,"Empire State Realty OP, L.P. Series 60 Operating Partnership Units Representing Limited Partnership Interests",P, ,N,100.0,N,,OGCP,OGCP,N
Y,OGE,OGE Energy Corp Common Stock,N, ,N,100.0,N,,OGE,OGE,N
Y,OGEN,Oragenics Inc. Common Stock,A, ,N,100.0,N,,OGEN,OGEN,N
Y,OGI,Organigram Global Inc. - Common Shares,Q,Q,N,100.0,N,N,,OGI,N
Y,OGN,Organon & Co. Common Stock ,N, ,N,100.0,N,,OGN,OGN,N
Y,OGS,"ONE Gas, Inc. Common Stock",N, ,N,100.0,N,,OGS,OGS,N
Y,OHAC,Oceanhawk Acquisition Corp. - Class A Ordinary Shares,Q,S,N,100.0,N,N,,OHAC,N
Y,OHACU,Oceanhawk Acquisition Corp. - Units,Q,S,N,100.0,N,N,,OHACU,N
Y,OHI,"Omega Healthcare Investors, Inc. Common Stock",N, ,N,100.0,N,,OHI,OHI,N
Y,OI,"O-I Glass, Inc. Common Stock",N, ,N,100.0,N,,OI,OI,N
Y,OIA,Invesco Municipal Income Opportunities Trust Common Stock,N, ,N,100.0,N,,OIA,OIA,N
Y,OII,"Oceaneering International, Inc. Common Stock",N, ,N,100.0,N,,OII,OII,N
Y,OIM,OneIM Acquisition Corp. - Class A Ordinary Shares,Q,G,N,100.0,N,N,,OIM,N
Y,OIMAU,OneIM Acquisition Corp. - Units,Q,G,N,100.0,N,N,,OIMAU,N
Y,OIO,OIO Group - Ordinary Shares,Q,S,N,100.0,N,N,,OIO,N
Y,OIS,"Oil States International, Inc. Common Stock",N, ,N,100.0,N,,OIS,OIS,N
Y,OKE,"ONEOK, Inc. Common Stock",N, ,N,100.0,N,,OKE,OKE,N
Y,OKLO,Oklo Inc. Class A common stock,N, ,N,100.0,N,,OKLO,OKLO,N
Y,OKTA,"Okta, Inc. - Class A Common Stock",Q,Q,N,100.0,N,N,,OKTA,N
Y,OKUR,"OnKure Therapeutics, Inc. - Class A Common Stock",Q,G,N,100.0,N,N,,OKUR,N
Y,OKYO,OKYO Pharma Limited - Ordinary Shares,Q,S,N,100.0,N,N,,OKYO,N
Y,OLB,"The OLB Group, Inc. - Common Stock",Q,S,N,100.0,N,D,,OLB,N
Y,OLED,Universal Display Corporation - Common Stock,Q,Q,N,100.0,N,N,,OLED,N
Y,OLLI,"Ollie's Bargain Outlet Holdings, Inc. - Common Stock",Q,G,N,100.0,N,N,,OLLI,N
Y,OLMA,"Olema Pharmaceuticals, Inc. - Common Stock",Q,Q,N,100.0,N,N,,OLMA,N
Y,OLN,Olin Corporation Common Stock,N, ,N,100.0,N,,OLN,OLN,N
Y,OLOX,Olenox Industries Inc. - Common Stock,Q,S,N,100.0,N,E,,OLOX,N
Y,OLP,"One Liberty Properties, Inc. Common Stock",N, ,N,100.0,N,,OLP,OLP,N
Y,OLPX,"Olaplex Holdings, Inc. - Common Stock",Q,Q,N,100.0,N,N,,OLPX,N
Y,OM,"Outset Medical, Inc. - Common Stock",Q,Q,N,100.0,N,N,,OM,N
Y,OMAB,Grupo Aeroportuario del Centro Norte S.A.B. de C.V. - American Depositary Shares each representing 8 Series B shares,Q,Q,N,100.0,N,N,,OMAB,N
Y,OMC,Omnicom Group Inc. Common Stock,N, ,N,100.0,N,,OMC,OMC,N
Y,OMCL,"Omnicell, Inc. - Common Stock",Q,Q,N,100.0,N,N,,OMCL,N
Y,OMDA,"Omada Health, Inc. - Common Stock",Q,Q,N,100.0,N,N,,OMDA,N
Y,OMER,Omeros Corporation - Common Stock,Q,G,N,100.0,N,N,,OMER,N
Y,OMEX,"Odyssey Marine Exploration, Inc. - Common Stock",Q,S,N,100.0,N,N,,OMEX,N
Y,OMF,"OneMain Holdings, Inc. Common Stock",N, ,N,100.0,N,,OMF,OMF,N
Y,OMH,Ohmyhome Limited - Class A Ordinary Shares,Q,S,N,100.0,N,N,,OMH,N
Y,OMSE,OMS Energy Technologies Inc. - Ordinary Shares,Q,S,N,100.0,N,N,,OMSE,N
Y,ON,ON Semiconductor Corporation - Common Stock,Q,Q,N,100.0,N,N,,ON,N
Y,ONB,Old National Bancorp - Common Stock,Q,Q,N,100.0,N,N,,ONB,N
Y,ONBPO,"Old National Bancorp - Depositary Shares, Each Representing a 1/40th Interest in a Share of Series C Preferred Stock",Q,Q,N,100.0,N,N,,ONBPO,N
Y,ONBPP,"Old National Bancorp - Depositary Shares, Each Representing a 1/40th Interest in a Share of Series A Preferred Stock",Q,Q,N,100.0,N,N,,ONBPP,N
Y,ONC,BeOne Medicines Ltd. - American Depositary Shares,Q,Q,N,40.0,N,N,,ONC,N
Y,ONCH,1RT Acquisition Corp. - Class A Ordinary Share,Q,G,N,100.0,N,N,,ONCH,N
Y,ONCHU,1RT Acquisition Corp. - Units,Q,G,N,100.0,N,N,,ONCHU,N
Y,ONCHW,1RT Acquisition Corp. - Warrant,Q,G,N,100.0,N,N,,ONCHW,N
Y,ONCO,"Onconetix, Inc.  - Common Stock",Q,S,N,100.0,N,N,,ONCO,N
Y,ONCY,Oncolytics Biotech Inc. - Common Stock,Q,S,N,100.0,N,N,,ONCY,N
Y,ONDS,Ondas Inc - Common Stock,Q,S,N,100.0,N,N,,ONDS,N
Y,ONEG,OneConstruction Group Limited - Ordinary Shares,Q,S,N,100.0,N,N,,ONEG,N
Y,ONEW,OneWater Marine Inc. - Class A Common Stock,Q,G,N,100.0,N,N,,ONEW,N
Y,ONFO,Onfolio Holdings Inc. - Common Stock,Q,S,N,100.0,N,D,,ONFO,N
Y,ONFOW,Onfolio Holdings Inc. - Warrant,Q,S,N,100.0,N,D,,ONFOW,N
Y,ONIT,Onity Group Inc. Common Stock,N, ,N,100.0,N,,ONIT,ONIT,N
Y,ONL,Orion Properties Inc. Common Stock,N, ,N,100.0,N,,ONL,ONL,N
Y,ONMD,OneMedNet Corp - Class A Common Stock,Q,S,N,100.0,N,D,,ONMD,N
Y,ONMDW,OneMedNet Corp - Warrant,Q,S,N,100.0,N,N,,ONMDW,N
Y,ONON,On Holding AG Class A Ordinary Shares,N, ,N,100.0,N,,ONON,ONON,N
Y,ONT,"Onterris, Inc. Common Stock",N, ,N,100.0,N,,ONT,ONT,N
Y,ONTO,Onto Innovation Inc. Common Stock,N, ,N,100.0,N,,ONTO,ONTO,N
Y,OOMA,"Ooma, Inc. Common Stock",N, ,N,100.0,N,,OOMA,OOMA,N
Y,OPAD,Offerpad Solutions Inc. Class A Common Stock,N, ,N,100.0,N,,OPAD,OPAD,N
Y,OPAL,OPAL Fuels Inc. - Class A Common Stock,Q,S,N,100.0,N,N,,OPAL,N
Y,OPBK,OP Bancorp - Common Stock,Q,G,N,100.0,N,N,,OPBK,N
Y,OPCH,"Option Care Health, Inc. - Common Stock",Q,Q,N,100.0,N,N,,OPCH,N
Y,OPEN,Opendoor Technologies Inc  - Common Stock,Q,Q,N,100.0,N,N,,OPEN,N
Y,OPENL,"Opendoor Technologies Inc  - Series A Warrants, each whole warrant exercisable to purchase one share of Common Stock at an exercise price of $13.00 per warrant",Q,Q,N,100.0,N,N,,OPENL,N
Y,OPENW,"Opendoor Technologies Inc  - Series K Warrants, each whole warrant exercisable to purchase one share of Common Stock at an exercise price of $9.00 per warrant",Q,Q,N,100.0,N,N,,OPENW,N
Y,OPENZ,"Opendoor Technologies Inc  - Series Z Warrants, each whole warrant exercisable to purchase one share of Common Stock at an exercise price of $17.00 per warrant",Q,Q,N,100.0,N,N,,OPENZ,N
Y,OPFI,OppFi Inc. Class A Common Stock,N, ,N,100.0,N,,OPFI,OPFI,N
Y,OPHC,"OptimumBank Holdings, Inc. Common Stock",A, ,N,100.0,N,,OPHC,OPHC,N
Y,OPI,Office Properties Income Trust - Common shares of beneficial interest,Q,S,N,100.0,N,N,,OPI,N
Y,OPK,"Opko Health, Inc. - Common Stock",Q,Q,N,100.0,N,N,,OPK,N
Y,OPLN,"OPENLANE, Inc. Common Stock",N, ,N,100.0,N,,OPLN,OPLN,N
Y,OPP,"RiverNorth/DoubleLine Strategic Opportunity Fund, Inc. Common Stock",N, ,N,100.0,N,,OPP,OPP,N
Y,OPRA,Opera Limited - American Depositary Shares,Q,Q,N,100.0,N,N,,OPRA,N
Y,OPRT,Oportun Financial Corporation - common stock,Q,Q,N,100.0,N,N,,OPRT,N
Y,OPRX,OptimizeRx Corporation - Common Stock,Q,S,N,100.0,N,N,,OPRX,N
Y,OPTH,Optimi Health Corp. - Common Shares,Q,S,N,100.0,N,N,,OPTH,N
Y,OPTT,"Ocean Power Technologies, Inc. Common Stock",A, ,N,100.0,N,,OPTT,OPTT,N
Y,OPTU,"Optimum Communications, Inc. Class A common stock",N, ,N,100.0,N,,OPTU,OPTU,N
Y,OPTX,"Syntec Optics Holdings, Inc. - Class A Common Stock",Q,S,N,100.0,N,N,,OPTX,N
Y,OPTXW,"Syntec Optics Holdings, Inc. - Warrant",Q,S,N,100.0,N,N,,OPTXW,N
Y,OPXS,"Optex Systems Holdings, Inc. - Common Stock",Q,S,N,100.0,N,N,,OPXS,N
Y,OPY,"Oppenheimer Holdings, Inc. Class A Common Stock (DE)",N, ,N,100.0,N,,OPY,OPY,N
Y,OR,OR Royalties Inc. Common Shares,N, ,N,100.0,N,,OR,OR,N
Y,ORA,"Ormat Technologies, Inc. Common Stock",N, ,N,100.0,N,,ORA,ORA,N
Y,ORBS,Eightco Holdings Inc. - Common Stock,Q,S,N,100.0,N,N,,ORBS,N
Y,ORC,"Orchid Island Capital, Inc. Common Stock",N, ,N,100.0,N,,ORC,ORC,N
Y,ORCL,Oracle Corporation Common Stock,N, ,N,100.0,N,,ORCL,ORCL,N
Y,ORGO,Organogenesis Holdings Inc.  - Class A ,Q,S,N,100.0,N,N,,ORGO,N
Y,ORI,Old Republic International Corporation Common Stock,N, ,N,100.0,N,,ORI,ORI,N
Y,ORIC,"Oric Pharmaceuticals, Inc. - Common Stock",Q,Q,N,100.0,N,N,,ORIC,N
Y,ORIO,Orion Digital Corp. - Common Shares,Q,S,N,100.0,N,D,,ORIO,N
Y,ORIQ,Origin Investment Corp I - Ordinary Shares,Q,G,N,100.0,N,N,,ORIQ,N
Y,ORIQU,Origin Investment Corp I - Units,Q,G,N,100.0,N,N,,ORIQU,N
Y,ORIQW,Origin Investment Corp I - Redeemable Warrant,Q,G,N,100.0,N,N,,ORIQW,N
Y,ORKA,"Oruka Therapeutics, Inc. - Common Stock",Q,G,N,100.0,N,N,,ORKA,N
Y,ORKT,Orangekloud Technology Inc. - Class A Ordinary Shares,Q,S,N,100.0,N,N,,ORKT,N
Y,ORLA,Orla Mining Ltd. Common Shares,A, ,N,100.0,N,,ORLA,ORLA,N
Y,ORLY,"O'Reilly Automotive, Inc. - Common Stock",Q,Q,N,100.0,N,N,,ORLY,N
Y,ORMP,Oramed Pharmaceuticals Inc. - Common Stock,Q,S,N,100.0,N,N,,ORMP,N
Y,ORN,"Orion Group Holdings, Inc. Common",N, ,N,100.0,N,,ORN,ORN,N
Y,ORRF,"Orrstown Financial Services, Inc. - Common Stock",Q,S,N,100.0,N,N,,ORRF,N
Y,OSBC,"Old Second Bancorp, Inc. - Common Stock",Q,Q,N,100.0,N,N,,OSBC,N
Y,OSCR,"Oscar Health, Inc. Class A Common Stock",N, ,N,100.0,N,,OSCR,OSCR,N
Y,OSG,"Octave Specialty Group, Inc. Common Stock",N, ,N,100.0,N,,OSG,OSG,N
Y,OSIS,"OSI Systems, Inc. - Common Stock",Q,Q,N,40.0,N,N,,OSIS,N
Y,OSK,Oshkosh Corporation (Holding Company)Common Stock,N, ,N,100.0,N,,OSK,OSK,N
Y,OSPN,OneSpan Inc. - Common Stock,Q,S,N,100.0,N,N,,OSPN,N
Y,OSPRU,Osprey Acquisition Corp. III - Units,Q,G,N,100.0,N,N,,OSPRU,N
Y,OSRH,"OSR Health, Inc. - Common Stock",Q,S,N,100.0,N,D,,OSRH,N
Y,OSRHW,"OSR Health, Inc. - Warrant",Q,S,N,100.0,N,N,,OSRHW,N
Y,OSS,"One Stop Systems, Inc. - Common Stock",Q,S,N,100.0,N,N,,OSS,N
Y,OST,"Ostin Technology Group Co., Ltd. - Class A Ordinary Shares",Q,S,N,100.0,N,N,,OST,N
Y,OSTX,OS Therapies Incorporated Common Stock,A, ,N,100.0,N,,OSTX,OSTX,N
Y,OSUR,"OraSure Technologies, Inc. - Common Stock",Q,Q,N,100.0,N,N,,OSUR,N
Y,OSW,OneSpaWorld Holdings Limited - Common Shares,Q,S,N,100.0,N,N,,OSW,N
Y,OTAI,Starlink AI Acquisition Corporation Ordinary Shares,N, ,N,100.0,N,,OTAI,OTAI,N
Y,OTEX,Open Text Corporation - Common Shares,Q,Q,N,100.0,N,N,,OTEX,N
Y,OTF,Blue Owl Technology Finance Corp. Common Stock,N, ,N,100.0,N,,OTF,OTF,N
Y,OTGA,OTG Acquisition Corp. I - Class A Ordinary Share,Q,G,N,100.0,N,N,,OTGA,N
Y,OTGAU,OTG Acquisition Corp. I - Unit,Q,G,N,100.0,N,N,,OTGAU,N
Y,OTGAW,OTG Acquisition Corp. I - Warrants,Q,G,N,100.0,N,N,,OTGAW,N
Y,OTIS,Otis Worldwide Corporation Common Stock ,N, ,N,100.0,N,,OTIS,OTIS,N
Y,OTLK,"Outlook Therapeutics, Inc. - Common Stock",Q,S,N,100.0,N,N,,OTLK,N
Y,OTLY,Oatly Group AB - American Depositary Shares,Q,Q,N,100.0,N,N,,OTLY,N
Y,OTTR,Otter Tail Corporation - Common Stock,Q,Q,N,100.0,N,N,,OTTR,N
Y,OUST,"Ouster, Inc. - Common Stock",Q,Q,N,100.0,N,N,,OUST,N
Y,OUT,OUTFRONT Media Inc. Common Stock,N, ,N,100.0,N,,OUT,OUT,N
Y,OVBC,Ohio Valley Banc Corp. - Common Stock,Q,G,N,100.0,N,N,,OVBC,N
Y,OVID,Ovid Therapeutics Inc. - Common Stock,Q,S,N,100.0,N,N,,OVID,N
Y,OVLY,Oak Valley Bancorp (CA) - Common Stock,Q,S,N,100.0,N,N,,OVLY,N
Y,OVV,Ovintiv Inc. (DE),N, ,N,100.0,N,,OVV,OVV,N
Y,OWL,Blue Owl Capital Inc. Class A Common Stock,N, ,N,100.0,N,,OWL,OWL,N
Y,OWLS,OBOOK Holdings Inc. - Class A Common Shares,Q,G,N,100.0,N,N,,OWLS,N
Y,OWLT,"Owlet, Inc. Class A Common Stock",N, ,N,100.0,N,,OWLT,OWLT,N
Y,OXBR,Oxbridge Re Holdings Limited - Ordinary Shares,Q,S,N,100.0,N,N,,OXBR,N
Y,OXBRW,Oxbridge Re Holdings Limited - Warrant,Q,S,N,100.0,N,N,,OXBRW,N
Y,OXLC,Oxford Lane Capital Corp. - Closed End Fund,Q,Q,N,100.0,N,N,,OXLC,N
Y,OXLCG,Oxford Lane Capital Corp. - 7.95% Notes due 2032,Q,Q,N,100.0,N,N,,OXLCG,N
Y,OXLCI,Oxford Lane Capital Corp. - 8.75% Notes due 2030,Q,Q,N,100.0,N,N,,OXLCI,N
Y,OXLCL,Oxford Lane Capital Corp. - 6.75% Notes due 2031,Q,Q,N,100.0,N,N,,OXLCL,N
Y,OXLCM,"Oxford Lane Capital Corp. - Preferred Stock Shares, 8.25% Series 2031",Q,Q,N,100.0,N,N,,OXLCM,N
Y,OXLCN,Oxford Lane Capital Corp. - 7.125% Series 2029 Term Preferred Stock,Q,Q,N,100.0,N,N,,OXLCN,N
Y,OXLCO,"Oxford Lane Capital Corp. - Preferred Stock Shares, 6.00% Series 2029",Q,Q,N,100.0,N,N,,OXLCO,N
Y,OXLCZ,Oxford Lane Capital Corp. - 5.00% Notes due 2027,Q,Q,N,100.0,N,N,,OXLCZ,N
Y,OXM,"Oxford Industries, Inc. Common Stock",N, ,N,100.0,N,,OXM,OXM,N
Y,OXSQ,Oxford Square Capital Corp. - Closed End Fund,Q,Q,N,100.0,N,N,,OXSQ,N
Y,OXSQG,Oxford Square Capital Corp. - 5.50% Notes due 2028,Q,Q,N,100.0,N,N,,OXSQG,N
Y,OXSQH,Oxford Square Capital Corp. - 7.75% Notes due 2030,Q,Q,N,100.0,N,N,,OXSQH,N
Y,OXY,Occidental Petroleum Corporation Common Stock,N, ,N,100.0,N,,OXY,OXY,N
Y,OYSE,Oyster Enterprises II Acquisition Corp - Class A Ordinary Shares,Q,G,N,100.0,N,N,,OYSE,N
Y,OYSER,Oyster Enterprises II Acquisition Corp - Rights,Q,G,N,100.0,N,N,,OYSER,N
Y,OYSEU,Oyster Enterprises II Acquisition Corp - Units,Q,G,N,100.0,N,N,,OYSEU,N
Y,OZ,"Belpointe PREP, LLC Class A Units",A, ,N,100.0,N,,OZ,OZ,N
Y,OZK,Bank OZK - Common Stock,Q,Q,N,100.0,N,N,,OZK,N
Y,OZKAP,Bank OZK - 4.625% Series A Non-Cumulative Perpetual Preferred Stock,Q,Q,N,100.0,N,N,,OZKAP,N
Y,P,"Everpure, Inc. Class A common stock",N, ,N,100.0,N,,P,P,N
Y,PAA,"Plains All American Pipeline, L.P. - Common Units representing Limited Partner Interests",Q,Q,N,100.0,N,N,,PAA,N
Y,PAAC,Proem Acquisition Corp I - Ordinary Shares,Q,G,N,100.0,N,N,,PAAC,N
Y,PAACU,Proem Acquisition Corp I - Units,Q,G,N,100.0,N,N,,PAACU,N
Y,PAAS,Pan American Silver Corp. Common Stock,N, ,N,100.0,N,,PAAS,PAAS,N
Y,PAC,"Grupo Aeroportuario Del Pacifico, S.A. B. de C.V. Grupo Aeroportuario Del Pacifico, S.A. de C.V. (each representing 10 Series B shares)",N, ,N,100.0,N,,PAC,PAC,N
Y,PACB,"Pacific Biosciences of California, Inc. - Common Stock",Q,Q,N,100.0,N,N,,PACB,N
Y,PACH,Pioneer Acquisition I Corp - Class A Ordinary Shares,Q,G,N,100.0,N,N,,PACH,N
Y,PACHU,Pioneer Acquisition I Corp - Units,Q,G,N,100.0,N,N,,PACHU,N
Y,PACHW,Pioneer Acquisition I Corp - Warrants,Q,G,N,100.0,N,N,,PACHW,N
Y,PACK,Ranpak Holdings Corp Class A Common Stock,N, ,N,100.0,N,,PACK,PACK,N
Y,PACS,"PACS Group, Inc. Common Stock",N, ,N,100.0,N,,PACS,PACS,N
Y,PAG,"Penske Automotive Group, Inc. Common Stock",N, ,N,100.0,N,,PAG,PAG,N
Y,PAGP,"Plains GP Holdings, L.P. - Class A Shares representing limited partner interests",Q,Q,N,100.0,N,N,,PAGP,N
Y,PAGS,PagSeguro Digital Ltd. Class A Common Shares,N, ,N,100.0,N,,PAGS,PAGS,N
Y,PAHC,Phibro Animal Health Corporation - Class A Common Stock,Q,G,N,100.0,N,N,,PAHC,N
Y,PAI,Western Asset Investment Grade Income Fund Inc.,N, ,N,100.0,N,,PAI,PAI,N
Y,PAII,Pyrophyte Acquisition Corp. II Class A Ordinary Shares,N, ,N,100.0,N,,PAII,PAII,N
Y,PAL,"Proficient Auto Logistics, Inc. - Common Stock",Q,Q,N,100.0,N,N,,PAL,N
Y,PALI,"Palisade Bio, Inc. - Common Stock",Q,S,N,100.0,N,N,,PALI,N
Y,PALO,Paloma Acquisition Corp I - Class A Ordinary Shares,Q,G,N,100.0,N,N,,PALO,N
Y,PALOU,Paloma Acquisition Corp I - Units,Q,G,N,100.0,N,N,,PALOU,N
Y,PAM,Pampa Energia S.A.,N, ,N,100.0,N,,PAM,PAM,N
Y,PAMT,PAMT CORP - Common Stock,Q,G,N,100.0,N,N,,PAMT,N
Y,PANL,Pangaea Logistics Solutions Ltd. - Common Stock,Q,S,N,100.0,N,N,,PANL,N
Y,PANW,"Palo Alto Networks, Inc. - Common Stock",Q,Q,N,100.0,N,N,,PANW,N
Y,PAPL,Pineapple Financial Inc. Common Stock,A, ,N,100.0,N,,PAPL,PAPL,N
Y,PAR,PAR Technology Corporation Common Stock,N, ,N,100.0,N,,PAR,PAR,N
Y,PARK,"Park Dental Partners, Inc. - Common Stock",Q,S,N,100.0,N,N,,PARK,N
Y,PARR,"Par Pacific Holdings, Inc.  Common Stock",N, ,N,100.0,N,,PARR,PARR,N
Y,PASG,"Passage Bio, Inc. - Common Stock",Q,S,N,100.0,N,N,,PASG,N
Y,PASW,"Ping An Biomedical Co., Ltd. - Class A Ordinary Shares",Q,S,N,100.0,N,D,,PASW,N
Y,PATH,"UiPath, Inc. Class A Common Stock",N, ,N,100.0,N,,PATH,PATH,N
Y,PATK,"Patrick Industries, Inc. - Common Stock",Q,Q,N,100.0,N,N,,PATK,N
Y,PAVM,PAVmed Inc. - Common Stock,Q,S,N,100.0,N,N,,PAVM,N
Y,PAVS,Paranovus Entertainment Technology Ltd. - Class A Ordinary Shares,Q,S,N,100.0,N,N,,PAVS,N
Y,PAX,Patria Investments Limited - Class A Common Shares,Q,Q,N,100.0,N,N,,PAX,N
Y,PAXS,PIMCO Access Income Fund Common Shares of Beneficial Interest,N, ,N,100.0,N,,PAXS,PAXS,N
Y,PAY,"Paymentus Holdings, Inc. Class A Common Stock",N, ,N,100.0,N,,PAY,PAY,N
Y,PAYC,"Paycom Software, Inc. Common Stock",N, ,N,100.0,N,,PAYC,PAYC,N
Y,PAYO,Payoneer Global Inc. - Common Stock,Q,G,N,100.0,N,N,,PAYO,N
Y,PAYP,PayPay Corporation - American Depository Shares,Q,Q,N,100.0,N,N,,PAYP,N
Y,PAYS,"Paysign, Inc. - Common Stock",Q,S,N,100.0,N,N,,PAYS,N
Y,PAYX,"Paychex, Inc. - Common Stock",Q,Q,N,100.0,N,N,,PAYX,N
Y,PB,"Prosperity Bancshares, Inc. Common Stock",N, ,N,100.0,N,,PB,PB,N
Y,PBA,Pembina Pipeline Corp. Ordinary Shares (Canada),N, ,N,100.0,N,,PBA,PBA,N
Y,PBF,PBF Energy Inc. Class A Common Stock,N, ,N,100.0,N,,PBF,PBF,N
Y,PBFS,"Pioneer Bancorp, Inc. - Common Stock",Q,S,N,100.0,N,N,,PBFS,N
Y,PBH,Prestige Consumer Healthcare Inc. Common Stock,N, ,N,100.0,N,,PBH,PBH,N
Y,PBHC,"Pathfinder Bancorp, Inc. - Common Stock",Q,S,N,100.0,N,N,,PBHC,N
Y,PBI,Pitney Bowes Inc. Common Stock,N, ,N,100.0,N,,PBI,PBI,N
Y,PBK,PowerBank Corporation - Common Stock,Q,G,N,100.0,N,D,,PBK,N
Y,PBLS,"Parabilis Medicines, Inc. - Common Stock",Q,Q,N,100.0,N,N,,PBLS,N
Y,PBM,Psyence Biomedical Ltd. - Common Shares,Q,S,N,100.0,N,N,,PBM,N
Y,PBMWW,Psyence Biomedical Ltd. - Warrant,Q,S,N,100.0,N,N,,PBMWW,N
Y,PBR,Petroleo Brasileiro S.A. Petrobras ADS,N, ,N,100.0,N,,PBR,PBR,N
Y,PBT,Permian Basin Royalty Trust Common Stock,N, ,N,100.0,N,,PBT,PBT,N
Y,PBYI,Puma Biotechnology Inc - Common Stock,Q,Q,N,100.0,N,N,,PBYI,N
Y,PC,Premium Catering (Holdings) Limited - Ordinary Shares,Q,S,N,100.0,N,N,,PC,N
Y,PCAP,ProCap Acquisition Corp - Class A Ordinary Shares,Q,G,N,100.0,N,N,,PCAP,N
Y,PCAPU,ProCap Acquisition Corp - Unit,Q,G,N,100.0,N,N,,PCAPU,N
Y,PCAPW,ProCap Acquisition Corp - Warrant,Q,G,N,100.0,N,N,,PCAPW,N
Y,PCAR,PACCAR Inc. - Common Stock,Q,Q,N,100.0,N,N,,PCAR,N
Y,PCB,PCB Bancorp - Common Stock,Q,Q,N,100.0,N,N,,PCB,N
Y,PCF,High Income Securities Fund Common Stock,N, ,N,100.0,N,,PCF,PCF,N
Y,PCG,Pacific Gas & Electric Co. Common Stock,N, ,N,100.0,N,,PCG,PCG,N
Y,PCLA,PicoCELA Inc. - American Depositary Shares,Q,S,N,100.0,N,N,,PCLA,N
Y,PCM,"PCM Fund, Inc. Common Stock",N, ,N,100.0,N,,PCM,PCM,N
Y,PCN,Pimco Corporate & Income Strategy Fund Common Stock,N, ,N,100.0,N,,PCN,PCN,N
Y,PCOR,"Procore Technologies, Inc. Common Stock",N, ,N,100.0,N,,PCOR,PCOR,N
Y,PCQ,PIMCO California Municipal Income Fund Common Stock,N, ,N,100.0,N,,PCQ,PCQ,N
Y,PCRX,"Pacira BioSciences, Inc. - Common Stock",Q,Q,N,100.0,N,N,,PCRX,N
Y,PCSA,"Processa Pharmaceuticals, Inc. - Common Stock",Q,S,N,100.0,N,N,,PCSA,N
Y,PCSC,Perceptive Capital Solutions Corp - Class A Ordinary Shares,Q,G,N,100.0,N,N,,PCSC,N
Y,PCT,"PureCycle Technologies, Inc. - Common stock",Q,S,N,100.0,N,N,,PCT,N
Y,PCTTU,"PureCycle Technologies, Inc. - Unit",Q,S,N,100.0,N,N,,PCTTU,N
Y,PCTTW,"PureCycle Technologies, Inc. - Warrant",Q,S,N,100.0,N,N,,PCTTW,N
Y,PCTY,Paylocity Holding Corporation - Common Stock,Q,Q,N,100.0,N,N,,PCTY,N
Y,PCVX,"Vaxcyte, Inc. - Common Stock",Q,Q,N,100.0,N,N,,PCVX,N
Y,PCYO,Pure Cycle Corporation - Common Stock,Q,S,N,100.0,N,N,,PCYO,N
Y,PD,"PagerDuty, Inc. Common Stock",N, ,N,100.0,N,,PD,PD,N
Y,PDC,Perpetuals.com Ltd - American Depositary Shares,Q,S,N,100.0,N,N,,PDC,N
Y,PDCC,Pearl Diver Credit Company Inc. Common Stock,N, ,N,100.0,N,,PDCC,PDCC,N
Y,PDD,PDD Holdings Inc. - American Depositary Shares,Q,Q,N,100.0,N,N,,PDD,N
Y,PDEX,"Pro-Dex, Inc. - Common Stock",Q,S,N,100.0,N,N,,PDEX,N
Y,PDFS,"PDF Solutions, Inc. - Common Stock",Q,Q,N,100.0,N,N,,PDFS,N
Y,PDI,PIMCO Dynamic Income Fund Common Stock,N, ,N,100.0,N,,PDI,PDI,N
Y,PDLB,"Ponce Financial Group, Inc. - Common Stock",Q,G,N,100.0,N,N,,PDLB,N
Y,PDM,"Piedmont Realty Trust, Inc. Class A Common Stock",N, ,N,100.0,N,,PDM,PDM,N
Y,PDO,PIMCO Dynamic Income Opportunities Fund Common Shares of Beneficial Interest,N, ,N,100.0,N,,PDO,PDO,N
Y,PDPA,Pearl Diver Credit Company Inc. 8.00% Series A Preferred Stock Due 2029,N, ,N,100.0,N,,PDPA,PDPA,N
Y,PDS,Precision Drilling Corporation Common Stock,N, ,N,100.0,N,,PDS,PDS,N
Y,PDSB,PDS Biotechnology Corporation - Common Stock,Q,S,N,100.0,N,N,,PDSB,N
Y,PDT,John Hancock Premium Dividend Fund,N, ,N,100.0,N,,PDT,PDT,N
Y,PDX,PIMCO Dynamic Income Strategy Fund Common Shares of Beneficial Interest,N, ,N,100.0,N,,PDX,PDX,N
Y,PDYN,Palladyne AI Corp. - Common stock,Q,G,N,100.0,N,N,,PDYN,N
Y,PDYNW,Palladyne AI Corp. - Warrant,Q,G,N,100.0,N,N,,PDYNW,N
Y,PEB,Pebblebrook Hotel Trust Common Shares of Beneficial Interest,N, ,N,100.0,N,,PEB,PEB,N
Y,PEBK,"Peoples Bancorp of North Carolina, Inc. - Common Stock",Q,G,N,100.0,N,N,,PEBK,N
Y,PEBO,Peoples Bancorp Inc. - Common Stock,Q,Q,N,100.0,N,N,,PEBO,N
Y,PECE,Peace Acquisition Corp - Ordinary Shares,Q,S,N,100.0,N,N,,PECE,N
Y,PECEU,Peace Acquisition Corp - Units,Q,S,N,100.0,N,N,,PECEU,N
Y,PECO,"Phillips Edison & Company, Inc. - Common Stock",Q,Q,N,100.0,N,N,,PECO,N
Y,PED,Pedevco Corp. Common Stock,A, ,N,100.0,N,,PED,PED,N
Y,PEG,Public Service Enterprise Group Incorporated Common Stock,N, ,N,100.0,N,,PEG,PEG,N
Y,PEGA,Pegasystems Inc. - Common Stock,Q,Q,N,100.0,N,N,,PEGA,N
Y,PEN,"Penumbra, Inc. Common Stock",N, ,N,40.0,N,,PEN,PEN,N
Y,PENG,"Penguin Solutions, Inc. - Common Stock",Q,Q,N,100.0,N,N,,PENG,N
Y,PENN,"PENN Entertainment, Inc. - Common Stock",Q,Q,N,100.0,N,N,,PENN,N
Y,PEO,"Adams Natural Resources Fund, Inc. Common Stock",N, ,N,100.0,N,,PEO,PEO,N
Y,PEP,"PepsiCo, Inc. - Common Stock",Q,Q,N,100.0,N,N,,PEP,N
Y,PEPG,PepGen Inc. - Common Stock,Q,Q,N,100.0,N,N,,PEPG,N
Y,PERF,Perfect Corp. Class A Ordinary Share,N, ,N,100.0,N,,PERF,PERF,N
Y,PERI,Perion Network Ltd - Ordinary Shares,Q,Q,N,100.0,N,N,,PERI,N
Y,PESI,"Perma-Fix Environmental Services, Inc. - Common Stock",Q,S,N,100.0,N,N,,PESI,N
Y,PETS,"PetMed Express, Inc. - Common Stock",Q,Q,N,100.0,N,N,,PETS,N
Y,PETZ,"TDH Holdings, Inc. - Common Shares",Q,S,N,100.0,N,N,,PETZ,N
Y,PEW,GrabAGun Digital Holdings Inc. Common Stock,N, ,N,100.0,N,,PEW,PEW,N
Y,PFAI,Pinnacle Food Group Limited - Class A Common Shares,Q,S,N,100.0,N,N,,PFAI,N
Y,PFBC,Preferred Bank - Common Stock,Q,Q,N,100.0,N,N,,PFBC,N
Y,PFD,Flaherty & Crumrine Preferred and Income Fund Incorporated,N, ,N,100.0,N,,PFD,PFD,N
Y,PFE,"Pfizer, Inc. Common Stock",N, ,N,100.0,N,,PFE,PFE,N
Y,PFFL,"ETRACS 2xMonthly Pay Leveraged Preferred Stock Index ETN due September 25, 2048",P, ,N,100.0,N,,PFFL,PFFL,N
Y,PFG,Principal Financial Group Inc - Common Stock,Q,Q,N,100.0,N,N,,PFG,N
Y,PFGC,Performance Food Group Company Common Stock,N, ,N,100.0,N,,PFGC,PFGC,N
Y,PFH,"Prudential Financial, Inc. 4.125% Junior Subordinated Notes due 2060",N, ,N,100.0,N,,PFH,PFH,N
Y,PFIS,Peoples Financial Services Corp.  - Common Stock,Q,Q,N,100.0,N,N,,PFIS,N
Y,PFL,PIMCO Income Strategy Fund Shares of Beneficial Interest,N, ,N,100.0,N,,PFL,PFL,N
Y,PFLA,PennantPark Floating Rate Capital Ltd. 7.375% Notes Due 2031,N, ,N,100.0,N,,PFLA,PFLA,N
Y,PFLT,PennantPark Floating Rate Capital Ltd. Common Stock,N, ,N,100.0,N,,PFLT,PFLT,N
Y,PFN,PIMCO Income Strategy Fund II,N, ,N,100.0,N,,PFN,PFN,N
Y,PFO,Flaherty & Crumrine Preferred and Income Opportunity Fund Incorporated,N, ,N,100.0,N,,PFO,PFO,N
Y,PFS,"Provident Financial Services, Inc Common Stock",N, ,N,100.0,N,,PFS,PFS,N
Y,PFSA,"Profusa, Inc. - Common Stock",Q,S,N,100.0,N,D,,PFSA,N
Y,PFSI,"PennyMac Financial Services, Inc. Common Stock",N, ,N,100.0,N,,PFSI,PFSI,N
Y,PFX,PhenixFIN Corporation  - Common Stock,Q,G,N,100.0,N,N,,PFX,N
Y,PFXNZ,PhenixFIN Corporation  - 5.25% Notes due 2028,Q,G,N,100.0,N,N,,PFXNZ,N
Y,PG,Procter & Gamble Company (The) Common Stock,N, ,N,100.0,N,,PG,PG,N
Y,PGAC,Pantages Capital Acquisition Corporation - Class A Ordinary Shares,Q,G,N,100.0,N,N,,PGAC,N
Y,PGACU,Pantages Capital Acquisition Corporation - Unit,Q,G,N,100.0,N,N,,PGACU,N
Y,PGC,Peapack-Gladstone Financial Corporation - Common Stock,Q,Q,N,100.0,N,N,,PGC,N
Y,PGEN,"Precigen, Inc. - Common Stock",Q,Q,N,100.0,N,N,,PGEN,N
Y,PGNY,"Progyny, Inc. - Common Stock",Q,Q,N,100.0,N,N,,PGNY,N
Y,PGP,Pimco Global StocksPlus & Income Fund Common Shares of Beneficial Interest,N, ,N,100.0,N,,PGP,PGP,N
Y,PGR,Progressive Corporation (The) Common Stock,N, ,N,100.0,N,,PGR,PGR,N
Y,PGY,Pagaya Technologies Ltd. - Class A Ordinary Shares,Q,S,N,100.0,N,N,,PGY,N
Y,PGYWW,Pagaya Technologies Ltd. - Warrants,Q,S,N,100.0,N,N,,PGYWW,N
Y,PGZ,Principal Real Estate Income Fund Common Shares of Beneficial Interest,N, ,N,100.0,N,,PGZ,PGZ,N
Y,PH,Parker-Hannifin Corporation Common Stock,N, ,N,40.0,N,,PH,PH,N
Y,PHAR,"Pharming Group N.V. - ADS, each representing 10 ordinary shares",Q,G,N,100.0,N,N,,PHAR,N
Y,PHAT,"Phathom Pharmaceuticals, Inc. - Common Stock",Q,Q,N,100.0,N,N,,PHAT,N
Y,PHG,Koninklijke Philips N.V. NY Registry Shares,N, ,N,100.0,N,,PHG,PHG,N
Y,PHGE,BiomX Inc. COmmon Stock,A, ,N,100.0,N,,PHGE,PHGE,N
Y,PHI,PLDT Inc. Sponsored ADR,N, ,N,100.0,N,,PHI,PHI,N
Y,PHIN,PHINIA Inc. Common Stock,N, ,N,100.0,N,,PHIN,PHIN,N
Y,PHIO,Phio Pharmaceuticals Corp. - Common Stock,Q,S,N,100.0,N,N,,PHIO,N
Y,PHK,Pimco High Income Fund,N, ,N,100.0,N,,PHK,PHK,N
Y,PHM,"PulteGroup, Inc. Common Stock",N, ,N,100.0,N,,PHM,PHM,N
Y,PHOE,Phoenix Asia Holdings Limited - Ordinary Shares,Q,S,N,100.0,N,N,,PHOE,N
Y,PHR,"Phreesia, Inc. Common Stock",N, ,N,100.0,N,,PHR,PHR,N
Y,PHUN,"Phunware, Inc. - Common Stock",Q,S,N,100.0,N,N,,PHUN,N
Y,PHVS,Pharvaris N.V. - Ordinary Shares,Q,Q,N,100.0,N,N,,PHVS,N
Y,PI,"Impinj, Inc. - Common Stock",Q,Q,N,100.0,N,N,,PI,N
Y,PICS,PicS N.V. - Class A Common Shares,Q,Q,N,100.0,N,N,,PICS,N
Y,PII,Polaris Inc. Common Stock,N, ,N,100.0,N,,PII,PII,N
Y,PIII,P3 Health Partners Inc. - Class A Common Stock,Q,S,N,100.0,N,N,,PIII,N
Y,PIIIW,P3 Health Partners Inc. - Warrant,Q,S,N,100.0,N,N,,PIIIW,N
Y,PIM,Putnam Master Intermediate Income Trust Common Stock,N, ,N,100.0,N,,PIM,PIM,N
Y,PINE,"Alpine Income Property Trust, Inc. Common Stock",N, ,N,100.0,N,,PINE,PINE,N
Y,PINS,"Pinterest, Inc. Class A Common Stock",N, ,N,100.0,N,,PINS,PINS,N
Y,PIPR,Piper Sandler Companies Common Stock,N, ,N,100.0,N,,PIPR,PIPR,N
Y,PJT,PJT Partners Inc. Class A Common Stock,N, ,N,100.0,N,,PJT,PJT,N
Y,PK,Park Hotels & Resorts Inc. Common Stock ,N, ,N,100.0,N,,PK,PK,N
Y,PKBK,"Parke Bancorp, Inc. - Common Stock",Q,S,N,100.0,N,N,,PKBK,N
Y,PKE,Park Aerospace Corp. Common Stock,N, ,N,100.0,N,,PKE,PKE,N
Y,PKG,Packaging Corporation of America Common Stock,N, ,N,100.0,N,,PKG,PKG,N
Y,PKOH,Park-Ohio Holdings Corp. - Common Stock,Q,Q,N,100.0,N,N,,PKOH,N
Y,PKX,POSCO HOLDINGS INC. American Depositary Shares (Each representing 1/4th of a share of Common Stock),N, ,N,100.0,N,,PKX,PKX,N
Y,PL,Planet Labs PBC Class A Common Stock,N, ,N,100.0,N,,PL,PL,N
Y,PLAB,"Photronics, Inc. - Common Stock",Q,Q,N,100.0,N,N,,PLAB,N
Y,PLAG,Planet Green Holdings Corp. Common Stock,A, ,N,100.0,N,,PLAG,PLAG,N
Y,PLAY,"Dave & Buster's Entertainment, Inc. - Common Stock",Q,Q,N,100.0,N,N,,PLAY,N
Y,PLBC,Plumas Bancorp - Common Stock,Q,S,N,100.0,N,N,,PLBC,N
Y,PLBL,Polibeli Group Ltd - Class A Ordinary Shares,Q,G,N,100.0,N,N,,PLBL,N
Y,PLBY,"Playboy, Inc. - Common Stock",Q,G,N,100.0,N,N,,PLBY,N
Y,PLCE,"Children's Place, Inc. (The) - Common Stock",Q,Q,N,100.0,N,N,,PLCE,N
Y,PLD,"Prologis, Inc. Common Stock",N, ,N,100.0,N,,PLD,PLD,N
Y,PLG,Platinum Group Metals Ltd. Ordinary Shares (Canada),A, ,N,100.0,N,,PLG,PLG,N
Y,PLGO,Pelagos Insurance Capital Limited Common Shares,N, ,N,100.0,N,,PLGO,PLGO,N
Y,PLMK,Plum Acquisition Corp. IV - Class A Ordinary Shares,Q,G,N,100.0,N,N,,PLMK,N
Y,PLMKU,Plum Acquisition Corp. IV - Unit,Q,G,N,100.0,N,N,,PLMKU,N
Y,PLMKW,Plum Acquisition Corp. IV - Warrants,Q,G,N,100.0,N,N,,PLMKW,N
Y,PLMR,"Palomar Holdings, Inc. - Common stock",Q,Q,N,100.0,N,N,,PLMR,N
Y,PLNT,"Planet Fitness, Inc. Common Stock",N, ,N,100.0,N,,PLNT,PLNT,N
Y,PLOW,"Douglas Dynamics, Inc. Common Stock",N, ,N,100.0,N,,PLOW,PLOW,N
Y,PLPC,Preformed Line Products Company - Common Stock,Q,Q,N,40.0,N,N,,PLPC,N
Y,PLRX,"Pliant Therapeutics, Inc. - Common Stock",Q,Q,N,100.0,N,N,,PLRX,N
Y,PLRZ,Polyrizon Ltd. - Ordinary Shares,Q,S,N,100.0,N,N,,PLRZ,N
Y,PLSE,"Pulse Biosciences, Inc - Common Stock",Q,S,N,100.0,N,N,,PLSE,N
Y,PLSM,Pulsenmore Ltd. - Ordinary Shares,Q,S,N,100.0,N,N,,PLSM,N
Y,PLTK,Playtika Holding Corp. - Common Stock,Q,Q,N,100.0,N,N,,PLTK,N
Y,PLTR,Palantir Technologies Inc. - Class A Common Stock,Q,Q,N,100.0,N,N,,PLTR,N
Y,PLTS,Platinum Analytics Cayman Limited - Class A Ordinary Shares,Q,S,N,100.0,N,N,,PLTS,N
Y,PLUG,"Plug Power, Inc. - Common Stock",Q,S,N,100.0,N,N,,PLUG,N
Y,PLUN,Plutonian Acquisition Corp II Class A Ordinary Shares,N, ,N,100.0,N,,PLUN,PLUN,N
Y,PLUR,Pluri Inc. - Common Stock,Q,S,N,100.0,N,N,,PLUR,N
Y,PLUS,ePlus inc. - Common Stock,Q,Q,N,100.0,N,N,,PLUS,N
Y,PLUT,Plutus Financial Group Limited - Ordinary Shares,Q,S,N,100.0,N,N,,PLUT,N
Y,PLX,"Protalix BioTherapeutics, Inc. (DE) Common Stock",A, ,N,100.0,N,,PLX,PLX,N
Y,PLXS,Plexus Corp. - Common Stock,Q,Q,N,100.0,N,N,,PLXS,N
Y,PLYX,"Polaryx Therapeutics, Inc. - Common Stock",Q,S,N,100.0,N,N,,PLYX,N
Y,PM,Philip Morris International Inc Common Stock,N, ,N,100.0,N,,PM,PM,N
Y,PMAX,Powell Max Limited - Class A Ordinary Shares,Q,S,N,100.0,N,N,,PMAX,N
Y,PMCB,"PharmaCyte  Biotech, Inc. - Common Stock",Q,S,N,100.0,N,D,,PMCB,N
Y,PMEC,Primech Holdings Ltd. - Ordinary Shares,Q,S,N,100.0,N,D,,PMEC,N
Y,PMI,"Picard Medical, Inc. Common Stock",A, ,N,100.0,N,,PMI,PMI,N
Y,PML,Pimco Municipal Income Fund II Common Shares of Beneficial Interest,N, ,N,100.0,N,,PML,PML,N
Y,PMM,Putnam Managed Municipal Income Trust Common Stock,N, ,N,100.0,N,,PMM,PMM,N
Y,PMN,ProMIS Neurosciences Inc. - Common Shares,Q,S,N,100.0,N,N,,PMN,N
Y,PMO,Putnam Municipal Opportunities Trust Common Stock,N, ,N,100.0,N,,PMO,PMO,N
Y,PMT,PennyMac Mortgage Investment Trust Common Shares of Beneficial Interest,N, ,N,100.0,N,,PMT,PMT,N
Y,PMTR,Perimeter Acquisition Corp. I - Class A Ordinary Shares,Q,G,N,100.0,N,N,,PMTR,N
Y,PMTRU,Perimeter Acquisition Corp. I - Unit,Q,G,N,100.0,N,N,,PMTRU,N
Y,PMTRW,Perimeter Acquisition Corp. I - Warrant,Q,G,N,100.0,N,N,,PMTRW,N
Y,PMTS,CPI Card Group Inc. - Common Stock,Q,G,N,100.0,N,N,,PMTS,N
Y,PMTU,PennyMac Mortgage Investment Trust 8.50% Senior Notes due 2028,N, ,N,100.0,N,,PMTU,PMTU,N
Y,PMTV,PennyMac Mortgage Investment Trust 9.00% Senior Notes due 2030,N, ,N,100.0,N,,PMTV,PMTV,N
Y,PMTW,PennyMac Mortgage Investment Trust 9.00% Senior Notes due 2030,N, ,N,100.0,N,,PMTW,PMTW,N
Y,PMVP,"PMV Pharmaceuticals, Inc. - Common Stock",Q,Q,N,100.0,N,N,,PMVP,N
Y,PN,PN Smart Energy Limited - Class A Ordinary Shares,Q,S,N,100.0,N,N,,PN,N
Y,PNBK,Patriot National Bancorp Inc. - Common Stock,Q,G,N,100.0,N,N,,PNBK,N
Y,PNC,"PNC Financial Services Group, Inc. (The) Common Stock",N, ,N,100.0,N,,PNC,PNC,N
Y,PNFP,"Pinnacle Financial Partners, Inc. Common stock",N, ,N,100.0,N,,PNFP,PNFP,N
Y,PNI,Pimco New York Municipal Income Fund II Common Shares of Beneficial Interest,N, ,N,100.0,N,,PNI,PNI,N
Y,PNNT,PennantPark Investment Corporation Common Stock,N, ,N,100.0,N,,PNNT,PNNT,N
Y,PNR,Pentair plc. Ordinary Share,N, ,N,100.0,N,,PNR,PNR,N
Y,PNRG,PrimeEnergy Resources Corporation - Common Stock,Q,S,N,100.0,N,N,,PNRG,N
Y,PNTG,"The Pennant Group, Inc. - Common Stock",Q,Q,N,100.0,N,N,,PNTG,N
Y,PNW,Pinnacle West Capital Corporation Common Stock,N, ,N,100.0,N,,PNW,PNW,N
Y,POAS,Phaos Technology Holdings (Cayman) Limited Class A Ordinary Shares,A, ,N,100.0,N,,POAS,POAS,N
Y,POCI,"Precision Optics Corporation, Inc. - Common stock",Q,S,N,100.0,N,N,,POCI,N
Y,PODC,"PodcastOne, Inc. - Common Stock",Q,S,N,100.0,N,N,,PODC,N
Y,PODD,Insulet Corporation - Common Stock,Q,Q,N,100.0,N,N,,PODD,N
Y,POET,POET Technologies Inc. - Common Shares,Q,S,N,100.0,N,N,,POET,N
Y,POLA,"Polar Power, Inc. - Common Stock",Q,S,N,100.0,N,D,,POLA,N
Y,POLE,Andretti Acquisition Corp. II - Class A Ordinary Shares,Q,G,N,100.0,N,N,,POLE,N
Y,POLEU,Andretti Acquisition Corp. II - Unit,Q,G,N,100.0,N,N,,POLEU,N
Y,POLEW,Andretti Acquisition Corp. II - Warrant,Q,G,N,100.0,N,N,,POLEW,N
Y,POM,POMDOCTOR LIMITED - American Depositary Shares,Q,G,N,100.0,N,D,,POM,N
Y,PONO,"Pono Capital Four, Inc. - Class A Ordinary Shares",Q,G,N,100.0,N,N,,PONO,N
Y,PONOU,"Pono Capital Four, Inc. - Units",Q,G,N,100.0,N,N,,PONOU,N
Y,PONY,Pony AI Inc. - American Depositary Shares,Q,Q,N,100.0,N,N,,PONY,N
Y,POOL,Pool Corporation - Common Stock,Q,Q,N,100.0,N,N,,POOL,N
Y,POR,Portland General Electric Co Common Stock,N, ,N,100.0,N,,POR,POR,N
Y,POST,"Post Holdings, Inc. Common Stock",N, ,N,100.0,N,,POST,POST,N
Y,POWI,"Power Integrations, Inc. - Common Stock",Q,Q,N,100.0,N,N,,POWI,N
Y,POWL,"Powell Industries, Inc. - Common Stock",Q,Q,N,40.0,N,N,,POWL,N
Y,POWW,Outdoor Holding Company - Common Stock,Q,S,N,100.0,N,N,,POWW,N
Y,POWWP,Outdoor Holding Company - 8.75% Series A Cumulative Redeemable Perpetual Preferred Stock,Q,S,N,100.0,N,N,,POWWP,N
Y,PPBT,Purple Biotech Ltd. - American Depositary Shares,Q,S,N,100.0,N,N,,PPBT,N
Y,PPC,Pilgrim's Pride Corporation - Common Stock,Q,Q,N,100.0,N,N,,PPC,N
Y,PPCB,"Propanc Biopharma, Inc. - Common Stock",Q,S,N,100.0,N,N,,PPCB,N
Y,PPG,"PPG Industries, Inc. Common Stock",N, ,N,100.0,N,,PPG,PPG,N
Y,PPHC,"Public Policy Holding Company, Inc. - Common Stock",Q,G,N,100.0,N,N,,PPHC,N
Y,PPIH,"Perma-Pipe International Holdings, Inc. - Common Stock",Q,G,N,100.0,N,N,,PPIH,N
Y,PPL,PPL Corporation Common Stock,N, ,N,100.0,N,,PPL,PPL,N
Y,PPLC,PPL Corporation Corporate Units,N, ,N,100.0,N,,PPLC,PPLC,N
Y,PPLI,People Incorporated - Common Stock,Q,Q,N,100.0,N,N,,PPLI,N
Y,PPSI,"Pioneer Power Solutions, Inc. - Common Stock",Q,S,N,100.0,N,N,,PPSI,N
Y,PPT,Putnam Premier Income Trust Common Stock,N, ,N,100.0,N,,PPT,PPT,N
Y,PPTA,Perpetua Resources Corp. - Common Shares,Q,S,N,100.0,N,N,,PPTA,N
Y,PR,Permian Resources Corporation Class A Common Stock,N, ,N,100.0,N,,PR,PR,N
Y,PRAA,"PRA Group, Inc. - Common Stock",Q,Q,N,100.0,N,N,,PRAA,N
Y,PRAX,"Praxis Precision Medicines, Inc. - Common Stock",Q,Q,N,40.0,N,N,,PRAX,N
Y,PRCH,"Porch Group, Inc. - Common Stock",Q,S,N,100.0,N,N,,PRCH,N
Y,PRCT,PROCEPT BioRobotics Corporation - Common Stock,Q,G,N,100.0,N,N,,PRCT,N
Y,PRDO,Perdoceo Education Corporation - Common Stock,Q,Q,N,100.0,N,N,,PRDO,N
Y,PRE,Prenetics Global Limited - Class A Ordinary Share,Q,G,N,100.0,N,N,,PRE,N
Y,PRENW,Prenetics Global Limited - Warrant,Q,S,N,100.0,N,N,,PRENW,N
Y,PRFX,PRF Technologies Ltd. - Ordinary Shares,Q,S,N,100.0,N,N,,PRFX,N
Y,PRG,"PROG Holdings, Inc. Common Stock",N, ,N,100.0,N,,PRG,PRG,N
Y,PRGO,Perrigo Company plc Ordinary Shares,N, ,N,100.0,N,,PRGO,PRGO,N
Y,PRGS,Progress Software Corporation - Common Stock,Q,Q,N,100.0,N,N,,PRGS,N
Y,PRH,"Prudential Financial, Inc. 5.950% Junior Subordinated Notes due 2062",N, ,N,100.0,N,,PRH,PRH,N
Y,PRHI,"Presurance Holdings, Inc. - Common Stock",Q,S,N,100.0,N,N,,PRHI,N
Y,PRHIZ,"Presurance Holdings, Inc. - 9.75% Senior Unsecured Notes due 2028",Q,G,N,100.0,N,N,,PRHIZ,N
Y,PRI,"Primerica, Inc. Common Stock",N, ,N,40.0,N,,PRI,PRI,N
Y,PRIM,Primoris Services Corporation Common Stock,N, ,N,100.0,N,,PRIM,PRIM,N
Y,PRK,Park National Corporation Common Stock,A, ,N,100.0,N,,PRK,PRK,N
Y,PRKS,United Parks & Resorts Inc. Common Stock,N, ,N,100.0,N,,PRKS,PRKS,N
Y,PRLB,"Proto Labs, Inc. Common stock",N, ,N,100.0,N,,PRLB,PRLB,N
Y,PRLD,Prelude Therapeutics Incorporated - Common Stock,Q,Q,N,100.0,N,N,,PRLD,N
Y,PRM,"Perimeter Solutions, SA Common Stock",N, ,N,100.0,N,,PRM,PRM,N
Y,PRMB,Primo Brands Corporation Class A Common Stock,N, ,N,100.0,N,,PRMB,PRMB,N
Y,PRME,"Prime Medicine, Inc. - Common Stock",Q,G,N,100.0,N,N,,PRME,N
Y,PROF,Profound Medical Corp. - common stock,Q,S,N,100.0,N,N,,PROF,N
Y,PROK,ProKidney Corp. - Class A Ordinary Shares,Q,S,N,100.0,N,N,,PROK,N
Y,PROP,Prairie Operating Co. - Common Stock,Q,S,N,100.0,N,N,,PROP,N
Y,PROV,"Provident Financial Holdings, Inc. - Common Stock",Q,Q,N,100.0,N,N,,PROV,N
Y,PRPL,"Purple Innovation, Inc. - Common Stock",Q,Q,N,100.0,N,D,,PRPL,N
Y,PRPO,"Precipio, Inc. - Common Stock",Q,S,N,100.0,N,N,,PRPO,N
Y,PRQR,ProQR Therapeutics N.V. - Ordinary Shares,Q,S,N,100.0,N,N,,PRQR,N
Y,PRS,"Prudential Financial, Inc. 5.625% Junior Subordinated Notes due 2058",N, ,N,100.0,N,,PRS,PRS,N
Y,PRSO,Peraso Inc. - Common Stock,Q,S,N,100.0,N,N,,PRSO,N
Y,PRSU,"Pursuit Attractions and Hospitality, Inc. Common Stock",N, ,N,100.0,N,,PRSU,PRSU,N
Y,PRT,PermRock Royalty Trust Units of Beneficial Interest,N, ,N,100.0,N,,PRT,PRT,N
Y,PRTA,Prothena Corporation plc - Ordinary Shares,Q,Q,N,100.0,N,N,,PRTA,N
Y,PRTH,"Priority Technology Holdings, Inc. - Common Stock",Q,S,N,100.0,N,N,,PRTH,N
Y,PRTS,"CarParts.com, Inc. - Common Stock",Q,S,N,100.0,N,N,,PRTS,N
Y,PRU,"Prudential Financial, Inc. Common Stock",N, ,N,100.0,N,,PRU,PRU,N
Y,PRVA,"Privia Health Group, Inc. - Common Stock",Q,Q,N,100.0,N,N,,PRVA,N
Y,PRZO,ParaZero Technologies Ltd. - Ordinary Shares,Q,S,N,100.0,N,D,,PRZO,N
Y,PS,Pershing Square Inc. Common Stock,N, ,N,100.0,N,,PS,PS,N
Y,PSA,Public Storage Common Stock,N, ,N,40.0,N,,PSA,PSA,N
Y,PSBD,Palmer Square Capital BDC Inc. Common Stock,N, ,N,100.0,N,,PSBD,PSBD,N
Y,PSEC,Prospect Capital Corporation - Closed End Fund,Q,Q,N,100.0,N,N,,PSEC,N
Y,PSF,"Cohen & Steers Select Preferred and Income Fund, Inc. Common Stock",N, ,N,100.0,N,,PSF,PSF,N
Y,PSFE,Paysafe Limited Common Shares,N, ,N,100.0,N,,PSFE,PSFE,N
Y,PSHG,Performance Shipping Inc. - Common Shares,Q,S,N,100.0,N,N,,PSHG,N
Y,PSIG,PS International Group Ltd. - Ordinary Shares,Q,S,N,100.0,N,N,,PSIG,N
Y,PSIX,"Power Solutions International, Inc. - Common Stock",Q,S,N,100.0,N,N,,PSIX,N
Y,PSKY,Paramount Skydance Corporation - Class B Common Stock,Q,Q,N,100.0,N,N,,PSKY,N
Y,PSMT,"PriceSmart, Inc. - Common Stock",Q,Q,N,100.0,N,N,,PSMT,N
Y,PSN,Parsons Corporation Common Stock,N, ,N,100.0,N,,PSN,PSN,N
Y,PSNL,"Personalis, Inc. - Common Stock",Q,G,N,100.0,N,N,,PSNL,N
Y,PSNY,Polestar Automotive Holding UK Limited - Class A ADS,Q,G,N,100.0,N,N,,PSNY,N
Y,PSNYW,Polestar Automotive Holding UK Limited - Class C-1 ADS (ADW),Q,G,N,100.0,N,N,,PSNYW,N
Y,PSO,"Pearson, Plc Common Stock",N, ,N,100.0,N,,PSO,PSO,N
Y,PSQH,"PSQ Holdings, Inc. Class A Common Stock",N, ,N,100.0,N,,PSQH,PSQH,N
Y,PSTL,"Postal Realty Trust, Inc. Class A Common Stock",N, ,N,100.0,N,,PSTL,PSTL,N
Y,PSTV,"PLUS THERAPEUTICS, Inc. - Common Stock",Q,S,N,100.0,N,N,,PSTV,N
Y,PSUS,"Pershing Square USA, Ltd. Common Shares",N, ,N,100.0,N,,PSUS,PSUS,N
Y,PSX,Phillips 66 Common Stock,N, ,N,100.0,N,,PSX,PSX,N
Y,PTA,Cohen & Steers Tax-Advantaged Preferred Securities and Income Fund Common Shares of Beneficial Interest,N, ,N,100.0,N,,PTA,PTA,N
Y,PTACU,Patriot Acquisition Corp. - Units,Q,G,N,100.0,N,N,,PTACU,N
Y,PTC,PTC Inc. - Common Stock,Q,Q,N,100.0,N,N,,PTC,N
Y,PTCT,"PTC Therapeutics, Inc. - Common Stock",Q,Q,N,100.0,N,N,,PTCT,N
Y,PTEN,"Patterson-UTI Energy, Inc. - Common Stock",Q,Q,N,100.0,N,N,,PTEN,N
Y,PTGX,"Protagonist Therapeutics, Inc. - Common Stock",Q,G,N,100.0,N,N,,PTGX,N
Y,PTHS,Pelthos Therapeutics Inc. Common Stock,A, ,N,100.0,N,,PTHS,PTHS,N
Y,PTLE,PTL LTD - Class A Ordinary Shares,Q,S,N,100.0,N,N,,PTLE,N
Y,PTLO,Portillo's Inc. - Class A Common Stock,Q,Q,N,100.0,N,N,,PTLO,N
Y,PTN,"Palatin Technologies, Inc. - Common Stock",Q,S,N,100.0,N,N,,PTN,N
Y,PTNM,Pitanium Limited - Class A Ordinary Shares,Q,S,N,100.0,N,N,,PTNM,N
Y,PTON,"Peloton Interactive, Inc. - Common Stock",Q,Q,N,100.0,N,N,,PTON,N
Y,PTOR,Praetorian Acquisition Corp. - Class A Ordinary Shares,Q,G,N,100.0,N,N,,PTOR,N
Y,PTORU,Praetorian Acquisition Corp. - Units,Q,G,N,100.0,N,N,,PTORU,N
Y,PTRN,Pattern Group Inc. - Series A Common Stock,Q,Q,N,100.0,N,N,,PTRN,N
Y,PTY,Pimco Corporate & Income Opportunity Fund,N, ,N,100.0,N,,PTY,PTY,N
Y,PUBM,"PubMatic, Inc. - Class A Common Stock",Q,G,N,100.0,N,N,,PUBM,N
Y,PUK,Prudential Public Limited Company Common Stock,N, ,N,100.0,N,,PUK,PUK,N
Y,PULM,"Pulmatrix, Inc. - Common Stock",Q,S,N,100.0,N,N,,PULM,N
Y,PUMP,ProPetro Holding Corp. Common Stock,N, ,N,100.0,N,,PUMP,PUMP,N
Y,PURR,Hyperliquid Strategies Inc - Common Stock,Q,S,N,100.0,N,N,,PURR,N
Y,PUSA,Aureus Greenway Holdings Inc. - Common Stock,Q,S,N,100.0,N,N,,PUSA,N
Y,PVH,PVH Corp. Common Stock,N, ,N,100.0,N,,PVH,PVH,N
Y,PVL,Permianville Royalty Trust Units of Beneficial Interest,N, ,N,100.0,N,,PVL,PVL,N
Y,PVLA,"Palvella Therapeutics, Inc. - Common Stock",Q,G,N,100.0,N,N,,PVLA,N
Y,PW,Power REIT (MD) Common Stock,A, ,N,100.0,N,,PW,PW,N
Y,PWP,Perella Weinberg Partners - Class A Common Stock,Q,Q,N,100.0,N,N,,PWP,N
Y,PWR,"Quanta Services, Inc. Common Stock",N, ,N,40.0,N,,PWR,PWR,N
Y,PWRL,Powerlaw Corp. - Common Stock,Q,G,N,100.0,N,N,,PWRL,N
Y,PXED,"Phoenix Education Partners, Inc. Common Stock",N, ,N,100.0,N,,PXED,PXED,N
Y,PXLW,"Pixelworks, Inc. - Common Stock",Q,S,N,100.0,N,N,,PXLW,N
Y,PXS,Pyxis Tankers Inc. - Common Stock,Q,S,N,100.0,N,N,,PXS,N
Y,PYPD,PolyPid Ltd. - Ordinary Shares,Q,S,N,100.0,N,N,,PYPD,N
Y,PYPL,"PayPal Holdings, Inc. - Common Stock",Q,Q,N,100.0,N,N,,PYPL,N
Y,PYT,PPlus Tr GSC-2 Tr Ctf Fltg Rate,N, ,N,100.0,N,,PYT,PYT,N
Y,PYXS,"Pyxis Oncology, Inc. - Common Stock",Q,Q,N,100.0,N,N,,PYXS,N
Y,PZG,Paramount Gold Nevada Corp. Common Stock,A, ,N,100.0,N,,PZG,PZG,N
Y,PZZA,"Papa John's International, Inc. - Common Stock",Q,Q,N,100.0,N,N,,PZZA,N
Y,Q,"Qnity Electronics, Inc. Common Stock",N, ,N,100.0,N,,Q,Q,N
Y,QADR,QDRO Acquisition Corp. - Class A Ordinary Shares,Q,G,N,100.0,N,N,,QADR,N
Y,QADRU,QDRO Acquisition Corp. - Units,Q,G,N,100.0,N,N,,QADRU,N
Y,QBTS,D-Wave Quantum Inc. Common Shares,N, ,N,100.0,N,,QBTS,QBTS,N
Y,QCLS,"Q/C Technologies, Inc. - Common Stock",Q,S,N,100.0,N,N,,QCLS,N
Y,QCOM,QUALCOMM Incorporated - Common Stock,Q,Q,N,100.0,N,N,,QCOM,N
Y,QCRH,"QCR Holdings, Inc. - Common Stock",Q,G,N,100.0,N,N,,QCRH,N
Y,QDEL,QuidelOrtho Corporation - Common Stock,Q,Q,N,100.0,N,N,,QDEL,N
Y,QETA,Quetta Acquisition Corporation - Common Stock,Q,S,N,100.0,N,D,,QETA,N
Y,QETAU,Quetta Acquisition Corporation - Unit,Q,S,N,100.0,N,N,,QETAU,N
Y,QFIN,"Qfin Holdings, Inc.  - American Depositary Shares",Q,Q,N,100.0,N,N,,QFIN,N
Y,QGEN,Qiagen N.V. Common Shares,N, ,N,100.0,N,,QGEN,QGEN,N
Y,QH,Quhuo Limited - American Depository Shares,Q,S,N,100.0,N,N,,QH,N
Y,QLEP,Quantum Leap Acquisition Corp Class A Ordinary Shares,N, ,N,100.0,N,,QLEP,QLEP,N
Y,QLYS,"Qualys, Inc. - Common Stock",Q,Q,N,100.0,N,N,,QLYS,N
Y,QMCO,Quantum Corporation - Common Stock,Q,G,N,100.0,N,N,,QMCO,N
Y,QMMM,QMMM Holdings Limited - Class A Ordinary Shares,Q,S,N,100.0,N,H,,QMMM,N
Y,QNC,Quantum eMotion Corp. Common Shares,A, ,N,100.0,N,,QNC,QNC,N
Y,QNCX,"Quince Therapeutics, Inc. - Common Stock",Q,Q,N,100.0,N,N,,QNCX,N
Y,QNRX,"Quoin Pharmaceuticals, Ltd. - American Depositary Shares",Q,S,N,100.0,N,N,,QNRX,N
Y,QNST,"QuinStreet, Inc. - Common Stock",Q,Q,N,100.0,N,N,,QNST,N
Y,QNT,Quantinuum Inc. - Class A Common Stock,Q,G,N,100.0,N,N,,QNT,N
Y,QNTM,Quantum Biopharma Ltd. - Class B Subordinate Voting Shares,Q,S,N,100.0,N,N,,QNTM,N
Y,QQQX,Nuveen NASDAQ 100 Dynamic Overwrite Fund - Closed End Fund,Q,Q,N,100.0,N,N,,QQQX,N
Y,QRED,QuasarEdge Acquisition Corporation Ordinary Shares,N, ,N,100.0,N,,QRED,QRED,N
Y,QRHC,Quest Resource Holding Corporation - Common Stock,Q,S,N,100.0,N,N,,QRHC,N
Y,QRVO,"Qorvo, Inc. - Common Stock",Q,Q,N,100.0,N,N,,QRVO,N
Y,QS,QuantumScape Corporation - Common Stock,Q,Q,N,100.0,N,N,,QS,N
Y,QSEA,Quartzsea Acquisition Corporation - Ordinary Shares,Q,G,N,100.0,N,N,,QSEA,N
Y,QSEAU,Quartzsea Acquisition Corporation - Units,Q,G,N,100.0,N,N,,QSEAU,N
Y,QSI,Quantum-Si Incorporated - Class A Common Stock,Q,G,N,100.0,N,N,,QSI,N
Y,QSR,Restaurant Brands International Inc. Common Shares,N, ,N,100.0,N,,QSR,QSR,N
Y,QTEX,QTREX Quantum Ltd. - Ordinary Shares,Q,S,N,100.0,N,N,,QTEX,N
Y,QTEXW,QTREX Quantum Ltd. - Warrant,Q,S,N,100.0,N,N,,QTEXW,N
Y,QTI,"QT Imaging Holdings, Inc. - Common Stock",Q,S,N,100.0,N,N,,QTI,N
Y,QTRX,Quanterix Corporation - Common Stock,Q,G,N,100.0,N,N,,QTRX,N
Y,QTTB,Q32 Bio Inc. - Common Stock,Q,S,N,100.0,N,N,,QTTB,N
Y,QTWO,"Q2 Holdings, Inc. Common Stock",N, ,N,100.0,N,,QTWO,QTWO,N
Y,QUAD,"Quad Graphics, Inc Class A Common Stock",N, ,N,100.0,N,,QUAD,QUAD,N
Y,QUBT,Quantum Computing Inc. - Common Stock,Q,S,N,100.0,N,N,,QUBT,N
Y,QUCY,Quantum Cyber N.V. - Ordinary Shares,Q,S,N,100.0,N,N,,QUCY,N
Y,QUIK,QuickLogic Corporation - Common Stock,Q,S,N,100.0,N,N,,QUIK,N
Y,QUMS,Quantumsphere Acquisition Corp. - Ordinary Shares,Q,G,N,100.0,N,N,,QUMS,N
Y,QUMSU,Quantumsphere Acquisition Corp. - Units,Q,G,N,100.0,N,N,,QUMSU,N
Y,QURE,uniQure N.V. - Ordinary Shares,Q,Q,N,100.0,N,N,,QURE,N
Y,QXL,Quantum X Labs Inc. - Common Stock,Q,S,N,100.0,N,N,,QXL,N
Y,QXO,"QXO, Inc. Common Stock",N, ,N,100.0,N,,QXO,QXO,N
Y,R,"Ryder System, Inc. Common Stock",N, ,N,100.0,N,,R,R,N
Y,RA,Brookfield Real Assets Income Fund Inc. Common Stock,N, ,N,100.0,N,,RA,RA,N
Y,RAC,Rithm Acquisition Corp. Class A Ordinary Shares,N, ,N,100.0,N,,RAC,RAC,N
Y,RACC,Research Alliance Corporation III - Class A Ordinary Shares,Q,S,N,100.0,N,N,,RACC,N
Y,RACE,Ferrari N.V. Common Shares,N, ,N,40.0,N,,RACE,RACE,N
Y,RADX,Radiopharm Theranostics Limited - American Depositary Shares,Q,S,N,100.0,N,N,,RADX,N
Y,RAIL,"Freightcar America, Inc. - Common Stock",Q,Q,N,100.0,N,N,,RAIL,N
Y,RAIN,"Rain Enhancement Technologies Holdco, Inc. - Class A Common Stock",Q,S,N,100.0,N,D,,RAIN,N
Y,RAINW,"Rain Enhancement Technologies Holdco, Inc. - Warrants",Q,S,N,100.0,N,D,,RAINW,N
Y,RAL,Ralliant Corporation Common Stock,N, ,N,100.0,N,,RAL,RAL,N
Y,RAMP,"LiveRamp Holdings, Inc. Common Stock",N, ,N,100.0,N,,RAMP,RAMP,N
Y,RAND,Rand Capital Corporation - Closed End Fund,Q,S,N,100.0,N,N,,RAND,N
Y,RANG,Range Capital Acquisition Corp. - Ordinary Shares,Q,G,N,100.0,N,N,,RANG,N
Y,RANGU,Range Capital Acquisition Corp. - Units,Q,G,N,100.0,N,N,,RANGU,N
Y,RANI,"Rani Therapeutics Holdings, Inc. - Class A Common Stock",Q,G,N,100.0,N,D,,RANI,N
Y,RAPP,"Rapport Therapeutics, Inc. - Common Stock",Q,G,N,100.0,N,N,,RAPP,N
Y,RARE,Ultragenyx Pharmaceutical Inc. - Common Stock,Q,Q,N,100.0,N,N,,RARE,N
Y,RAVE,"Rave Restaurant Group, Inc. - Common Stock",Q,S,N,100.0,N,N,,RAVE,N
Y,RAY,Raytech Holding Limited - Ordinary Shares,Q,S,N,100.0,N,N,,RAY,N
Y,RAYA,Erayak Power Solution Group Inc. - Class A Ordinary Shares,Q,S,N,100.0,N,N,,RAYA,N
Y,RBA,"RB Global, Inc. Common Stock",N, ,N,100.0,N,,RBA,RBA,N
Y,RBB,RBB Bancorp - Common Stock,Q,Q,N,100.0,N,N,,RBB,N
Y,RBBN,Ribbon Communications Inc.  - Common Stock,Q,Q,N,100.0,N,N,,RBBN,N
Y,RBC,RBC Bearings Incorporated Common Stock,N, ,N,40.0,N,,RBC,RBC,N
Y,RBCAA,"Republic Bancorp, Inc. - Class A Common Stock",Q,Q,N,100.0,N,N,,RBCAA,N
Y,RBKB,"Rhinebeck Bancorp, Inc. - Common Stock",Q,S,N,100.0,N,N,,RBKB,N
Y,RBLX,Roblox Corporation Class A Common Stock,N, ,N,100.0,N,,RBLX,RBLX,N
Y,RBNE,Robin Energy Ltd. - Common Stock,Q,S,N,100.0,N,N,,RBNE,N
Y,RBRK,"Rubrik, Inc. Class A Common Stock",N, ,N,100.0,N,,RBRK,RBRK,N
Y,RC,Ready Capital Corporation Common Stock,N, ,N,100.0,N,,RC,RC,N
Y,RCAT,"Red Cat Holdings, Inc. - Common Stock",Q,S,N,100.0,N,N,,RCAT,N
Y,RCD,Ready Capital Corporation 9.00% Senior Notes due 2029,N, ,N,100.0,N,,RCD,RCD,N
Y,RCEL,"Avita Medical, Inc. - Common Stock",Q,S,N,100.0,N,N,,RCEL,N
Y,RCG,"RENN Fund, Inc Common Stock",A, ,N,100.0,N,,RCG,RCG,N
Y,RCI,"Rogers Communication, Inc. Common Stock",N, ,N,100.0,N,,RCI,RCI,N
Y,RCKT,"Rocket Pharmaceuticals, Inc. - Common Stock",Q,G,N,100.0,N,N,,RCKT,N
Y,RCKTW,"Rocket Pharmaceuticals, Inc. - Warrant",Q,S,N,100.0,N,N,,RCKTW,N
Y,RCKY,"Rocky Brands, Inc. - Common Stock",Q,Q,N,100.0,N,N,,RCKY,N
Y,RCL,Royal Caribbean Cruises Ltd. Common Stock,N, ,N,40.0,N,,RCL,RCL,N
Y,RCMT,"RCM Technologies, Inc. - Common Stock",Q,G,N,100.0,N,N,,RCMT,N
Y,RCON,"Recon Technology, Ltd. - Class A Ordinary Shares",Q,S,N,100.0,N,D,,RCON,N
Y,RCS,"PIMCO Strategic Income Fund, Inc.",N, ,N,100.0,N,,RCS,RCS,N
Y,RCT,RedCloud Holdings plc - Ordinary Shares,Q,S,N,100.0,N,D,,RCT,N
Y,RCUS,"Arcus Biosciences, Inc. Common Stock",N, ,N,100.0,N,,RCUS,RCUS,N
Y,RDAC,Rising Dragon Acquisition Corp. - Ordinary Shares,Q,S,N,100.0,N,N,,RDAC,N
Y,RDACU,Rising Dragon Acquisition Corp. - Unit,Q,S,N,100.0,N,N,,RDACU,N
Y,RDAG,Republic Digital Acquisition Company - Class A Ordinary Shares,Q,G,N,100.0,N,N,,RDAG,N
Y,RDAGU,Republic Digital Acquisition Company - Unit,Q,G,N,100.0,N,N,,RDAGU,N
Y,RDAGW,Republic Digital Acquisition Company - Warrants,Q,G,N,100.0,N,N,,RDAGW,N
Y,RDCM,Radcom Ltd. - Ordinary Shares,Q,S,N,100.0,N,N,,RDCM,N
Y,RDDT,"Reddit, Inc. Class A Common Stock",N, ,N,100.0,N,,RDDT,RDDT,N
Y,RDGT,"Ridgetech, Inc. - Ordinary Shares",Q,S,N,100.0,N,N,,RDGT,N
Y,RDHL,Redhill Biopharma Ltd. - American Depositary Shares,Q,S,N,100.0,N,D,,RDHL,N
Y,RDI,Reading International Inc - Class A Non-voting Common Stock,Q,S,N,100.0,N,N,,RDI,N
Y,RDIB,Reading International Inc - Class B Voting Common Stock,Q,S,N,100.0,N,N,,RDIB,N
Y,RDN,Radian Group Inc. Common Stock,N, ,N,100.0,N,,RDN,RDN,N
Y,RDNT,"RadNet, Inc. - Common Stock",Q,G,N,100.0,N,N,,RDNT,N
Y,RDNW,"RideNow Group, Inc. - Class B Common Stock",Q,S,N,100.0,N,N,,RDNW,N
Y,RDVT,"Red Violet, Inc. - Common Stock ",Q,S,N,100.0,N,N,,RDVT,N
Y,RDW,Redwire Corporation Common Stock,N, ,N,100.0,N,,RDW,RDW,N
Y,RDWR,Radware Ltd. - Ordinary Shares,Q,Q,N,100.0,N,N,,RDWR,N
Y,RDY,Dr. Reddy's Laboratories Ltd Common Stock,N, ,N,100.0,N,,RDY,RDY,N
Y,RDZN,"Roadzen, Inc. - Ordinary Shares",Q,G,N,100.0,N,N,,RDZN,N
Y,RDZNW,"Roadzen, Inc. - Warrants",Q,S,N,100.0,N,N,,RDZNW,N
Y,REA,"Rare Earths Americas, Inc. Common Stock",A, ,N,100.0,N,,REA,REA,N
Y,REAL,"The RealReal, Inc. - Common Stock",Q,Q,N,100.0,N,N,,REAL,N
Y,REAX,"The Real Brokerage, Inc. - Common Shares",Q,S,N,100.0,N,N,,REAX,N
Y,REBN,"Reborn Coffee, Inc. - Common Stock",Q,S,N,100.0,N,N,,REBN,N
Y,RECT,Rectitude Holdings Ltd - Ordinary Shares,Q,S,N,100.0,N,N,,RECT,N
Y,REED,"Reed's, Inc. Common Stock",A, ,N,100.0,N,,REED,REED,N
Y,REFI,"Chicago Atlantic Real Estate Finance, Inc. - Common Stock",Q,G,N,100.0,N,N,,REFI,N
Y,REFR,Research Frontiers Incorporated - Common Stock,Q,S,N,100.0,N,D,,REFR,N
Y,REG,Regency Centers Corporation - Common Stock,Q,Q,N,100.0,N,N,,REG,N
Y,REGCO,Regency Centers Corporation - 5.875% Series B Cumulative Redeemable Preferred Stock,Q,Q,N,100.0,N,N,,REGCO,N
Y,REGCP,Regency Centers Corporation - 6.25% Series A Cumulative Redeemable Preferred Stock,Q,Q,N,100.0,N,N,,REGCP,N
Y,REGN,"Regeneron Pharmaceuticals, Inc. - Common Stock",Q,Q,N,40.0,N,N,,REGN,N
Y,REI,"Ring Energy, Inc. Common Stock",A, ,N,100.0,N,,REI,REI,N
Y,REKR,"Rekor Systems, Inc. - Common Stock",Q,S,N,100.0,N,D,,REKR,N
Y,RELL,"Richardson Electronics, Ltd. - Common Stock",Q,Q,N,100.0,N,N,,RELL,N
Y,RELX,RELX PLC PLC American Depositary Shares (Each representing One Ordinary Share),N, ,N,100.0,N,,RELX,RELX,N
Y,RELY,"Remitly Global, Inc. - Common stock",Q,Q,N,100.0,N,N,,RELY,N
Y,RENT,"Rent the Runway, Inc. - Class A Common Stock",Q,G,N,100.0,N,N,,RENT,N
Y,RENX,RenX Enterprises Corp. - Common Stock,Q,S,N,100.0,N,N,,RENX,N
Y,REPL,"Replimune Group, Inc. - Common Stock",Q,Q,N,100.0,N,N,,REPL,N
Y,REPX,"Riley Exploration Permian, Inc. Common Stock",A, ,N,100.0,N,,REPX,REPX,N
Y,RERE,ATRenew Inc. American Depositary Shares (every three of which representing two Class A ordinary shares),N, ,N,100.0,N,,RERE,RERE,N
Y,RES,"RPC, Inc. Common Stock",N, ,N,100.0,N,,RES,RES,N
Y,RETO,"ReTo Eco-Solutions, Inc. - Class A Shares",Q,S,N,100.0,N,N,,RETO,N
Y,REVB,"Revelation Biosciences, Inc. - Common Stock",Q,S,N,100.0,N,N,,REVB,N
Y,REVBW,"Revelation Biosciences, Inc. - Warrant",Q,S,N,100.0,N,N,,REVBW,N
Y,REX,REX American Resources Corporation,N, ,N,100.0,N,,REX,REX,N
Y,REXR,"Rexford Industrial Realty, Inc. Common Stock",N, ,N,100.0,N,,REXR,REXR,N
Y,REYN,Reynolds Consumer Products Inc. - Common Stock,Q,Q,N,100.0,N,N,,REYN,N
Y,REZI,"Resideo Technologies, Inc. Common Stock ",N, ,N,100.0,N,,REZI,REZI,N
Y,RF,Regions Financial Corporation Common Stock,N, ,N,100.0,N,,RF,RF,N
Y,RFAI,RF Acquisition Corp II - Ordinary Shares,Q,G,N,100.0,N,N,,RFAI,N
Y,RFAIU,RF Acquisition Corp II - Unit,Q,G,N,100.0,N,N,,RFAIU,N
Y,RFAM,RF Acquisition Corp III - Ordinary Shares,Q,G,N,100.0,N,N,,RFAM,N
Y,RFAMU,RF Acquisition Corp III - Units,Q,G,N,100.0,N,N,,RFAMU,N
Y,RFI,"Cohen & Steers Total Return Realty Fund, Inc. Common Stock",N, ,N,100.0,N,,RFI,RFI,N
Y,RFIL,"RF Industries, Ltd. - Common Stock",Q,G,N,100.0,N,N,,RFIL,N
Y,RFL,"Rafael Holdings, Inc. Class B Common Stock",N, ,N,100.0,N,,RFL,RFL,N
Y,RFM,"RiverNorth Flexible Municipal Income Fund, Inc. Common Stock",N, ,N,100.0,N,,RFM,RFM,N
Y,RFMZ,"RiverNorth Flexible Municipal Income Fund II, Inc. Common Stock",N, ,N,100.0,N,,RFMZ,RFMZ,N
Y,RGA,"Reinsurance Group of America, Incorporated Common Stock",N, ,N,100.0,N,,RGA,RGA,N
Y,RGC,Regencell Bioscience Holdings Limited - Ordinary Shares,Q,S,N,100.0,N,N,,RGC,N
Y,RGCO,RGC Resources Inc. - Common Stock,Q,G,N,100.0,N,N,,RGCO,N
Y,RGEN,Repligen Corporation - Common Stock,Q,Q,N,100.0,N,N,,RGEN,N
Y,RGLD,"Royal Gold, Inc. - Common Stock",Q,Q,N,40.0,N,N,,RGLD,N
Y,RGNT,Regentis Biomaterials Ltd. Ordinary Shares,A, ,N,100.0,N,,RGNT,RGNT,N
Y,RGNX,REGENXBIO Inc. - Common Stock,Q,Q,N,100.0,N,N,,RGNX,N
Y,RGP,"Resources Connection, Inc. - Common Stock",Q,Q,N,100.0,N,N,,RGP,N
Y,RGR,"Sturm, Ruger & Company, Inc. Common Stock",N, ,N,100.0,N,,RGR,RGR,N
Y,RGS,Regis Corporation - Common Stock,Q,G,N,100.0,N,N,,RGS,N
Y,RGT,"Royce Global Trust, Inc. Common Stock",N, ,N,100.0,N,,RGT,RGT,N
Y,RGTI,"Rigetti Computing, Inc.  - Common stock",Q,S,N,100.0,N,N,,RGTI,N
Y,RGTIW,"Rigetti Computing, Inc.  - Redeemable warrants, each whole warrant exercisable for one Class A ordinary share at an exercise price of $11.50",Q,S,N,100.0,N,N,,RGTIW,N
Y,RH,RH Common Stock,N, ,N,100.0,N,,RH,RH,N
Y,RHI,Robert Half Inc. Common Stock,N, ,N,100.0,N,,RHI,RHI,N
Y,RHLD,Resolute Holdings Management Common Stock ,N, ,N,100.0,N,,RHLD,RHLD,N
Y,RHP,"Ryman Hospitality Properties, Inc. (REIT)",N, ,N,100.0,N,,RHP,RHP,N
Y,RIBB,Ribbon Acquisition Corp - Class A Ordinary Shares,Q,S,N,100.0,N,N,,RIBB,N
Y,RIBBU,Ribbon Acquisition Corp - Unit,Q,S,N,100.0,N,N,,RIBBU,N
Y,RICK,"RCI Hospitality Holdings, Inc. - Common Stock",Q,G,N,100.0,N,N,,RICK,N
Y,RIG,Transocean Ltd (Switzerland) Common Stock,N, ,N,100.0,N,,RIG,RIG,N
Y,RIGL,"Rigel Pharmaceuticals, Inc. - Common Stock",Q,Q,N,100.0,N,N,,RIGL,N
Y,RILY,"BRC Group Holdings, Inc. - Common Stock",Q,G,N,100.0,N,N,,RILY,N
Y,RILYG,"BRC Group Holdings, Inc. - 5.00% Senior Notes due 2026",Q,G,N,100.0,N,N,,RILYG,N
Y,RILYL,"BRC Group Holdings, Inc. - Depositary Shares, each representing a 1/1000th fractional interest in a share of Series B Cumulative Perpetual Preferred Stock",Q,G,N,100.0,N,N,,RILYL,N
Y,RILYN,"BRC Group Holdings, Inc. - 6.50% Senior Notes Due 2026",Q,G,N,100.0,N,N,,RILYN,N
Y,RILYP,"BRC Group Holdings, Inc. - Depositary Shares, each representing a 1/1000th fractional interest in a share of Series A Cumulative Perpetual Preferred Stock",Q,G,N,100.0,N,N,,RILYP,N
Y,RILYT,"BRC Group Holdings, Inc. - 6.00% Senior Notes Due 2028",Q,G,N,100.0,N,N,,RILYT,N
Y,RILYZ,"BRC Group Holdings, Inc. - 5.25% Senior Notes due 2028",Q,G,N,100.0,N,N,,RILYZ,N
Y,RIME,"Algorhythm Holdings, Inc. - Common Stock",Q,S,N,100.0,N,D,,RIME,N
Y,RIO,Rio Tinto Plc Common Stock,N, ,N,100.0,N,,RIO,RIO,N
Y,RIOT,"Riot Platforms, Inc. - Common Stock",Q,S,N,100.0,N,N,,RIOT,N
Y,RITM,Rithm Capital Corp. Common Stock,N, ,N,100.0,N,,RITM,RITM,N
Y,RITR,Reitar Logtech Holdings Limited - Ordinary shares,Q,S,N,100.0,N,D,,RITR,N
Y,RIV,"RiverNorth Opportunities Fund, Inc. Common Stock",N, ,N,100.0,N,,RIV,RIV,N
Y,RIVN,"Rivian Automotive, Inc. - Class A Common Stock",Q,Q,N,100.0,N,N,,RIVN,N
Y,RJET,Republic Airways Holdings Inc. - Common Stock,Q,Q,N,100.0,N,N,,RJET,N
Y,RJF,"Raymond James Financial, Inc. Common Stock",N, ,N,100.0,N,,RJF,RJF,N
Y,RKDA,"Arcadia Biosciences, Inc. - Common Stock",Q,S,N,100.0,N,N,,RKDA,N
Y,RKLB,Rocket Lab Corporation - Common Stock,Q,Q,N,100.0,N,N,,RKLB,N
Y,RKT,"Rocket Companies, Inc. Class A Common Stock",N, ,N,100.0,N,,RKT,RKT,N
Y,RKTO,Rocket One Inc. - Common Stock,Q,S,N,100.0,N,N,,RKTO,N
Y,RL,Ralph Lauren Corporation Common Stock,N, ,N,40.0,N,,RL,RL,N
Y,RLAY,"Relay Therapeutics, Inc. - Common Stock",Q,G,N,100.0,N,N,,RLAY,N
Y,RLGT,"Radiant Logistics, Inc. Common Stock",A, ,N,100.0,N,,RLGT,RLGT,N
Y,RLI,RLI Corp. Common Stock (DE),N, ,N,100.0,N,,RLI,RLI,N
Y,RLJ,RLJ Lodging Trust Common Shares of Beneficial Interest $0.01 par value,N, ,N,100.0,N,,RLJ,RLJ,N
Y,RLMD,"Relmada Therapeutics, Inc. - Common Stock",Q,S,N,100.0,N,N,,RLMD,N
Y,RLTY,Cohen & Steers Real Estate Opportunities and Income Fund Common Shares of Beneficial Interest,N, ,N,100.0,N,,RLTY,RLTY,N
Y,RLX,"RLX Technology Inc. American Depositary Shares, each representing the right to receive one (1) Class A ordinary share",N, ,N,100.0,N,,RLX,RLX,N
Y,RLYB,Rallybio Corporation - Common Stock,Q,S,N,100.0,N,N,,RLYB,N
Y,RM,Regional Management Corp. Common Stock,N, ,N,100.0,N,,RM,RM,N
Y,RMAX,"RE/MAX Holdings, Inc. Class A Common Stock",N, ,N,100.0,N,,RMAX,RMAX,N
Y,RMBI,"Richmond Mutual Bancorporation, Inc. - Common Stock",Q,S,N,100.0,N,N,,RMBI,N
Y,RMBS,"Rambus, Inc. - Common Stock",Q,Q,N,100.0,N,N,,RMBS,N
Y,RMCF,"Rocky Mountain Chocolate Factory, Inc. - Common Stock",Q,S,N,100.0,N,N,,RMCF,N
Y,RMCO,Royalty Management Holding Corporation - Class A Common Stock,Q,S,N,100.0,N,N,,RMCO,N
Y,RMCOW,Royalty Management Holding Corporation - Warrant,Q,S,N,100.0,N,N,,RMCOW,N
Y,RMD,ResMed Inc. Common Stock,N, ,N,100.0,N,,RMD,RMD,N
Y,RMI,"RiverNorth Opportunistic Municipal Income Fund, Inc. Common Stock",N, ,N,100.0,N,,RMI,RMI,N
Y,RMIX,"Suncrete, Inc. - Class A Common Stock",Q,G,N,100.0,N,N,,RMIX,N
Y,RMM,"RiverNorth Managed Duration Municipal Income Fund, Inc. Common Stock",N, ,N,100.0,N,,RMM,RMM,N
Y,RMMZ,"RiverNorth Managed Duration Municipal Income Fund II, Inc. Common Stock",N, ,N,100.0,N,,RMMZ,RMMZ,N
Y,RMNI,"Rimini Street, Inc. - Common Stock",Q,G,N,100.0,N,N,,RMNI,N
Y,RMR,The RMR Group Inc. - Class A Common Stock,Q,S,N,100.0,N,N,,RMR,N
Y,RMSG,Real Messenger Corporation - Ordinary Shares,Q,S,N,100.0,N,D,,RMSG,N
Y,RMSGW,Real Messenger Corporation - Warrants,Q,S,N,100.0,N,D,,RMSGW,N
Y,RMT,"Royce Micro-Cap Trust, Inc. Common Stock",N, ,N,100.0,N,,RMT,RMT,N
Y,RMTI,"Rockwell Medical, Inc. - Common Stock",Q,S,N,100.0,N,D,,RMTI,N
Y,RNA,"Atrium Therapeutics, Inc. - Common Stock",Q,Q,N,100.0,N,N,,RNA,N
Y,RNAC,"Cartesian Therapeutics, Inc. - Common Stock",Q,G,N,100.0,N,N,,RNAC,N
Y,RNAZ,"TransCode Therapeutics, Inc. - Common Stock",Q,S,N,100.0,N,D,,RNAZ,N
Y,RNG,"RingCentral, Inc. Class A Common Stock",N, ,N,100.0,N,,RNG,RNG,N
Y,RNGR,"Ranger Energy Services, Inc. Class A Common Stock",N, ,N,100.0,N,,RNGR,RNGR,N
Y,RNGT,Range Capital Acquisition Corp II - Class A Ordinary Shares,Q,G,N,100.0,N,N,,RNGT,N
Y,RNGTU,Range Capital Acquisition Corp II - Units,Q,G,N,100.0,N,N,,RNGTU,N
Y,RNGTW,Range Capital Acquisition Corp II - Warrants,Q,G,N,100.0,N,N,,RNGTW,N
Y,RNP,"Cohen & Steers REIT and Preferred and Income Fund, Inc. Common Shares",N, ,N,100.0,N,,RNP,RNP,N
Y,RNR,RenaissanceRe Holdings Ltd. Common Stock,N, ,N,40.0,N,,RNR,RNR,N
Y,RNST,Renasant Corporation Common Stock,N, ,N,100.0,N,,RNST,RNST,N
Y,RNTX,"Rein Therapeutics, Inc. - Common Stock",Q,S,N,100.0,N,N,,RNTX,N
Y,RNW,ReNew Energy Global plc - Class A Shares,Q,Q,N,100.0,N,N,,RNW,N
Y,RNWWW,ReNew Energy Global plc - Warrant,Q,Q,N,100.0,N,N,,RNWWW,N
Y,RNXT,"RenovoRx, Inc. - Common Stock",Q,S,N,100.0,N,D,,RNXT,N
Y,ROAD,"Construction Partners, Inc. - Common Stock",Q,Q,N,100.0,N,N,,ROAD,N
Y,ROC,Rank One Computing Corporation - Common stock,Q,S,N,100.0,N,N,,ROC,N
Y,ROCK,"Gibraltar Industries, Inc. - Common Stock",Q,Q,N,100.0,N,N,,ROCK,N
Y,ROG,Rogers Corporation Common Stock,N, ,N,100.0,N,,ROG,ROG,N
Y,ROIV,Roivant Sciences Ltd. - Common Shares,Q,Q,N,100.0,N,N,,ROIV,N
Y,ROK,"Rockwell Automation, Inc. Common Stock",N, ,N,40.0,N,,ROK,ROK,N
Y,ROKU,"Roku, Inc. - Class A Common Stock",Q,Q,N,100.0,N,N,,ROKU,N
Y,ROL,"Rollins, Inc. Common Stock",N, ,N,100.0,N,,ROL,ROL,N
Y,ROLR,"High Roller Technologies, Inc. Common Stock",A, ,N,100.0,N,,ROLR,ROLR,N
Y,ROMA,Roma Green Finance Limited - Class A Ordinary Shares,Q,S,N,100.0,N,N,,ROMA,N
Y,ROOT,"Root, Inc. - Common Stock",Q,Q,N,100.0,N,N,,ROOT,N
Y,ROP,"Roper Technologies, Inc. - Common Stock",Q,Q,N,40.0,N,N,,ROP,N
Y,ROST,"Ross Stores, Inc. - Common Stock",Q,Q,N,100.0,N,N,,ROST,N
Y,RPAY,Repay Holdings Corporation - Class A Common Stock,Q,S,N,100.0,N,N,,RPAY,N
Y,RPC,"Ridgepost Capital, Inc. Class A Common Stock",N, ,N,100.0,N,,RPC,RPC,N
Y,RPD,"Rapid7, Inc. - Common Stock",Q,G,N,100.0,N,N,,RPD,N
Y,RPGL,Republic Power Group Limited - Class A Ordinary Shares,Q,S,N,100.0,N,N,,RPGL,N
Y,RPID,"Rapid Micro Biosystems, Inc. - Class A Common Stock",Q,S,N,100.0,N,N,,RPID,N
Y,RPM,RPM International Inc. Common Stock,N, ,N,100.0,N,,RPM,RPM,N
Y,RPRX,Royalty Pharma plc - Class A Ordinary Shares,Q,Q,N,100.0,N,N,,RPRX,N
Y,RPT,Rithm Property Trust Inc. Common stock,N, ,N,100.0,N,,RPT,RPT,N
Y,RQI,Cohen & Steers Quality Income Realty Fund Inc Common Shares,N, ,N,100.0,N,,RQI,RQI,N
Y,RR,Richtech Robotics Inc. - Class B Common Stock,Q,S,N,100.0,N,E,,RR,N
Y,RRBI,"Red River Bancshares, Inc. - Common Stock",Q,Q,N,100.0,N,N,,RRBI,N
Y,RRC,Range Resources Corporation Common Stock,N, ,N,100.0,N,,RRC,RRC,N
Y,RREV,RRE Ventures Acquisition Corp. - Class A Ordinary Shares,Q,G,N,100.0,N,N,,RREV,N
Y,RREVU,RRE Ventures Acquisition Corp. - Units,Q,G,N,100.0,N,N,,RREVU,N
Y,RRGB,"Red Robin Gourmet Burgers, Inc. - Common Stock",Q,Q,N,100.0,N,N,,RRGB,N
Y,RRR,"Red Rock Resorts, Inc. - Class A Common Stock",Q,Q,N,100.0,N,N,,RRR,N
Y,RRX,Regal Rexnord Corporation Common Stock,N, ,N,100.0,N,,RRX,RRX,N
Y,RS,"Reliance, Inc. Common Stock",N, ,N,40.0,N,,RS,RS,N
Y,RSF,RiverNorth Capital and Income Fund Common Stock,N, ,N,100.0,N,,RSF,RSF,N
Y,RSG,"Republic Services, Inc. Common Stock",N, ,N,100.0,N,,RSG,RSG,N
Y,RSI,"Rush Street Interactive, Inc. Class A Common Stock",N, ,N,100.0,N,,RSI,RSI,N
Y,RSKD,Riskified Ltd. Class A Ordinary Shares,N, ,N,100.0,N,,RSKD,RSKD,N
Y,RSSS,"Research Solutions, Inc - Common Stock",Q,S,N,100.0,N,N,,RSSS,N
Y,RSVR,"Reservoir Media, Inc.. - Common Stock",Q,G,N,100.0,N,N,,RSVR,N
Y,RSVRW,"Reservoir Media, Inc.. - Warrant",Q,G,N,100.0,N,N,,RSVRW,N
Y,RTAC,Renatus Tactical Acquisition Corp I - Class A Ordinary Shares,Q,G,N,100.0,N,D,,RTAC,N
Y,RTACU,Renatus Tactical Acquisition Corp I - Unit,Q,G,N,100.0,N,D,,RTACU,N
Y,RTACW,Renatus Tactical Acquisition Corp I - Warrant,Q,G,N,100.0,N,D,,RTACW,N
Y,RTB,"RTB Digital, Inc. - Common Stock",Q,S,N,100.0,N,N,,RTB,N
Y,RTO,Rentokil Initial plc American Depositary Shares (each representing five (5) Ordinary Shares),N, ,N,100.0,N,,RTO,RTO,N
Y,RTX,RTX Corporation Common Stock,N, ,N,100.0,N,,RTX,RTX,N
Y,RUBI,Rubico Inc. - Common Stock,Q,S,N,100.0,N,N,,RUBI,N
Y,RUM,RUM Group Inc. - Class A Common Stock,Q,G,N,100.0,N,N,,RUM,N
Y,RUMBW,RUM Group Inc. - Warrant,Q,G,N,100.0,N,N,,RUMBW,N
Y,RUN,Sunrun Inc. - Common Stock,Q,Q,N,100.0,N,N,,RUN,N
Y,RUSHA,"Rush Enterprises, Inc. - Class A Common Stock",Q,Q,N,100.0,N,N,,RUSHA,N
Y,RUSHB,"Rush Enterprises, Inc. - Class B Common Stock",Q,Q,N,100.0,N,N,,RUSHB,N
Y,RVI,Robinhood Ventures Fund I Common Shares of Beneficial Interest,N, ,N,100.0,N,,RVI,RVI,N
Y,RVLV,"Revolve Group, Inc. Class A Common Stock",N, ,N,100.0,N,,RVLV,RVLV,N
Y,RVMD,"Revolution Medicines, Inc. - Common Stock",Q,Q,N,100.0,N,N,,RVMD,N
Y,RVMDW,"Revolution Medicines, Inc. - Warrant",Q,Q,N,100.0,N,N,,RVMDW,N
Y,RVP,"Retractable Technologies, Inc. Common Stock",A, ,N,100.0,N,,RVP,RVP,N
Y,RVSB,Riverview Bancorp Inc - Common Stock,Q,Q,N,100.0,N,N,,RVSB,N
Y,RVSN,Rail Vision Ltd. - Ordinary Shares,Q,S,N,100.0,N,N,,RVSN,N
Y,RVSNW,Rail Vision Ltd. - Warrant,Q,S,N,100.0,N,N,,RVSNW,N
Y,RVT,"Royce Small-Cap Trust, Inc. Common Stock",N, ,N,100.0,N,,RVT,RVT,N
Y,RVTY,"Revvity, Inc. Common Stock",N, ,N,100.0,N,,RVTY,RVTY,N
Y,RWAY,Runway Growth Finance Corp. - Common Stock,Q,Q,N,100.0,N,N,,RWAY,N
Y,RWAYI,Runway Growth Finance Corp. - 7.25% Notes due 2031,Q,Q,N,100.0,N,N,,RWAYI,N
Y,RWAYL,Runway Growth Finance Corp. - 7.50% Notes due 2027,Q,Q,N,100.0,N,N,,RWAYL,N
Y,RWT,"Redwood Trust, Inc. Common Stock",N, ,N,100.0,N,,RWT,RWT,N
Y,RWTN,"Redwood Trust, Inc. 9.125% Senior Notes Due 2029",N, ,N,100.0,N,,RWTN,RWTN,N
Y,RWTO,"Redwood Trust, Inc. 9.00% Senior Notes Due 2029",N, ,N,100.0,N,,RWTO,RWTO,N
Y,RWTP,"Redwood Trust, Inc. 9.125% Senior Notes Due 2030",N, ,N,100.0,N,,RWTP,RWTP,N
Y,RWTQ,"Redwood Trust, Inc. 9.500% Senior Notes Due 2030",N, ,N,100.0,N,,RWTQ,RWTQ,N
Y,RWTS,"Redwood Trust, Inc. 9.75% Senior Notes Due 2031",N, ,N,100.0,N,,RWTS,RWTS,N
Y,RXO,"RXO, Inc. Common Stock",N, ,N,100.0,N,,RXO,RXO,N
Y,RXRX,"Recursion Pharmaceuticals, Inc. - Class A Common Stock",Q,Q,N,100.0,N,N,,RXRX,N
Y,RXST,"RxSight, Inc. - Common Stock",Q,G,N,100.0,N,N,,RXST,N
Y,RXT,"Rackspace Technology, Inc. - Common Stock",Q,Q,N,100.0,N,N,,RXT,N
Y,RY,Royal Bank Of Canada Common Stock,N, ,N,100.0,N,,RY,RY,N
Y,RYAAY,"Ryanair Holdings plc - American Depositary Shares, each representing five Ordinary Shares",Q,Q,N,100.0,N,N,,RYAAY,N
Y,RYAM,Rayonier Advanced Materials Inc. Common Stock,N, ,N,100.0,N,,RYAM,RYAM,N
Y,RYAN,"Ryan Specialty Holdings, Inc. Class A Common Stock",N, ,N,100.0,N,,RYAN,RYAN,N
Y,RYDE,Ryde Group Ltd. Class A Ordinary Shares,A, ,N,100.0,N,,RYDE,RYDE,N
Y,RYET,Ruanyun Edai Technology Inc. - Ordinary shares,Q,S,N,100.0,N,N,,RYET,N
Y,RYM,"RYTHM, Inc. - Common Stock",Q,S,N,100.0,N,N,,RYM,N
Y,RYN,Rayonier Inc. REIT Common Stock,N, ,N,100.0,N,,RYN,RYN,N
Y,RYOJ,"rYojbaba Co., Ltd. - Common Shares",Q,S,N,100.0,N,N,,RYOJ,N
Y,RYTM,"Rhythm Pharmaceuticals, Inc. - Common Stock",Q,G,N,100.0,N,N,,RYTM,N
Y,RYZ,Ryerson Holding Corporation Common Stock,N, ,N,100.0,N,,RYZ,RYZ,N
Y,RZC,"Reinsurance Group of America, Incorporated 7.125% Fixed-Rate Reset Subordinated Debentures due 2052",N, ,N,100.0,N,,RZC,RZC,N
Y,RZLT,"Rezolute, Inc. - Common Stock (NV)",Q,S,N,100.0,N,N,,RZLT,N
Y,RZLV,Rezolve AI PLC - Ordinary Shares,Q,G,N,100.0,N,N,,RZLV,N
Y,RZLVW,Rezolve AI PLC - Warrants,Q,S,N,100.0,N,N,,RZLVW,N
Y,S,"SentinelOne, Inc. Class A Common Stock",N, ,N,100.0,N,,S,S,N
Y,SA,"Seabridge Gold, Inc. Common Shares New",N, ,N,100.0,N,,SA,SA,N
Y,SAAQ,Space Asset Acquisition Corp. - Class A Ordinary Shares,Q,G,N,100.0,N,N,,SAAQ,N
Y,SAAQU,Space Asset Acquisition Corp. - Units,Q,G,N,100.0,N,N,,SAAQU,N
Y,SABA,Saba Capital Income & Opportunities Fund II Shares of Beneficial Interest,N, ,N,100.0,N,,SABA,SABA,N
Y,SABR,Sabre Corporation - Common Stock,Q,Q,N,100.0,N,N,,SABR,N
Y,SABS,"SAB Biotherapeutics, Inc. - Common Stock",Q,S,N,100.0,N,N,,SABS,N
Y,SABSW,"SAB Biotherapeutics, Inc. - Warrant",Q,S,N,100.0,N,N,,SABSW,N
Y,SAC,Safeguard Acquisition Corp. Class A Ordinary Shares,N, ,N,100.0,N,,SAC,SAC,N
Y,SACH,Sachem Capital Corp. Common Shares,A, ,N,100.0,N,,SACH,SACH,N
Y,SAFE,Safehold Inc. New Common Stock ,N, ,N,100.0,N,,SAFE,SAFE,N
Y,SAFT,"Safety Insurance Group, Inc. - Common Stock",Q,Q,N,100.0,N,N,,SAFT,N
Y,SAFX,"XCF Global, Inc. - Class A Common Stock",Q,S,N,100.0,N,D,,SAFX,N
Y,SAGT,SAGTEC GLOBAL LIMITED - Class A Ordinary shares,Q,S,N,100.0,N,N,,SAGT,N
Y,SAGU,Shreya Acquisition Group Class A Ordinary Shares,N, ,N,100.0,N,,SAGU,SAGU,N
Y,SAH,"Sonic Automotive, Inc. Common Stock",N, ,N,100.0,N,,SAH,SAH,N
Y,SAIA,"Saia, Inc. - Common Stock",Q,Q,N,40.0,N,N,,SAIA,N
Y,SAIC,Science Applications International Corporation - Common Stock,Q,Q,N,100.0,N,N,,SAIC,N
Y,SAIH,SAIHEAT Limited - Class A Ordinary Shares,Q,S,N,100.0,N,N,,SAIH,N
Y,SAIHW,SAIHEAT Limited - Warrant,Q,S,N,100.0,N,N,,SAIHW,N
Y,SAIL,"SailPoint, Inc. - Common Stock",Q,Q,N,100.0,N,N,,SAIL,N
Y,SAJ,Saratoga Investment Corp 8.00% Notes due 2027,N, ,N,100.0,N,,SAJ,SAJ,N
Y,SAM,"Boston Beer Company, Inc. (The) Common Stock",N, ,N,100.0,N,,SAM,SAM,N
Y,SAMG,Silvercrest Asset Management Group Inc. - Common Stock,Q,G,N,100.0,N,N,,SAMG,N
Y,SAN,"Banco Santander, S.A. Sponsored ADR (Spain)",N, ,N,100.0,N,,SAN,SAN,N
Y,SANA,"Sana Biotechnology, Inc. - Common Stock",Q,Q,N,100.0,N,N,,SANA,N
Y,SANG,Sangoma Technologies Corporation - Common Shares,Q,Q,N,100.0,N,N,,SANG,N
Y,SANM,Sanmina Corporation - Common Stock,Q,Q,N,100.0,N,N,,SANM,N
Y,SAP,SAP  SE ADS,N, ,N,100.0,N,,SAP,SAP,N
Y,SAR,Saratoga Investment Corp New,N, ,N,100.0,N,,SAR,SAR,N
Y,SARO,"StandardAero, Inc. Common Stock",N, ,N,100.0,N,,SARO,SARO,N
Y,SAT,Saratoga Investment Corp 6.00% Notes due 2027,N, ,N,100.0,N,,SAT,SAT,N
Y,SATA,"Strive, Inc. - Variable Rate Series A Perpetual Preferred Stock",Q,G,N,100.0,N,N,,SATA,N
Y,SATL,Satellogic Inc. - Class A Common Stock,Q,S,N,100.0,N,N,,SATL,N
Y,SATLW,Satellogic Inc. - Warrant,Q,S,N,100.0,N,N,,SATLW,N
Y,SAV,Saratoga Investment Corp 7.50% Notes due 2031,N, ,N,100.0,N,,SAV,SAV,N
Y,SAY,Saratoga Investment Corp 8.125% Notes due 2027,N, ,N,100.0,N,,SAY,SAY,N
Y,SAZ,Saratoga Investment Corp 8.50% Notes due 2028,N, ,N,100.0,N,,SAZ,SAZ,N
Y,SB,"Safe Bulkers, Inc Common Stock ($0.001 par value)",N, ,N,100.0,N,,SB,SB,N
Y,SBAC,SBA Communications Corporation - Class A Common Stock,Q,Q,N,100.0,N,N,,SBAC,N
Y,SBC,SBC Medical Group Holdings Incorporated - Common Stock,Q,G,N,100.0,N,N,,SBC,N
Y,SBCF,Seacoast Banking Corporation of Florida - Common Stock,Q,Q,N,100.0,N,N,,SBCF,N
Y,SBCWW,SBC Medical Group Holdings Incorporated - Warrants,Q,S,N,100.0,N,N,,SBCWW,N
Y,SBET,"Sharplink, Inc. - Common Stock",Q,S,N,100.0,N,N,,SBET,N
Y,SBEV,"Splash Beverage Group, Inc. (NV) Common Stock",A, ,N,100.0,N,,SBEV,SBEV,N
Y,SBFG,"SB Financial Group, Inc. - Common Stock",Q,S,N,100.0,N,N,,SBFG,N
Y,SBFM,Sunshine Biopharma Inc. - Common stock,Q,S,N,100.0,N,N,,SBFM,N
Y,SBFMW,Sunshine Biopharma Inc. - Warrant,Q,S,N,100.0,N,N,,SBFMW,N
Y,SBGI,"Sinclair, Inc. - Class A Common Stock",Q,Q,N,100.0,N,N,,SBGI,N
Y,SBH,"Sally Beauty Holdings, Inc. (Name to be changed from Sally Holdings, Inc.) Common Stock",N, ,N,100.0,N,,SBH,SBH,N
Y,SBI,Western Asset Intermediate Muni Fund Inc Common Stock,N, ,N,100.0,N,,SBI,SBI,N
Y,SBLK,Star Bulk Carriers Corp. - Common Shares,Q,Q,N,100.0,N,N,,SBLK,N
Y,SBMT,Silver Bow Mining Corp. Common Shares,A, ,N,100.0,N,,SBMT,SBMT,N
Y,SBR,Sabine Royalty Trust Common Stock,N, ,N,100.0,N,,SBR,SBR,N
Y,SBRA,"Sabra Health Care REIT, Inc. - Common Stock",Q,Q,N,100.0,N,N,,SBRA,N
Y,SBS,Companhia de saneamento Basico Do Estado De Sao Paulo - Sabesp American Depositary Shares (Each repstg 250 Common Shares),N, ,N,100.0,N,,SBS,SBS,N
Y,SBSI,"Southside Bancshares, Inc. Common Stock",N, ,N,100.0,N,,SBSI,SBSI,N
Y,SBSW,D/B/A Sibanye-Stillwater Limited ADS,N, ,N,100.0,N,,SBSW,SBSW,N
Y,SBUX,Starbucks Corporation - Common Stock,Q,Q,N,100.0,N,N,,SBUX,N
Y,SBXD,SilverBox Corp IV Class A Ordinary Shares,N, ,N,100.0,N,,SBXD,SBXD,N
Y,SBXE,SilverBox Corp V Class A Ordinary Shares,N, ,N,100.0,N,,SBXE,SBXE,N
Y,SCAG,Scage Future - American Depositary Shares,Q,G,N,100.0,N,D,,SCAG,N
Y,SCAGW,Scage Future - Warrants,Q,S,N,100.0,N,N,,SCAGW,N
Y,SCCD,Sachem Capital Corp. 6.00% Notes due 2026,A, ,N,100.0,N,,SCCD,SCCD,N
Y,SCCE,Sachem Capital Corp. 6.00% Notes due 2027,A, ,N,100.0,N,,SCCE,SCCE,N
Y,SCCF,Sachem Capital Corp. 7.125% Notes due 2027,A, ,N,100.0,N,,SCCF,SCCF,N
Y,SCCG,Sachem Capital Corp. 8.00% Notes due 2027,A, ,N,100.0,N,,SCCG,SCCG,N
Y,SCCO,Southern Copper Corporation Common Stock,N, ,N,100.0,N,,SCCO,SCCO,N
Y,SCD,LMP Capital and Income Fund Inc. Common Stock,N, ,N,100.0,N,,SCD,SCD,N
Y,SCHL,Scholastic Corporation - Common Stock,Q,Q,N,100.0,N,N,,SCHL,N
Y,SCHW,Charles Schwab Corporation (The) Common Stock,N, ,N,100.0,N,,SCHW,SCHW,N
Y,SCI,Service Corporation International Common Stock,N, ,N,100.0,N,,SCI,SCI,N
Y,SCII,SC II Acquisition Corp. - Class A ordinary share,Q,G,N,100.0,N,N,,SCII,N
Y,SCIIU,SC II Acquisition Corp. - Units,Q,G,N,100.0,N,N,,SCIIU,N
Y,SCKT,"Socket Mobile, Inc. - Common Stock",Q,S,N,100.0,N,D,,SCKT,N
Y,SCL,Stepan Company Common Stock,N, ,N,100.0,N,,SCL,SCL,N
Y,SCLX,Scilex Holding Company - Common Stock,Q,S,N,100.0,N,N,,SCLX,N
Y,SCLXW,Scilex Holding Company - Warrant,Q,S,N,100.0,N,N,,SCLXW,N
Y,SCM,Stellus Capital Investment Corporation Common Stock,N, ,N,100.0,N,,SCM,SCM,N
Y,SCNI,Scinai Immunotherapeutics Ltd. - American Depositary Shares,Q,S,N,100.0,N,D,,SCNI,N
Y,SCNX,"Scienture Holdings, Inc. - Common Stock",Q,S,N,100.0,N,D,,SCNX,N
Y,SCOR,"comScore, Inc. - Common Stock",Q,Q,N,100.0,N,N,,SCOR,N
Y,SCPQ,Social Commerce Partners Corporation - Class A Ordinary Shares,Q,G,N,100.0,N,N,,SCPQ,N
Y,SCPQU,Social Commerce Partners Corporation - Unit,Q,G,N,100.0,N,N,,SCPQU,N
Y,SCSC,"ScanSource, Inc. - Common Stock",Q,Q,N,100.0,N,N,,SCSC,N
Y,SCWO,374Water Inc. - common stock,Q,S,N,100.0,N,N,,SCWO,N
Y,SCYX,"SCYNEXIS, Inc. - Common Stock",Q,S,N,100.0,N,N,,SCYX,N
Y,SCZM,Santacruz Silver Mining Ltd. - Common Shares,Q,S,N,100.0,N,N,,SCZM,N
Y,SD,"SandRidge Energy, Inc. Common Stock",N, ,N,100.0,N,,SD,SD,N
Y,SDA,SunCar Technology Group Inc. - Ordinary Shares,Q,S,N,100.0,N,N,,SDA,N
Y,SDAWW,SunCar Technology Group Inc. - Warrant,Q,S,N,100.0,N,N,,SDAWW,N
Y,SDEV,Stablecoin Development Corporation Common Stock,A, ,N,100.0,N,,SDEV,SDEV,N
Y,SDGR,"Schrodinger, Inc. - Common Stock",Q,Q,N,100.0,N,N,,SDGR,N
Y,SDHC,Smith Douglas Homes Corp. Class A Common Stock,N, ,N,100.0,N,,SDHC,SDHC,N
Y,SDHI,Siddhi Acquisition Corp - Class A Common stock,Q,G,N,100.0,N,N,,SDHI,N
Y,SDHIU,Siddhi Acquisition Corp - Unit,Q,G,N,100.0,N,N,,SDHIU,N
Y,SDHY,PGIM Short Duration High Yield Opportunities Fund Common Shares,N, ,N,100.0,N,,SDHY,SDHY,N
Y,SDOT,Sadot Group Inc. - Common Stock,Q,S,N,100.0,N,D,,SDOT,N
Y,SDRL,Seadrill Limited Common Shares,N, ,N,100.0,N,,SDRL,SDRL,N
Y,SDST,Stardust Power Inc. - Common Stock,Q,S,N,100.0,N,D,,SDST,N
Y,SDSTW,Stardust Power Inc. - Warrant,Q,S,N,100.0,N,D,,SDSTW,N
Y,SE,"Sea Limited American Depositary Shares, each representing one Class A Ordinary Share",N, ,N,100.0,N,,SE,SE,N
Y,SEAT,Vivid Seats Inc. - Class A common stock,Q,Q,N,100.0,N,N,,SEAT,N
Y,SEATW,Vivid Seats Inc. - Warrant,Q,Q,N,100.0,N,N,,SEATW,N
Y,SEB,Seaboard Corporation Common Stock,A, ,N,10.0,N,,SEB,SEB,N
Y,SECZ,Securitize Corp. Common Stock,N, ,N,100.0,N,,SECZ,SECZ,N
Y,SEDG,"SolarEdge Technologies, Inc. - Common Stock",Q,Q,N,100.0,N,N,,SEDG,N
Y,SEED,Origin Agritech Limited - Ordinary Shares,Q,S,N,100.0,N,N,,SEED,N
Y,SEER,"Seer, Inc. - Class A Common Stock",Q,Q,N,100.0,N,N,,SEER,N
Y,SEG,Seaport Entertainment Group Inc. Common Stock,N, ,N,100.0,N,,SEG,SEG,N
Y,SEGG,Sports Entertainment Gaming Global Corporation  - Common Stock,Q,G,N,100.0,N,E,,SEGG,N
Y,SEI,"Solaris Energy Infrastructure, Inc. Class A Common Stock",N, ,N,100.0,N,,SEI,SEI,N
Y,SEIC,SEI Investments Company - Common Stock,Q,Q,N,100.0,N,N,,SEIC,N
Y,SELF,"Global Self Storage, Inc. - Common Stock",Q,S,N,100.0,N,N,,SELF,N
Y,SENEA,Seneca Foods Corp. - Class A Common Stock,Q,Q,N,100.0,N,N,,SENEA,N
Y,SENEB,Seneca Foods Corp. - Class B Common Stock,Q,Q,N,100.0,N,N,,SENEB,N
Y,SENS,"Senseonics Holdings, Inc. - Common Stock",Q,Q,N,100.0,N,N,,SENS,N
Y,SEPN,"Septerna, Inc. - Common Stock",Q,G,N,100.0,N,N,,SEPN,N
Y,SER,"Serina Therapeutics, Inc. Common Stock",A, ,N,100.0,N,,SER,SER,N
Y,SERA,"Sera Prognostics, Inc. - Class A Common Stock",Q,G,N,100.0,N,N,,SERA,N
Y,SERV,Serve Robotics Inc. - Common Stock,Q,S,N,100.0,N,N,,SERV,N
Y,SES,SES AI Corporation Class A Common Stock,N, ,N,100.0,N,,SES,SES,N
Y,SEV,Aptera Motors Corp. - Class B Common Stock,Q,S,N,100.0,N,N,,SEV,N
Y,SEVN,Seven Hills Realty Trust  - Common Stock,Q,S,N,100.0,N,N,,SEVN,N
Y,SEZL,Sezzle Inc. - Common Stock,Q,S,N,100.0,N,N,,SEZL,N
Y,SF,Stifel Financial Corporation Common Stock,N, ,N,100.0,N,,SF,SF,N
Y,SFB,Stifel Financial Corporation 5.20% Senior Notes due 2047,N, ,N,100.0,N,,SFB,SFB,N
Y,SFBC,"Sound Financial Bancorp, Inc. - Common Stock",Q,S,N,100.0,N,N,,SFBC,N
Y,SFBS,"ServisFirst Bancshares, Inc. Common Stock",N, ,N,100.0,N,,SFBS,SFBS,N
Y,SFD,"Smithfield Foods, Inc. - Common Stock",Q,Q,N,100.0,N,N,,SFD,N
Y,SFHG,Samfine Creation Holdings Group Limited - Class A Ordinary Share,Q,S,N,100.0,N,N,,SFHG,N
Y,SFIX,"Stitch Fix, Inc. - Class A Common Stock",Q,Q,N,100.0,N,N,,SFIX,N
Y,SFL,SFL Corporation Ltd,N, ,N,100.0,N,,SFL,SFL,N
Y,SFM,"Sprouts Farmers Market, Inc. - Common Stock",Q,Q,N,100.0,N,N,,SFM,N
Y,SFNC,Simmons First National Corporation - Common Stock,Q,Q,N,100.0,N,N,,SFNC,N
Y,SFST,"Southern First Bancshares, Inc. - Common Stock",Q,G,N,100.0,N,N,,SFST,N
Y,SFWL,Shengfeng Development Limited - Class A Ordinary Shares,Q,S,N,100.0,N,N,,SFWL,N
Y,SG,"Sweetgreen, Inc. Class A Common Stock",N, ,N,100.0,N,,SG,SG,N
Y,SGA,"Saga Communications, Inc. - Class A Common Stock",Q,G,N,100.0,N,N,,SGA,N
Y,SGC,"Superior Group of Companies, Inc. - Common Stock",Q,G,N,100.0,N,N,,SGC,N
Y,SGHC,Super Group (SGHC) Limited Ordinary Shares,N, ,N,100.0,N,,SGHC,SGHC,N
Y,SGHT,"Sight Sciences, Inc. - Common Stock",Q,Q,N,100.0,N,N,,SGHT,N
Y,SGI,Somnigroup International Inc. Common Stock,N, ,N,100.0,N,,SGI,SGI,N
Y,SGLY,Singularity Future Technology Ltd. - Common Stock,Q,S,N,100.0,N,D,,SGLY,N
Y,SGML,Sigma Lithium Corporation - common shares,Q,S,N,100.0,N,N,,SGML,N
Y,SGMT,Sagimet Biosciences Inc. - Series A Common Stock,Q,G,N,100.0,N,N,,SGMT,N
Y,SGP,"SpyGlass Pharma, Inc. - Common Stock",Q,Q,N,100.0,N,N,,SGP,N
Y,SGRP,"SPAR Group, Inc. - Common Stock",Q,S,N,100.0,N,D,,SGRP,N
Y,SGRY,"Surgery Partners, Inc. - Common Stock",Q,Q,N,100.0,N,N,,SGRY,N
Y,SGU,Star Group L.P. Common Stock,N, ,N,100.0,N,,SGU,SGU,N
Y,SHAK,"Shake Shack, Inc. Class A Common Stock",N, ,N,100.0,N,,SHAK,SHAK,N
Y,SHAZ,"SharonAI Holdings, Inc. - Class A Common Stock",Q,S,N,100.0,N,N,,SHAZ,N
Y,SHBI,"Shore Bancshares, Inc. - Common Stock",Q,Q,N,100.0,N,N,,SHBI,N
Y,SHC,Sotera Health Company - Common Stock,Q,Q,N,100.0,N,N,,SHC,N
Y,SHEL,Shell PLC American Depositary Shares (each representing two (2) Ordinary Shares) ,N, ,N,100.0,N,,SHEL,SHEL,N
Y,SHEN,Shenandoah Telecommunications Co - Common Stock,Q,Q,N,100.0,N,N,,SHEN,N
Y,SHFS,"SHF Holdings, Inc. - Class A Common Stock",Q,S,N,100.0,N,D,,SHFS,N
Y,SHFSW,"SHF Holdings, Inc. - Warrants",Q,S,N,100.0,N,N,,SHFSW,N
Y,SHG,Shinhan Financial Group Co Ltd American Depositary Shares,N, ,N,100.0,N,,SHG,SHG,N
Y,SHIM,Shimmick Corporation - Common Stock,Q,S,N,100.0,N,N,,SHIM,N
Y,SHIP,Seanergy Maritime Holdings Corp. - Common Stock,Q,S,N,100.0,N,N,,SHIP,N
Y,SHLS,"Shoals Technologies Group, Inc. - Class A Common Stock",Q,G,N,100.0,N,N,,SHLS,N
Y,SHMD,SCHMID Group N.V. - Class A Ordinary Shares,Q,G,N,100.0,N,N,,SHMD,N
Y,SHMDW,SCHMID Group N.V. - Warrants,Q,S,N,100.0,N,N,,SHMDW,N
Y,SHO,"Sunstone Hotel Investors, Inc. Sunstone Hotel Investors, Inc. Common Shares",N, ,N,100.0,N,,SHO,SHO,N
Y,SHOE,"Shoe Station Group, Inc. - Common Stock",Q,Q,N,100.0,N,N,,SHOE,N
Y,SHOO,"Steven Madden, Ltd. - Common Stock",Q,Q,N,100.0,N,N,,SHOO,N
Y,SHOP,Shopify Inc. - Class A Subordinate Voting Shares,Q,Q,N,100.0,N,N,,SHOP,N
Y,SHOTU,RMG ML Sports Holdings - Unit,Q,G,N,100.0,N,N,,SHOTU,N
Y,SHPH,"Shuttle Pharmaceuticals Holdings, Inc. - common stock",Q,S,N,100.0,N,N,,SHPH,N
Y,SHW,Sherwin-Williams Company (The) Common Stock,N, ,N,40.0,N,,SHW,SHW,N
Y,SI,"Shoulder Innovations, Inc. Common Stock",N, ,N,100.0,N,,SI,SI,N
Y,SIBN,"SI-BONE, Inc. - Common Stock",Q,G,N,100.0,N,N,,SIBN,N
Y,SID,Companhia Siderurgica Nacional S.A. Common Stock,N, ,N,100.0,N,,SID,SID,N
Y,SIDU,"Sidus Space, Inc. - Class A Common Stock",Q,S,N,100.0,N,N,,SIDU,N
Y,SIEB,Siebert Financial Corp. - Common Stock,Q,S,N,100.0,N,N,,SIEB,N
Y,SIF,"SIFCO Industries, Inc. Common Stock",A, ,N,100.0,N,,SIF,SIF,N
Y,SIFY,Sify Technologies Limited - American Depository Shares,Q,S,N,100.0,N,N,,SIFY,N
Y,SIG,Signet Jewelers Limited Common Shares,N, ,N,100.0,N,,SIG,SIG,N
Y,SIGA,SIGA Technologies Inc. - Common Stock,Q,G,N,100.0,N,N,,SIGA,N
Y,SIGI,"Selective Insurance Group, Inc. - Common Stock",Q,Q,N,100.0,N,N,,SIGI,N
Y,SIGIP,"Selective Insurance Group, Inc. - Depositary Shares, each representing a 1/1,000th interest in a share of 4.60% Non-Cumulative Preferred Stock, Series B",Q,Q,N,100.0,N,N,,SIGIP,N
Y,SII,Sprott Inc. Common Shares,N, ,N,100.0,N,,SII,SII,N
Y,SILC,Silicom Ltd - Ordinary Shares,Q,Q,N,100.0,N,N,,SILC,N
Y,SILO,"Silo Pharma, Inc. - Common Stock",Q,S,N,100.0,N,N,,SILO,N
Y,SIM,"Grupo Simec, S.A.B. de C.V. American Depositary Shares",A, ,N,100.0,N,,SIM,SIM,N
Y,SIMA,SIM Acquisition Corp. I - Class A Ordinary Shares,Q,G,N,100.0,N,N,,SIMA,N
Y,SIMAU,SIM Acquisition Corp. I - Unit,Q,G,N,100.0,N,N,,SIMAU,N
Y,SIMAW,SIM Acquisition Corp. I - Warrant,Q,G,N,100.0,N,N,,SIMAW,N
Y,SIMO,"Silicon Motion Technology Corporation - American Depositary Shares, each representing four ordinary shares",Q,Q,N,100.0,N,N,,SIMO,N
Y,SIND,Sinda Ltd. Common Stock,N, ,N,100.0,N,,SIND,SIND,N
Y,SINT,"SiNtx Technologies, Inc. - Common Stock",Q,S,N,100.0,N,D,,SINT,N
Y,SION,"Sionna Therapeutics, Inc. - Common Stock",Q,G,N,100.0,N,N,,SION,N
Y,SIRI,SiriusXM Holdings Inc. - Common Stock,Q,Q,N,100.0,N,N,,SIRI,N
Y,SITC,SITE Centers Corp. Common Stock,N, ,N,100.0,N,,SITC,SITC,N
Y,SITE,"SiteOne Landscape Supply, Inc. Common Stock",N, ,N,100.0,N,,SITE,SITE,N
Y,SITM,SiTime Corporation - Common Stock,Q,G,N,40.0,N,N,,SITM,N
Y,SJ,Scienjoy Holding Corporation - Class A Ordinary Shares,Q,S,N,100.0,N,N,,SJ,N
Y,SJM,The J.M. Smucker Company Common Stock,N, ,N,100.0,N,,SJM,SJM,N
Y,SJT,San Juan Basin Royalty Trust Common Stock,N, ,N,100.0,N,,SJT,SJT,N
Y,SKE,Skeena Resources Limited Common Shares,N, ,N,100.0,N,,SKE,SKE,N
Y,SKIL,Skillsoft Corp. Class A Common Stock,N, ,N,100.0,N,,SKIL,SKIL,N
Y,SKIN,SkinHealth Systems Inc. - Class A Common Stock,Q,S,N,100.0,N,D,,SKIN,N
Y,SKK,SKK Holdings Limited - Class A Ordinary Shares,Q,S,N,100.0,N,N,,SKK,N
Y,SKM,"SK Telecom Co., Ltd. Common Stock",N, ,N,100.0,N,,SKM,SKM,N
Y,SKT,Tanger Inc. Common Stock,N, ,N,100.0,N,,SKT,SKT,N
Y,SKWD,"Skyward Specialty Insurance Group, Inc. - Common Stock",Q,Q,N,100.0,N,N,,SKWD,N
Y,SKY,"Champion Homes, Inc. Common Stock",N, ,N,100.0,N,,SKY,SKY,N
Y,SKYA,"SkyAI, Inc. - Common Stock",Q,S,N,100.0,N,N,,SKYA,N
Y,SKYE,"Skye Bioscience, Inc. - Common Stock",Q,S,N,100.0,N,D,,SKYE,N
Y,SKYH,Sky Harbour Group Corporation Class A Common Stock,N, ,N,100.0,N,,SKYH,SKYH,N
Y,SKYQ,Sky Quarry Inc. - Common Stock,Q,S,N,100.0,N,N,,SKYQ,N
Y,SKYT,"SkyWater Technology, Inc. - Common Stock",Q,S,N,100.0,N,N,,SKYT,N
Y,SKYW,"SkyWest, Inc. - Common Stock",Q,Q,N,100.0,N,N,,SKYW,N
Y,SKYX,SKYX Platforms Corp. - Common Stock,Q,S,N,100.0,N,N,,SKYX,N
Y,SLAB,"Silicon Laboratories, Inc. - Common Stock",Q,Q,N,100.0,N,N,,SLAB,N
Y,SLAI,SOLAI Limited American Depositary Shares (each representing seven hundred (700) Class A Ordinary Shares),N, ,N,100.0,N,,SLAI,SLAI,N
Y,SLB,SLB Limited Common Shares,N, ,N,100.0,N,,SLB,SLB,N
Y,SLBT,SL Science Holding Limited - Ordinary Shares,Q,G,N,100.0,N,N,,SLBT,N
Y,SLDB,Solid Biosciences Inc. - Common Stock,Q,Q,N,100.0,N,N,,SLDB,N
Y,SLDE,"Slide Insurance Holdings, Inc. - Common Stock",Q,Q,N,100.0,N,N,,SLDE,N
Y,SLDP,"Solid Power, Inc. - Class A Common Stock",Q,Q,N,100.0,N,N,,SLDP,N
Y,SLDPW,"Solid Power, Inc. - Warrant",Q,Q,N,100.0,N,N,,SLDPW,N
Y,SLE,"Super League Enterprise, Inc. - Common Stock",Q,S,N,100.0,N,N,,SLE,N
Y,SLF,Sun Life Financial Inc. Common Stock,N, ,N,100.0,N,,SLF,SLF,N
Y,SLG,SL Green Realty Corp Common Stock,N, ,N,100.0,N,,SLG,SLG,N
Y,SLGB,Smart Logistics Global Limited - Ordinary Shares,Q,S,N,100.0,N,D,,SLGB,N
Y,SLGL,Sol-Gel Technologies Ltd. - Ordinary Shares,Q,S,N,100.0,N,N,,SLGL,N
Y,SLGN,Silgan Holdings Inc. Common Stock,N, ,N,100.0,N,,SLGN,SLGN,N
Y,SLI,Standard Lithium Ltd. Common Shares,A, ,N,100.0,N,,SLI,SLI,N
Y,SLM,SLM Corporation - Common Stock,Q,Q,N,100.0,N,N,,SLM,N
Y,SLMBP,"SLM Corporation - Floating Rate Non-Cumulative Preferred Stock, Series B",Q,Q,N,100.0,N,N,,SLMBP,N
Y,SLMT,Brera Holdings PLC - Class B Ordinary Shares,Q,S,N,100.0,N,N,,SLMT,N
Y,SLN,Silence Therapeutics Plc - American Depository Share,Q,G,N,100.0,N,N,,SLN,N
Y,SLND,"Southland Holdings, Inc. Common Stock",A, ,N,100.0,N,,SLND,SLND,N
Y,SLNG,"Stabilis Solutions, Inc. - Common Stock",Q,S,N,100.0,N,N,,SLNG,N
Y,SLNH,"Soluna Holdings, Inc. - Common Stock",Q,S,N,100.0,N,N,,SLNH,N
Y,SLNHP,"Soluna Holdings, Inc. - 9.0% Series A Cumulative Perpetual Preferred Stock",Q,S,N,100.0,N,N,,SLNHP,N
Y,SLP,"Simulations Plus, Inc. - Common Stock",Q,Q,N,100.0,N,N,,SLP,N
Y,SLQT,"SelectQuote, Inc. Common Stock",N, ,N,100.0,N,,SLQT,SLQT,N
Y,SLRC,SLR Investment Corp. - Closed End Fund,Q,Q,N,100.0,N,N,,SLRC,N
Y,SLS,"SELLAS Life Sciences Group, Inc.  - Common Stock",Q,S,N,100.0,N,N,,SLS,N
Y,SLSN,"Solesence, Inc. - Common stock",Q,S,N,100.0,N,N,,SLSN,N
Y,SLSR,Solaris Resources Inc. Common Shares,A, ,N,100.0,N,,SLSR,SLSR,N
Y,SLVM,Sylvamo Corporation Common Stock,N, ,N,100.0,N,,SLVM,SLVM,N
Y,SLXN,Silexion Therapeutics Corp - Ordinary Shares,Q,S,N,100.0,N,N,,SLXN,N
Y,SLXNW,Silexion Therapeutics Corp - Warrant,Q,S,N,100.0,N,N,,SLXNW,N
Y,SM,SM Energy Company Common Stock,N, ,N,100.0,N,,SM,SM,N
Y,SMA,"SmartStop Self Storage REIT, Inc. Common Stock",N, ,N,100.0,N,,SMA,SMA,N
Y,SMBC,"Southern Missouri Bancorp, Inc. - Common Stock",Q,G,N,100.0,N,N,,SMBC,N
Y,SMBK,"SmartFinancial, Inc. Common Stock",N, ,N,100.0,N,,SMBK,SMBK,N
Y,SMC,Summit Midstream Corporation Common Stock,N, ,N,100.0,N,,SMC,SMC,N
Y,SMCI,"Super Micro Computer, Inc. - Common Stock",Q,Q,N,100.0,N,N,,SMCI,N
Y,SMCIP,"Super Micro Computer, Inc. - Depositary Shares Each Representing a 1/20th Interest in a Share of 7% Series A Mandatory Convertible Preferred Stock",Q,Q,N,100.0,N,N,,SMCIP,N
Y,SMFG,Sumitomo Mitsui Financial Group Inc Unsponsored American Depositary Shares (Japan),N, ,N,100.0,N,,SMFG,SMFG,N
Y,SMG,Scotts Miracle-Gro Company (The) Common Stock,N, ,N,100.0,N,,SMG,SMG,N
Y,SMHB,ETRACS Monthly Pay 2x Leveraged Small Cap High Dividend ETN Series B,P, ,N,100.0,N,,SMHB,SMHB,N
Y,SMHI,SEACOR Marine Holdings Inc. Common Stock ,N, ,N,100.0,N,,SMHI,SMHI,N
Y,SMID,Smith-Midland Corporation - Common Stock,Q,S,N,100.0,N,N,,SMID,N
Y,SMJF,SMJ International Holdings Inc. Class A Ordinary Shares,A, ,N,100.0,N,,SMJF,SMJF,N
Y,SMMT,Summit Therapeutics Inc.  - Common Stock,Q,G,N,100.0,N,N,,SMMT,N
Y,SMP,"Standard Motor Products, Inc. Common Stock",N, ,N,100.0,N,,SMP,SMP,N
Y,SMPL,The Simply Good Foods Company - Common Stock,Q,S,N,100.0,N,N,,SMPL,N
Y,SMR,NuScale Power Corporation Class A Common Stock,N, ,N,100.0,N,,SMR,SMR,N
Y,SMRT,"SmartRent, Inc. Class A Common Stock",N, ,N,100.0,N,,SMRT,SMRT,N
Y,SMSI,"Smith Micro Software, Inc. - Common Stock",Q,S,N,100.0,N,N,,SMSI,N
Y,SMTC,Semtech Corporation - Common Stock,Q,Q,N,100.0,N,N,,SMTC,N
Y,SMTI,Sanara MedTech Inc. - Common Stock,Q,S,N,100.0,N,N,,SMTI,N
Y,SMTK,"SmartKem, Inc. - Common Stock",Q,S,N,100.0,N,D,,SMTK,N
Y,SMWB,Similarweb Ltd. Ordinary Shares,N, ,N,100.0,N,,SMWB,SMWB,N
Y,SMX,SMX (Security Matters) Public Limited Company - Ordinary Shares,Q,S,N,100.0,N,N,,SMX,N
Y,SMXT,Solarmax Technology Inc. - Common Stock,Q,S,N,100.0,N,D,,SMXT,N
Y,SMXWW,SMX (Security Matters) Public Limited Company - Warrant,Q,S,N,100.0,N,N,,SMXWW,N
Y,SN,"SharkNinja, Inc. Ordinary Shares",N, ,N,100.0,N,,SN,SN,N
Y,SNA,Snap-On Incorporated Common Stock,N, ,N,40.0,N,,SNA,SNA,N
Y,SNAL,"Snail, Inc. - Class A Common Stock",Q,S,N,100.0,N,D,,SNAL,N
Y,SNAP,Snap Inc. Class A Common Stock,N, ,N,100.0,N,,SNAP,SNAP,N
Y,SND,"Smart Sand, Inc. - Common Stock",Q,Q,N,100.0,N,N,,SND,N
Y,SNDA,"Sonida Senior Living, Inc. Common Stock",N, ,N,100.0,N,,SNDA,SNDA,N
Y,SNDK,Sandisk Corporation - Common Stock When-Issued,Q,Q,N,40.0,N,N,,SNDK,N
Y,SNDL,SNDL Inc. - Common Shares,Q,S,N,100.0,N,N,,SNDL,N
Y,SNDR,"Schneider National, Inc. Common Stock",N, ,N,100.0,N,,SNDR,SNDR,N
Y,SNDX,"Syndax Pharmaceuticals, Inc. - Common Stock",Q,Q,N,100.0,N,N,,SNDX,N
Y,SNES,"SenesTech, Inc. - Common Stock",Q,S,N,100.0,N,N,,SNES,N
Y,SNEX,StoneX Group Inc. - Common Stock,Q,Q,N,100.0,N,N,,SNEX,N
Y,SNFCA,Security National Financial Corporation - Class A Common Stock,Q,G,N,100.0,N,N,,SNFCA,N
Y,SNGX,"Soligenix, Inc. - Common Stock",Q,S,N,100.0,N,D,,SNGX,N
Y,SNN,"Smith & Nephew SNATS, Inc. Common Stock",N, ,N,100.0,N,,SNN,SNN,N
Y,SNOA,"Sonoma Pharmaceuticals, Inc. - Common Stock",Q,S,N,100.0,N,N,,SNOA,N
Y,SNOW,Snowflake Inc. Common Stock,N, ,N,100.0,N,,SNOW,SNOW,N
Y,SNPS,"Synopsys, Inc. - Common Stock",Q,Q,N,40.0,N,N,,SNPS,N
Y,SNT,Senstar Technologies Corporation - Common Shares,Q,G,N,100.0,N,N,,SNT,N
Y,SNTG,Sentage Holdings Inc. - Class A Ordinary Shares,Q,S,N,100.0,N,N,,SNTG,N
Y,SNTI,"Senti Biosciences Holdings, Inc. - Common Stock",Q,S,N,100.0,N,N,,SNTI,N
Y,SNWV,"SANUWAVE Health, Inc. - Common Stock",Q,G,N,100.0,N,N,,SNWV,N
Y,SNX,TD SYNNEX Corporation Common Stock,N, ,N,100.0,N,,SNX,SNX,N
Y,SNY,Sanofi - American Depositary Shares,Q,Q,N,100.0,N,N,,SNY,N
Y,SNYR,Synergy CHC Corp. - Common Stock,Q,S,N,100.0,N,D,,SNYR,N
Y,SO,Southern Company (The) Common Stock,N, ,N,100.0,N,,SO,SO,N
Y,SOAR,"Volato Group, Inc. Class A Common Stock",A, ,N,100.0,N,,SOAR,SOAR,N
Y,SOBO,South Bow Corporation Common Shares,N, ,N,100.0,N,,SOBO,SOBO,N
Y,SOBR,"SOBR Safe, Inc. - Common Stock",Q,S,N,100.0,N,D,,SOBR,N
Y,SOC,Sable Offshore Corp. Common Stock,N, ,N,100.0,N,,SOC,SOC,N
Y,SOCA,Solarius Capital Acquisition Corp. - Class A Ordinary Share,Q,G,N,100.0,N,N,,SOCA,N
Y,SOCAU,Solarius Capital Acquisition Corp. - Units,Q,G,N,100.0,N,N,,SOCAU,N
Y,SOCAW,Solarius Capital Acquisition Corp. - Warrant,Q,G,N,100.0,N,N,,SOCAW,N
Y,SOFI,"SoFi Technologies, Inc.  - Common Stock",Q,Q,N,100.0,N,N,,SOFI,N
Y,SOGP,Sound Group Inc. - American Depositary Shares,Q,S,N,100.0,N,N,,SOGP,N
Y,SOHU,Sohu.com Limited  - American Depositary Shares,Q,Q,N,100.0,N,N,,SOHU,N
Y,SOJC,"Southern Company (The) Series 2017B 5.25% Junior Subordinated Notes due December 1, 2077",N, ,N,100.0,N,,SOJC,SOJC,N
Y,SOJD,"Southern Company (The) Series 2020A 4.95% Junior Subordinated Notes due January 30, 2080",N, ,N,100.0,N,,SOJD,SOJD,N
Y,SOJE,"Southern Company (The) Series 2020C 4.20% Junior Subordinated Notes due October 15, 2060",N, ,N,100.0,N,,SOJE,SOJE,N
Y,SOJF,"Southern Company (The) Series 2025A 6.50% Junior Subordinated Notes due March 15, 2085",N, ,N,100.0,N,,SOJF,SOJF,N
Y,SOLS,Solstice Advanced Materials Inc. - Common Stock,Q,Q,N,100.0,N,N,,SOLS,N
Y,SOLV,Solventum Corporation Common Stock,N, ,N,100.0,N,,SOLV,SOLV,N
Y,SOMN,Southern Company (The) 2025 Series A Corporate Units,N, ,N,100.0,N,,SOMN,SOMN,N
Y,SON,Sonoco Products Company Common Stock,N, ,N,100.0,N,,SON,SON,N
Y,SONM,"DNA X, Inc. - Common Stock",Q,S,N,100.0,N,D,,SONM,N
Y,SONO,"Sonos, Inc. - Common Stock",Q,Q,N,100.0,N,N,,SONO,N
Y,SONY,Sony Group Corporation American Depositary Shares ,N, ,N,100.0,N,,SONY,SONY,N
Y,SOPH,SOPHiA GENETICS SA - Ordinary Shares,Q,Q,N,100.0,N,N,,SOPH,N
Y,SOR,"Source Capital, Inc. Cmn Shs of BI",N, ,N,100.0,N,,SOR,SOR,N
Y,SORA,AsiaStrategy - Ordinary Shares,Q,S,N,100.0,N,N,,SORA,N
Y,SORN,Soren Acquisition Corp. - Class A Ordinary Shares,Q,G,N,100.0,N,N,,SORN,N
Y,SORNU,Soren Acquisition Corp. - Unit,Q,G,N,100.0,N,N,,SORNU,N
Y,SOS,SOS Limited Class A Ordinary Shares,N, ,N,100.0,N,,SOS,SOS,N
Y,SOTK,Sono-Tek Corporation - Common Stock,Q,S,N,100.0,N,N,,SOTK,N
Y,SOUL,Soulpower Acquisition Corporation Class A Ordinary Shares,N, ,N,100.0,N,,SOUL,SOUL,N
Y,SOUN,"SoundHound AI, Inc. - Class A Common Stock",Q,G,N,100.0,N,N,,SOUN,N
Y,SOUNW,"SoundHound AI, Inc. - Warrant",Q,G,N,100.0,N,N,,SOUNW,N
Y,SOWG,Sow Good Inc. - Common Stock,Q,S,N,100.0,N,D,,SOWG,N
Y,SPAI,Safe Pro Group Inc. - Common Stock,Q,S,N,100.0,N,N,,SPAI,N
Y,SPB,"Spectrum Brands Holdings, Inc. Common Stock",N, ,N,100.0,N,,SPB,SPB,N
Y,SPCB,"SuperCom, Ltd. - Ordinary Shares",Q,S,N,100.0,N,N,,SPCB,N
Y,SPCE,"Virgin Galactic Holdings, Inc. Common Stock",N, ,N,100.0,N,,SPCE,SPCE,N
Y,SPCX,Space Exploration Technologies Corp. - Class A Common Stock,Q,Q,N,100.0,N,N,,SPCX,N
Y,SPE,"Special Opportunities Fund, Inc Common Stock",N, ,N,100.0,N,,SPE,SPE,N
Y,SPEG,Silver Pegasus Acquisition Corp - Class A Ordinary Shares,Q,G,N,100.0,N,N,,SPEG,N
Y,SPEGU,Silver Pegasus Acquisition Corp - Unit,Q,G,N,100.0,N,N,,SPEGU,N
Y,SPFI,"South Plains Financial, Inc. - Common Stock",Q,Q,N,100.0,N,N,,SPFI,N
Y,SPG,"Simon Property Group, Inc. Common Stock",N, ,N,100.0,N,,SPG,SPG,N
Y,SPGI,S&P Global Inc. Common Stock,N, ,N,40.0,N,,SPGI,SPGI,N
Y,SPH,"Suburban Propane Partners, L.P. Common Stock",N, ,N,100.0,N,,SPH,SPH,N
Y,SPHL,Springview Holdings Ltd - Ordinary shares,Q,S,N,100.0,N,N,,SPHL,N
Y,SPHR,Sphere Entertainment Co. Class A Common Stock,N, ,N,100.0,N,,SPHR,SPHR,N
Y,SPIR,"Spire Global, Inc. Class A Common Stock",N, ,N,100.0,N,,SPIR,SPIR,N
Y,SPKL,Spark I Acquisition Corp. - Class A Ordinary Share,Q,G,N,100.0,N,D,,SPKL,N
Y,SPKLU,Spark I Acquisition Corp. - Unit,Q,G,N,100.0,N,N,,SPKLU,N
Y,SPKLW,Spark I Acquisition Corp. - Warrant,Q,G,N,100.0,N,N,,SPKLW,N
Y,SPMA,"Sound Point Meridian Capital, Inc. 8.00% Series A Preferred Shares Due 2029",N, ,N,100.0,N,,SPMA,SPMA,N
Y,SPMC,"Sound Point Meridian Capital, Inc. Common Stock",N, ,N,100.0,N,,SPMC,SPMC,N
Y,SPME,"Sound Point Meridian Capital, Inc. 7.875% Series B Preferred Shares due 2030",N, ,N,100.0,N,,SPME,SPME,N
Y,SPNT,SiriusPoint Ltd. Common Shares,N, ,N,100.0,N,,SPNT,SPNT,N
Y,SPOK,"Spok Holdings, Inc. - Common Stock",Q,Q,N,100.0,N,N,,SPOK,N
Y,SPOT,Spotify Technology S.A. Ordinary Shares,N, ,N,40.0,N,,SPOT,SPOT,N
Y,SPPL,SIMPPLE LTD. - Ordinary Shares,Q,S,N,100.0,N,N,,SPPL,N
Y,SPRB,"Spruce Biosciences, Inc. - Common Stock",Q,S,N,100.0,N,N,,SPRB,N
Y,SPRC,SciSparc Ltd. - Ordinary Shares,Q,S,N,100.0,N,N,,SPRC,N
Y,SPRO,"Spero Therapeutics, Inc. - Common Stock",Q,Q,N,100.0,N,N,,SPRO,N
Y,SPRU,Spruce Power Holding Corporation Class A Common Stock,N, ,N,100.0,N,,SPRU,SPRU,N
Y,SPRY,"ARS Pharmaceuticals, Inc. - Common Stock",Q,G,N,100.0,N,N,,SPRY,N
Y,SPSC,"SPS Commerce, Inc. - Common Stock",Q,Q,N,100.0,N,N,,SPSC,N
Y,SPT,"Sprout Social, Inc - Class A Common Stock",Q,S,N,100.0,N,N,,SPT,N
Y,SPTX,"Seaport Therapeutics, Inc. - Common Stock",Q,Q,N,100.0,N,N,,SPTX,N
Y,SPWH,"Sportsman's Warehouse Holdings, Inc. - Common Stock",Q,Q,N,100.0,N,N,,SPWH,N
Y,SPWR,SunPower Inc. - Common Stock,Q,G,N,100.0,N,N,,SPWR,N
Y,SPWRW,SunPower Inc. - Warrant,Q,S,N,100.0,N,N,,SPWRW,N
Y,SPXC,"SPX Technologies, Inc. Common Stock",N, ,N,100.0,N,,SPXC,SPXC,N
Y,SPXX,Nuveen S&P 500 Dynamic Overwrite Fund,N, ,N,100.0,N,,SPXX,SPXX,N
Y,SQFT,"Presidio Property Trust, Inc. - Class A Common Stock",Q,S,N,100.0,N,N,,SQFT,N
Y,SQFTP,"Presidio Property Trust, Inc. - 9.375% Series D Cumulative Redeemable Perpetual Preferred Stock, $0.01 par value per share",Q,S,N,100.0,N,N,,SQFTP,N
Y,SQFTW,"Presidio Property Trust, Inc. - Series A Common Stock Purchase Warrants",Q,S,N,100.0,N,N,,SQFTW,N
Y,SQM,Sociedad Quimica y Minera S.A. Common Stock,N, ,N,100.0,N,,SQM,SQM,N
Y,SQNS,Sequans Communications S.A. American Depositary Shares (each representing one hundred (100) Ordinary Shares),N, ,N,100.0,N,,SQNS,SQNS,N
Y,SR,Spire Inc. Common Stock,N, ,N,100.0,N,,SR,SR,N
Y,SRAD,Sportradar Group AG - Class A Ordinary Shares,Q,Q,N,100.0,N,N,,SRAD,N
Y,SRBK,"SR Bancorp, Inc. - Common stock",Q,S,N,100.0,N,N,,SRBK,N
Y,SRCE,1st Source Corporation - Common Stock,Q,Q,N,100.0,N,N,,SRCE,N
Y,SRE,DBA Sempra Common Stock,N, ,N,100.0,N,,SRE,SRE,N
Y,SREA,DBA Sempra 5.750% Junior Subordinated Notes due 2079,N, ,N,100.0,N,,SREA,SREA,N
Y,SRFM,Surf Air Mobility Inc. Common Stock,N, ,N,100.0,N,,SRFM,SRFM,N
Y,SRG,Seritage Growth Properties Class A Common Stock,N, ,N,100.0,N,,SRG,SRG,N
Y,SRI,"Stoneridge, Inc. Common Stock",N, ,N,100.0,N,,SRI,SRI,N
Y,SRJN,Spire Inc. 6.375% Junior Subordinated Notes due 2086,N, ,N,100.0,N,,SRJN,SRJN,N
Y,SRL,Scully Royalty Ltd.,N, ,N,100.0,N,,SRL,SRL,N
Y,SRPT,"Sarepta Therapeutics, Inc. - Common Stock",Q,Q,N,100.0,N,N,,SRPT,N
Y,SRRK,Scholar Rock Holding Corporation - Common Stock,Q,Q,N,100.0,N,N,,SRRK,N
Y,SRTA,"Strata Critical Medical, Inc. - Class A Common Stock",Q,S,N,100.0,N,N,,SRTA,N
Y,SRTS,"Sensus Healthcare, Inc. - Common Stock",Q,S,N,100.0,N,N,,SRTS,N
Y,SRV,NXG Cushing Midstream Energy Fund Common Shares of Beneficial Interest,N, ,N,100.0,N,,SRV,SRV,N
Y,SRXH,SRX Global Inc. Common Stock,A, ,N,100.0,N,,SRXH,SRXH,N
Y,SRZN,"Surrozen, Inc. - Common Stock",Q,S,N,100.0,N,N,,SRZN,N
Y,SRZNW,"Surrozen, Inc. - Warrant",Q,S,N,100.0,N,N,,SRZNW,N
Y,SSAC,SPACSphere Acquisition Corp. - Class A Ordinary Shares,Q,G,N,100.0,N,N,,SSAC,N
Y,SSACU,SPACSphere Acquisition Corp. - Unit,Q,G,N,100.0,N,N,,SSACU,N
Y,SSB,SouthState Bank Corporation Common Stock,N, ,N,100.0,N,,SSB,SSB,N
Y,SSBI,Summit State Bank - Common Stock,Q,G,N,100.0,N,N,,SSBI,N
Y,SSD,"Simpson Manufacturing Company, Inc. Common Stock",N, ,N,100.0,N,,SSD,SSD,N
Y,SSEA,Starry Sea Acquisition Corp - Ordinary Shares,Q,S,N,100.0,N,N,,SSEA,N
Y,SSEAU,Starry Sea Acquisition Corp - Unit,Q,S,N,100.0,N,N,,SSEAU,N
Y,SSII,SS Innovations International Inc. - Common Stock,Q,S,N,100.0,N,N,,SSII,N
Y,SSL,Sasol Ltd. American Depositary Shares,N, ,N,100.0,N,,SSL,SSL,N
Y,SSM,Sono Group N.V. - Ordinary Shares,Q,S,N,100.0,N,N,,SSM,N
Y,SSMR,Sunshine Silver Mining & Refining Company Common Stock,N, ,N,100.0,N,,SSMR,SSMR,N
Y,SSNC,"SS&C Technologies Holdings, Inc. - Common Stock",Q,Q,N,100.0,N,N,,SSNC,N
Y,SSP,E.W. Scripps Company (The) - Class A Common Stock,Q,Q,N,100.0,N,N,,SSP,N
Y,SSRM,SSR Mining Inc. - Common Stock,Q,Q,N,100.0,N,N,,SSRM,N
Y,SST,"System1, Inc. Class A Common Stock",N, ,N,100.0,N,,SST,SST,N
Y,SSTI,"SoundThinking, Inc. - Common Stock",Q,S,N,100.0,N,N,,SSTI,N
Y,SSTK,"Shutterstock, Inc. Common Stock",N, ,N,100.0,N,,SSTK,SSTK,N
Y,SSYS,"Stratasys, Ltd. - Common Stock",Q,Q,N,100.0,N,N,,SSYS,N
Y,ST,Sensata Technologies Holding plc Ordinary Shares,N, ,N,100.0,N,,ST,ST,N
Y,STAA,STAAR Surgical Company - Common Stock,Q,G,N,100.0,N,N,,STAA,N
Y,STAG,"Stag Industrial, Inc. Common Stock",N, ,N,100.0,N,,STAG,STAG,N
Y,STAK,STAK Inc. - Class A Ordinary Shares,Q,S,N,100.0,N,N,,STAK,N
Y,STBA,"S&T Bancorp, Inc. - Common Stock",Q,Q,N,100.0,N,N,,STBA,N
Y,STC,Stewart Information Services Corporation Common Stock,N, ,N,100.0,N,,STC,STC,N
Y,STE,STERIS plc (Ireland) Ordinary Shares,N, ,N,100.0,N,,STE,STE,N
Y,STEM,"Stem, Inc. Class A Common Stock",N, ,N,100.0,N,,STEM,STEM,N
Y,STEP,StepStone Group Inc. - Class A Common Stock,Q,Q,N,100.0,N,N,,STEP,N
Y,STEW,"SRH Total Return Fund, Inc. Common Stock",N, ,N,100.0,N,,STEW,STEW,N
Y,STEX,Streamex Corp. - Common Stock,Q,S,N,100.0,N,N,,STEX,N
Y,STFS,Star Fashion Culture Holdings Limited - Class A Ordinary Shares,Q,S,N,100.0,N,N,,STFS,N
Y,STG,"Sunlands Technology Group American Depositary Shares, representing Class A ordinary shares",N, ,N,100.0,N,,STG,STG,N
Y,STGW,Stagwell Inc. - Class A Common Stock,Q,Q,N,100.0,N,N,,STGW,N
Y,STHO,Star Holdings - Shares of Beneficial Interest,Q,G,N,100.0,N,N,,STHO,N
Y,STI,"Solidion Technology, Inc. - Common Stock",Q,S,N,100.0,N,N,,STI,N
Y,STIM,"Neuronetics, Inc. - Common Stock",Q,G,N,100.0,N,N,,STIM,N
Y,STK,Columbia Seligman Premium Technology Growth Fund Inc,N, ,N,100.0,N,,STK,STK,N
Y,STKE,Sol Strategies Inc. - Common Shares,Q,Q,N,100.0,N,N,,STKE,N
Y,STKH,Steakholder Foods Ltd. - American Depositary Shares,Q,S,N,100.0,N,N,,STKH,N
Y,STKS,"The ONE Group Hospitality, Inc. - Common Stock",Q,S,N,100.0,N,N,,STKS,N
Y,STLA,Stellantis N.V. Common Shares,N, ,N,100.0,N,,STLA,STLA,N
Y,STLD,"Steel Dynamics, Inc. - Common Stock",Q,Q,N,100.0,N,N,,STLD,N
Y,STM,STMicroelectronics N.V. Common Stock,N, ,N,100.0,N,,STM,STM,N
Y,STN,Stantec Inc Common Stock,N, ,N,100.0,N,,STN,STN,N
Y,STNE,StoneCo Ltd. - Class A Common Share,Q,Q,N,100.0,N,N,,STNE,N
Y,STNG,Scorpio Tankers Inc. Common Shares,N, ,N,100.0,N,,STNG,STNG,N
Y,STOK,"Stoke Therapeutics, Inc. - Common Stock",Q,Q,N,100.0,N,N,,STOK,N
Y,STRA,"Strategic Education, Inc. - Common Stock",Q,Q,N,100.0,N,N,,STRA,N
Y,STRC,Strategy Inc - Variable Rate Series A Perpetual Stretch Preferred Stock,Q,Q,N,100.0,N,N,,STRC,N
Y,STRD,Strategy Inc - 10.00% Series A Perpetual Stride Preferred Stock,Q,Q,N,100.0,N,N,,STRD,N
Y,STRF,Strategy Inc - 10.00% Series A Perpetual Strife Preferred Stock,Q,Q,N,100.0,N,N,,STRF,N
Y,STRK,Strategy Inc - 8.00% Series A Perpetual Strike Preferred Stock,Q,Q,N,100.0,N,N,,STRK,N
Y,STRL,"Sterling Infrastructure, Inc. - Common Stock",Q,Q,N,40.0,N,N,,STRL,N
Y,STRO,"Sutro Biopharma, Inc. - Common Stock",Q,G,N,100.0,N,N,,STRO,N
Y,STRR,"Star Equity Holdings, Inc. - Common Stock",Q,Q,N,100.0,N,N,,STRR,N
Y,STRRP,"Star Equity Holdings, Inc. - 10% Series A Cumulative Perpetual Preferred Stock",Q,Q,N,100.0,N,N,,STRRP,N
Y,STRS,Stratus Properties Inc. - Common Stock,Q,Q,N,100.0,N,N,,STRS,N
Y,STRT,STRATTEC SECURITY CORPORATION - Common Stock,Q,G,N,100.0,N,N,,STRT,N
Y,STRW,"Strawberry Fields REIT, Inc. Common Stock",A, ,N,100.0,N,,STRW,STRW,N
Y,STRZ,Starz Entertainment Corp. - Common Shares,Q,Q,N,100.0,N,N,,STRZ,N
Y,STT,State Street Corporation Common Stock,N, ,N,100.0,N,,STT,STT,N
Y,STTK,"Shattuck Labs, Inc. - Common Stock",Q,Q,N,100.0,N,N,,STTK,N
Y,STUB,"StubHub Holdings, Inc. Class A Common Stock",N, ,N,100.0,N,,STUB,STUB,N
Y,STVN,Stevanato Group S.p.A. Ordinary Shares,N, ,N,100.0,N,,STVN,STVN,N
Y,STWD,"STARWOOD PROPERTY TRUST, INC. Starwood Property Trust Inc.",N, ,N,100.0,N,,STWD,STWD,N
Y,STX,Seagate Technology Holdings PLC - Ordinary Shares (Ireland),Q,Q,N,40.0,N,N,,STX,N
Y,STXS,"Stereotaxis, Inc. Common Stock",A, ,N,100.0,N,,STXS,STXS,N
Y,STZ,"Constellation Brands, Inc. Common Stock",N, ,N,100.0,N,,STZ,STZ,N
Y,SU,Suncor Energy  Inc. Common Stock,N, ,N,100.0,N,,SU,SU,N
Y,SUGP,SU Group Holdings Limited - Class A Ordinary Shares,Q,S,N,100.0,N,N,,SUGP,N
Y,SUI,"Sun Communities, Inc. Common Stock",N, ,N,100.0,N,,SUI,SUI,N
Y,SUIG,Sui Group Holdings Limited - Common Stock,Q,S,N,100.0,N,N,,SUIG,N
Y,SUJA,"Suja Life, Inc. - Class A Common Stock",Q,Q,N,100.0,N,N,,SUJA,N
Y,SUMA,SUMA Acquisition Corporation - Class A Ordinary Shares,Q,G,N,100.0,N,N,,SUMA,N
Y,SUMAU,SUMA Acquisition Corporation - Units,Q,G,N,100.0,N,N,,SUMAU,N
Y,SUN,Sunoco LP Common Units representing limited partner interests,N, ,N,100.0,N,,SUN,SUN,N
Y,SUNB,"Sunbelt Rentals Holdings, Inc. Common Stock",N, ,N,100.0,N,,SUNB,SUNB,N
Y,SUNC,"SunocoCorp LLC Common Units, representing limited liability company interests",N, ,N,100.0,N,,SUNC,SUNC,N
Y,SUNE,"SUNation Energy, Inc. - Common Stock",Q,S,N,100.0,N,N,,SUNE,N
Y,SUNS,"Sunrise Realty Trust, Inc. - Common Stock",Q,S,N,100.0,N,N,,SUNS,N
Y,SUPN,"Supernus Pharmaceuticals, Inc. - Common Stock",Q,G,N,100.0,N,N,,SUPN,N
Y,SUPV,Grupo Supervielle S.A. American Depositary Shares each Representing five Class B shares,N, ,N,100.0,N,,SUPV,SUPV,N
Y,SUPX,SuperX AI Technology Limited - Ordinary Shares,Q,S,N,100.0,N,N,,SUPX,N
Y,SURG,"SurgePays, Inc. - Common Stock",Q,S,N,100.0,N,D,,SURG,N
Y,SUZ,Suzano S.A. American Depositary Shares (each representing One Ordinary Share),N, ,N,100.0,N,,SUZ,SUZ,N
Y,SVAC,Spring Valley Acquisition Corp. III - Class A Ordinary Shares,Q,G,N,100.0,N,N,,SVAC,N
Y,SVACU,Spring Valley Acquisition Corp. III - Unit,Q,G,N,100.0,N,N,,SVACU,N
Y,SVACW,Spring Valley Acquisition Corp. III - Warrant,Q,G,N,100.0,N,N,,SVACW,N
Y,SVAQ,Silicon Valley Acquisition Corp. - Class A Ordinary Shares,Q,G,N,100.0,N,N,,SVAQ,N
Y,SVAQU,Silicon Valley Acquisition Corp. - Units,Q,G,N,100.0,N,N,,SVAQU,N
Y,SVC,Service Properties Trust - Common Shares of Beneficial Interest,Q,Q,N,100.0,N,N,,SVC,N
Y,SVCC,Stellar V Capital Corp. - Class A Ordinary Shares,Q,G,N,100.0,N,N,,SVCC,N
Y,SVCCU,Stellar V Capital Corp. - Unit,Q,G,N,100.0,N,N,,SVCCU,N
Y,SVCCW,Stellar V Capital Corp. - Warrant,Q,G,N,100.0,N,N,,SVCCW,N
Y,SVCO,"Silvaco Group, Inc. - Common Stock",Q,Q,N,100.0,N,N,,SVCO,N
Y,SVIV,Spring Valley Acquisition Corp. IV - Class A Ordinary Shares,Q,G,N,100.0,N,N,,SVIV,N
Y,SVIVU,Spring Valley Acquisition Corp. IV - Units,Q,G,N,100.0,N,N,,SVIVU,N
Y,SVM,Silvercorp Metals Inc. Common Shares,A, ,N,100.0,N,,SVM,SVM,N
Y,SVRA,"Savara, Inc. - Common Stock",Q,Q,N,100.0,N,N,,SVRA,N
Y,SVRE,SaverOne 2014 Ltd. - American Depositary Shares,Q,S,N,100.0,N,N,,SVRE,N
Y,SVREW,SaverOne 2014 Ltd. - Warrant,Q,S,N,100.0,N,N,,SVREW,N
Y,SVRN,OceanPal Inc. - Common Stock,Q,S,N,100.0,N,E,,SVRN,N
Y,SVV,"Savers Value Village, Inc. Common Stock",N, ,N,100.0,N,,SVV,SVV,N
Y,SW,Smurfit WestRock plc Ordinary Shares,N, ,N,100.0,N,,SW,SW,N
Y,SWAG,"Stran & Company, Inc. - Common Stock",Q,S,N,100.0,N,N,,SWAG,N
Y,SWAGW,"Stran & Company, Inc. - Warrant",Q,S,N,100.0,N,N,,SWAGW,N
Y,SWBI,"Smith & Wesson Brands, Inc. - Common Stock",Q,Q,N,100.0,N,N,,SWBI,N
Y,SWIM,"Latham Group, Inc. - Common Stock",Q,Q,N,100.0,N,N,,SWIM,N
Y,SWK,"Stanley Black & Decker, Inc. Common Stock",N, ,N,100.0,N,,SWK,SWK,N
Y,SWKHL,SWK Holdings Corporation - 9.00% Senior Notes due 2027,Q,G,N,100.0,N,N,,SWKHL,N
Y,SWKS,"Skyworks Solutions, Inc. - Common Stock",Q,Q,N,100.0,N,N,,SWKS,N
Y,SWMR,"Swarmer, Inc - common stock",Q,S,N,100.0,N,N,,SWMR,N
Y,SWVL,Swvl Holdings Corp - Ordinary Shares,Q,S,N,100.0,N,N,,SWVL,N
Y,SWVLW,Swvl Holdings Corp - Warrant,Q,S,N,100.0,N,N,,SWVLW,N
Y,SWX,"Southwest Gas Holdings, Inc. Common Stock (DE)",N, ,N,100.0,N,,SWX,SWX,N
Y,SWZ,Total Return Securities Fund Common Stock,N, ,N,100.0,N,,SWZ,SWZ,N
Y,SXC,"SunCoke Energy, Inc. Common Stock",N, ,N,100.0,N,,SXC,SXC,N
Y,SXI,Standex International Corporation Common Stock,N, ,N,40.0,N,,SXI,SXI,N
Y,SXT,Sensient Technologies Corporation Common Stock,N, ,N,100.0,N,,SXT,SXT,N
Y,SXTC,"China SXT Pharmaceuticals, Inc. - Class A Ordinary Shares",Q,S,N,100.0,N,N,,SXTC,N
Y,SXTP,"60 Degrees Pharmaceuticals, Inc. - Common Stock",Q,S,N,100.0,N,N,,SXTP,N
Y,SXTPW,"60 Degrees Pharmaceuticals, Inc. - Warrant",Q,S,N,100.0,N,N,,SXTPW,N
Y,SY,So-Young International Inc. - American Depository Shares,Q,S,N,100.0,N,N,,SY,N
Y,SYBT,"Stock Yards Bancorp, Inc. - Common Stock",Q,Q,N,100.0,N,N,,SYBT,N
Y,SYF,Synchrony Financial Common Stock,N, ,N,100.0,N,,SYF,SYF,N
Y,SYK,Stryker Corporation Common Stock,N, ,N,40.0,N,,SYK,SYK,N
Y,SYM,Symbotic Inc. - Class A Common Stock,Q,G,N,100.0,N,N,,SYM,N
Y,SYNA,Synaptics Incorporated - Common Stock,Q,Q,N,100.0,N,N,,SYNA,N
Y,SYNX,Silynxcom Ltd. Ordinary Shares,A, ,N,100.0,N,,SYNX,SYNX,N
Y,SYPR,"Sypris Solutions, Inc. - Common Stock",Q,G,N,100.0,N,N,,SYPR,N
Y,SYRE,"Spyre Therapeutics, Inc. - Common Stock",Q,Q,N,100.0,N,N,,SYRE,N
Y,SYY,Sysco Corporation Common Stock,N, ,N,100.0,N,,SYY,SYY,N
Y,SZZL,Sizzle Acquisition Corp. II - Class A ordinary shares,Q,G,N,100.0,N,N,,SZZL,N
Y,SZZLU,Sizzle Acquisition Corp. II - Unit,Q,G,N,100.0,N,N,,SZZLU,N
Y,T,AT&T Inc.,N, ,N,100.0,N,,T,T,N
Y,TAC,TransAlta Corporation Ordinary Shares,N, ,N,100.0,N,,TAC,TAC,N
Y,TACH,Titan Acquisition Corp. - Class A Ordinary Shares,Q,G,N,100.0,N,N,,TACH,N
Y,TACHU,Titan Acquisition Corp. - Units,Q,G,N,100.0,N,N,,TACHU,N
Y,TACHW,Titan Acquisition Corp. - Warrants,Q,G,N,100.0,N,N,,TACHW,N
Y,TACO,Berto Acquisition Corp. - Ordinary Shares,Q,G,N,100.0,N,N,,TACO,N
Y,TACOU,Berto Acquisition Corp. - unit,Q,G,N,100.0,N,N,,TACOU,N
Y,TACOW,Berto Acquisition Corp. - Warrant,Q,G,N,100.0,N,N,,TACOW,N
Y,TACT,TransAct Technologies Incorporated - Common Stock,Q,G,N,100.0,N,N,,TACT,N
Y,TAK,Takeda Pharmaceutical Company Limited American Depositary Shares (each representing 1/2 of a share of Common Stock),N, ,N,100.0,N,,TAK,TAK,N
Y,TAL,TAL Education Group American Depositary Shares,N, ,N,100.0,N,,TAL,TAL,N
Y,TALK,"Talkspace, Inc. - Common Stock",Q,S,N,100.0,N,N,,TALK,N
Y,TALO,"Talos Energy, Inc. Common Stock",N, ,N,100.0,N,,TALO,TALO,N
Y,TANH,Tantech Holdings Ltd. - Class A Common Shares,Q,S,N,100.0,N,D,,TANH,N
Y,TAOP,Taoping Inc. - Ordinary Shares,Q,S,N,100.0,N,N,,TAOP,N
Y,TAOX,Tao Synergies Inc. - Common Stock,Q,S,N,100.0,N,N,,TAOX,N
Y,TAP,Molson Coors Beverage Company Class B Common Stock,N, ,N,100.0,N,,TAP,TAP,N
Y,TARA,"Protara Therapeutics, Inc.  - Common Stock",Q,G,N,100.0,N,N,,TARA,N
Y,TARS,"Tarsus Pharmaceuticals, Inc. - Common Stock",Q,Q,N,100.0,N,N,,TARS,N
Y,TASK,"TaskUs, Inc. - Class A Common Stock",Q,Q,N,100.0,N,N,,TASK,N
Y,TATT,TAT Technologies Ltd. - Ordinary Shares,Q,G,N,100.0,N,N,,TATT,N
Y,TAVI,Tavia Acquisition Corp. - Ordinary Shares,Q,G,N,100.0,N,N,,TAVI,N
Y,TAVIU,Tavia Acquisition Corp. - Unit,Q,G,N,100.0,N,N,,TAVIU,N
Y,TAYD,"Taylor Devices, Inc. - Common Stock",Q,S,N,100.0,N,N,,TAYD,N
Y,TBB,AT&T Inc. 5.350% Global Notes due 2066,N, ,N,100.0,N,,TBB,TBB,N
Y,TBBB,BBB Foods Inc. Class A Common Shares,N, ,N,100.0,N,,TBBB,TBBB,N
Y,TBBK,"The Bancorp, Inc. - Common Stock",Q,Q,N,100.0,N,N,,TBBK,N
Y,TBCH,Turtle Beach Corporation - Common Stock,Q,G,N,100.0,N,N,,TBCH,N
Y,TBI,"TrueBlue, Inc. Common Stock",N, ,N,100.0,N,,TBI,TBI,N
Y,TBLA,Taboola.com Ltd. - Ordinary Shares,Q,Q,N,100.0,N,N,,TBLA,N
Y,TBLD,Thornburg Income Builder Opportunities Trust - Closed End Fund,Q,Q,N,100.0,N,N,,TBLD,N
Y,TBN,Tamboran Resources Corporation Common stock,N, ,N,100.0,N,,TBN,TBN,N
Y,TBPH,"Theravance Biopharma, Inc. - Ordinary Shares",Q,G,N,100.0,N,N,,TBPH,N
Y,TBRG,"TruBridge, Inc. - Common Stock",Q,Q,N,100.0,N,N,,TBRG,N
Y,TC,Token Cat Limited - American Depositary Shares,Q,S,N,100.0,N,N,,TC,N
Y,TCBI,"Texas Capital Bancshares, Inc. - Common Stock",Q,Q,N,100.0,N,N,,TCBI,N
Y,TCBIO,"Texas Capital Bancshares, Inc. - Depositary Shares 5.75% Fixed Rate Non-Cumulative Perpetual Preferred Stock Series B",Q,Q,N,100.0,N,N,,TCBIO,N
Y,TCBK,TriCo Bancshares - Common Stock,Q,Q,N,100.0,N,N,,TCBK,N
Y,TCBS,"Texas Community Bancshares, Inc. - Common Stock",Q,S,N,100.0,N,N,,TCBS,N
Y,TCBX,"Third Coast Bancshares, Inc. Common Stock",N, ,N,100.0,N,,TCBX,TCBX,N
Y,TCI,"Transcontinental Realty Investors, Inc. Common Stock",N, ,N,100.0,N,,TCI,TCI,N
Y,TCMD,"Tactile Systems Technology, Inc. - Common Stock",Q,G,N,100.0,N,N,,TCMD,N
Y,TCOM,Trip.com Group Limited - American Depositary Shares,Q,Q,N,100.0,N,N,,TCOM,N
Y,TCPA,TransCanada PipeLines Limited 6.250% Junior Subordinated Notes due 2085,N, ,N,100.0,N,,TCPA,TCPA,N
Y,TCPC,BlackRock TCP Capital Corp. - Closed End Fund,Q,Q,N,100.0,N,N,,TCPC,N
Y,TCRT,"Alaunos Therapeutics, Inc. - Common Stock",Q,S,N,100.0,N,D,,TCRT,N
Y,TCRX,"TScan Therapeutics, Inc. - Common Stock",Q,G,N,100.0,N,N,,TCRX,N
Y,TCX,Tucows Inc. - Common Stock,Q,S,N,100.0,N,N,,TCX,N
Y,TD,Toronto Dominion Bank (The) Common Stock,N, ,N,100.0,N,,TD,TD,N
Y,TDAC,Translational Development Acquisition Corp. - Ordinary Shares,Q,G,N,100.0,N,N,,TDAC,N
Y,TDACU,Translational Development Acquisition Corp. - Units,Q,G,N,100.0,N,N,,TDACU,N
Y,TDACW,Translational Development Acquisition Corp. - Warrants,Q,G,N,100.0,N,N,,TDACW,N
Y,TDAY,"USA TODAY Co., Inc. Common Stock",N, ,N,100.0,N,,TDAY,TDAY,N
Y,TDC,Teradata Corporation Common Stock,N, ,N,100.0,N,,TDC,TDC,N
Y,TDF,"Templeton Dragon Fund, Inc. Common Stock",N, ,N,100.0,N,,TDF,TDF,N
Y,TDG,Transdigm Group Incorporated Common Stock,N, ,N,10.0,N,,TDG,TDG,N
Y,TDIC,Dreamland Limited - Class A Ordinary Shares,Q,S,N,100.0,N,N,,TDIC,N
Y,TDOC,"Teladoc Health, Inc. Common Stock",N, ,N,100.0,N,,TDOC,TDOC,N
Y,TDS,"Telephone and Data Systems, Inc. Common Shares",N, ,N,100.0,N,,TDS,TDS,N
Y,TDTH,Trident Digital Tech Holdings Ltd - American Depository Shares,Q,S,N,100.0,N,D,,TDTH,N
Y,TDUP,ThredUp Inc. - Class A Common Stock,Q,Q,N,100.0,N,N,,TDUP,N
Y,TDW,Tidewater Inc. Common Stock,N, ,N,100.0,N,,TDW,TDW,N
Y,TDWD,Tailwind 2.0 Acquisition Corp. - Class A Ordinary Shares,Q,G,N,100.0,N,N,,TDWD,N
Y,TDWDU,Tailwind 2.0 Acquisition Corp. - Unit,Q,G,N,100.0,N,N,,TDWDU,N
Y,TDY,Teledyne Technologies Incorporated Common Stock,N, ,N,40.0,N,,TDY,TDY,N
Y,TE,T1 Energy Inc. Common Stock,N, ,N,100.0,N,,TE,TE,N
Y,TEAD,Teads Holding Co. - Common Stock,Q,Q,N,100.0,N,N,,TEAD,N
Y,TEAM,Atlassian Corporation  - Class A Common Stock,Q,Q,N,100.0,N,N,,TEAM,N
Y,TECH,Bio-Techne Corp - Common Stock,Q,Q,N,100.0,N,N,,TECH,N
Y,TECK,Teck Resources Ltd Ordinary Shares,N, ,N,100.0,N,,TECK,TECK,N
Y,TECX,"Tectonic Therapeutic, Inc. - Common Stock",Q,G,N,100.0,N,N,,TECX,N
Y,TEI,"Templeton Emerging Markets Income Fund, Inc. Common Stock",N, ,N,100.0,N,,TEI,TEI,N
Y,TEL,TE Connectivity plc Ordinary Shares,N, ,N,100.0,N,,TEL,TEL,N
Y,TELA,"TELA Bio, Inc. - Common stock",Q,G,N,100.0,N,D,,TELA,N
Y,TELO,"Telomir Pharmaceuticals, Inc. - Common Stock",Q,S,N,100.0,N,N,,TELO,N
Y,TEM,"Tempus AI, Inc. - Class A Common Stock",Q,Q,N,100.0,N,N,,TEM,N
Y,TEN,Tsakos Energy Navigation Ltd Common Shares,N, ,N,100.0,N,,TEN,TEN,N
Y,TENB,"Tenable Holdings, Inc. - Common Stock",Q,Q,N,100.0,N,N,,TENB,N
Y,TENX,"Tenax Therapeutics, Inc. - Common Stock",Q,S,N,100.0,N,N,,TENX,N
Y,TEO,Telecom Argentina SA,N, ,N,100.0,N,,TEO,TEO,N
Y,TER,"Teradyne, Inc. - Common Stock",Q,Q,N,40.0,N,N,,TER,N
Y,TEVA,Teva Pharmaceutical Industries Limited American Depositary Shares,N, ,N,100.0,N,,TEVA,TEVA,N
Y,TEX,Terex Corporation Common Stock,N, ,N,100.0,N,,TEX,TEX,N
Y,TFC,Truist Financial Corporation Common Stock,N, ,N,100.0,N,,TFC,TFC,N
Y,TFII,TFI International Inc. Common Shares,N, ,N,100.0,N,,TFII,TFII,N
Y,TFIN,"Triumph Financial, Inc. Common Stock",N, ,N,100.0,N,,TFIN,TFIN,N
Y,TFPM,Triple Flag Precious Metals Corp. Common Shares,N, ,N,100.0,N,,TFPM,TFPM,N
Y,TFSL,TFS Financial Corporation - Common Stock,Q,Q,N,100.0,N,N,,TFSL,N
Y,TFX,Teleflex Incorporated Common Stock,N, ,N,100.0,N,,TFX,TFX,N
Y,TG,Tredegar Corporation Common Stock,N, ,N,100.0,N,,TG,TG,N
Y,TGB,Trekor Metals Limited Common Shares,A, ,N,100.0,N,,TGB,TGB,N
Y,TGE,The Generation Essentials Group Class A Ordinary Shares,N, ,N,100.0,N,,TGE,TGE,N
Y,TGEN,Tecogen Inc. Common Stock,A, ,N,100.0,N,,TGEN,TGEN,N
Y,TGHL,The GrowHub Limited - Class A Ordinary Shares,Q,S,N,100.0,N,D,,TGHL,N
Y,TGL,Treasure Global Inc. - Common Stock,Q,S,N,100.0,N,N,,TGL,N
Y,TGLS,Tecnoglass Inc. Ordinary Shares,N, ,N,100.0,N,,TGLS,TGLS,N
Y,TGS,Transportadora de Gas del Sur SA TGS Common Stock,N, ,N,100.0,N,,TGS,TGS,N
Y,TGT,Target Corporation Common Stock,N, ,N,100.0,N,,TGT,TGT,N
Y,TGTX,"TG Therapeutics, Inc. - Common Stock",Q,S,N,100.0,N,N,,TGTX,N
Y,TH,Target Hospitality Corp. - Common Stock,Q,S,N,100.0,N,N,,TH,N
Y,THC,Tenet Healthcare Corporation Common Stock,N, ,N,100.0,N,,THC,THC,N
Y,THCH,TH International Limited - Ordinary shares,Q,S,N,100.0,N,N,,THCH,N
Y,THFF,First Financial Corporation  - Common Stock,Q,Q,N,100.0,N,N,,THFF,N
Y,THG,Hanover Insurance Group Inc,N, ,N,100.0,N,,THG,THG,N
Y,THH,TryHard Holdings Limited - Ordinary Shares,Q,S,N,100.0,N,D,,THH,N
Y,THM,"International Tower Hill Mines, Ltd. Ordinary Shares (Canada)",A, ,N,100.0,N,,THM,THM,N
Y,THO,"Thor Industries, Inc. Common Stock",N, ,N,100.0,N,,THO,THO,N
Y,THQ,abrdn Healthcare Opportunities Fund Shares of Beneficial Interest,N, ,N,100.0,N,,THQ,THQ,N
Y,THRM,Gentherm Inc - Common Stock,Q,Q,N,100.0,N,N,,THRM,N
Y,THRY,"Thryv Holdings, Inc. - Common Stock",Q,S,N,100.0,N,N,,THRY,N
Y,THW,abrdn World Healthcare Fund Shares of Beneficial Interest,N, ,N,100.0,N,,THW,THW,N
Y,TIC,"TIC Solutions, Inc. Common Stock",N, ,N,100.0,N,,TIC,TIC,N
Y,TIGO,Millicom International Cellular S.A. - Common Stock,Q,Q,N,100.0,N,N,,TIGO,N
Y,TIGR,UP Fintech Holding Limited - American Depositary Shares representing fifteen Class A Ordinary Shares,Q,Q,N,100.0,N,N,,TIGR,N
Y,TII,Titan Mining Corporation Common Shares,A, ,N,100.0,N,,TII,TII,N
Y,TIL,"Instil Bio, Inc. - Common Stock",Q,S,N,100.0,N,N,,TIL,N
Y,TILE,"Interface, Inc. - Common Stock",Q,Q,N,100.0,N,N,,TILE,N
Y,TIMB,TIM S.A. American Depositary Shares (Each representing 5 Common Shares) ,N, ,N,100.0,N,,TIMB,TIMB,N
Y,TIPT,Tiptree Inc. - Common Stock,Q,S,N,100.0,N,N,,TIPT,N
Y,TISI,"Team, Inc. Common Stock",N, ,N,100.0,N,,TISI,TISI,N
Y,TITN,Titan Machinery Inc. - Common Stock,Q,Q,N,100.0,N,N,,TITN,N
Y,TJGC,TJGC Group Limited - ordinary shares,Q,S,N,100.0,N,N,,TJGC,N
Y,TJX,"TJX Companies, Inc. (The) Common Stock",N, ,N,100.0,N,,TJX,TJX,N
Y,TK,Teekay Corporation Ltd. Common Stock,N, ,N,100.0,N,,TK,TK,N
Y,TKC,Turkcell Iletisim Hizmetleri AS Common Stock,N, ,N,100.0,N,,TKC,TKC,N
Y,TKLF,"Tokyo Lifestyle Co., Ltd. - American Depositary Shares",Q,S,N,100.0,N,N,,TKLF,N
Y,TKNO,"Alpha Teknova, Inc. - Common Stock",Q,G,N,100.0,N,N,,TKNO,N
Y,TKO,"TKO Group Holdings, Inc. Class A Common Stock",N, ,N,100.0,N,,TKO,TKO,N
Y,TKR,Timken Company (The) Common Stock,N, ,N,100.0,N,,TKR,TKR,N
Y,TLF,"Tandy Leather Factory, Inc. - common stock",Q,S,N,100.0,N,N,,TLF,N
Y,TLIH,Ten-League International Holdings Limited - Ordinary Shares,Q,S,N,100.0,N,N,,TLIH,N
Y,TLK,"PT Telekomunikasi Indonesia, Tbk",N, ,N,100.0,N,,TLK,TLK,N
Y,TLN,Talen Energy Corporation - Common Stock,Q,Q,N,40.0,N,N,,TLN,N
Y,TLNC,Talon Capital Corp. - Class A Ordinary Shares,Q,G,N,100.0,N,N,,TLNC,N
Y,TLNCU,Talon Capital Corp. - Units,Q,G,N,100.0,N,N,,TLNCU,N
Y,TLNCW,Talon Capital Corp. - Warrants,Q,G,N,100.0,N,N,,TLNCW,N
Y,TLPH,"Talphera, Inc. - Common Stock",Q,S,N,100.0,N,D,,TLPH,N
Y,TLRY,"Tilray Brands, Inc. - Common Stock",Q,Q,N,100.0,N,N,,TLRY,N
Y,TLS,Telos Corporation - Common Stock,Q,G,N,100.0,N,N,,TLS,N
Y,TLSA,Tiziana Life Sciences Ltd - Common Shares,Q,S,N,100.0,N,N,,TLSA,N
Y,TLSI,"TriSalus Life Sciences, Inc. - Common Stock",Q,G,N,100.0,N,N,,TLSI,N
Y,TLSIW,"TriSalus Life Sciences, Inc. - Warrant",Q,G,N,100.0,N,N,,TLSIW,N
Y,TLX,Telix Pharmaceuticals Limited - American Depositary Shares,Q,Q,N,100.0,N,N,,TLX,N
Y,TLYS,"Tilly's, Inc. Common Stock",N, ,N,100.0,N,,TLYS,TLYS,N
Y,TM,Toyota Motor Corporation Common Stock,N, ,N,100.0,N,,TM,TM,N
Y,TMC,TMC the metals company Inc. - Common Stock,Q,Q,N,100.0,N,N,,TMC,N
Y,TMCI,"Treace Medical Concepts, Inc. - Common Stock",Q,Q,N,100.0,N,N,,TMCI,N
Y,TMCR,The Metals Royalty Company Inc. - Common Stock,Q,S,N,100.0,N,N,,TMCR,N
Y,TMCWW,TMC the metals company Inc. - Warrant,Q,Q,N,100.0,N,N,,TMCWW,N
Y,TMDE,TMD Energy Limited Ordinary Shares,A, ,N,100.0,N,,TMDE,TMDE,N
Y,TMDX,"TransMedics Group, Inc. - Common Stock",Q,G,N,100.0,N,N,,TMDX,N
Y,TME,"Tencent Music Entertainment Group American Depositary Shares, each representing two Class A Ordinary Shares",N, ,N,100.0,N,,TME,TME,N
Y,TMHC,Taylor Morrison Home Corporation Common Stock,N, ,N,100.0,N,,TMHC,TMHC,N
Y,TMO,Thermo Fisher Scientific Inc Common Stock,N, ,N,40.0,N,,TMO,TMO,N
Y,TMP,Tompkins Financial Corporation Common Stock,A, ,N,100.0,N,,TMP,TMP,N
Y,TMQ,Trilogy Metals Inc. Common Stock,A, ,N,100.0,N,,TMQ,TMQ,N
Y,TMS,Teamshares Inc. - Common Stock,Q,S,N,100.0,N,N,,TMS,N
Y,TMTS,Spartacus Acquisition Corp. II - Class A Ordinary Shares,Q,G,N,100.0,N,N,,TMTS,N
Y,TMTSU,Spartacus Acquisition Corp. II - Unit,Q,G,N,100.0,N,N,,TMTSU,N
Y,TMUS,"T-Mobile US, Inc. - Common Stock",Q,Q,N,100.0,N,N,,TMUS,N
Y,TMUSI,"T-Mobile US, Inc. - 5.500% Senior Notes due June 2070",Q,G,N,100.0,N,N,,TMUSI,N
Y,TMUSL,"T-Mobile US, Inc. - 6.250% Senior Notes due 2069",Q,G,N,100.0,N,N,,TMUSL,N
Y,TMUSZ,"T-Mobile US, Inc. - 5.500% Senior Notes due March 2070",Q,G,N,100.0,N,N,,TMUSZ,N
Y,TNC,Tennant Company Common Stock,N, ,N,100.0,N,,TNC,TNC,N
Y,TNDM,"Tandem Diabetes Care, Inc. - Common Stock",Q,G,N,100.0,N,N,,TNDM,N
Y,TNET,"TriNet Group, Inc. Common Stock",N, ,N,100.0,N,,TNET,TNET,N
Y,TNGX,"Tango Therapeutics, Inc. - Common Stock",Q,G,N,100.0,N,N,,TNGX,N
Y,TNK,Teekay Tankers Ltd.,N, ,N,100.0,N,,TNK,TNK,N
Y,TNL,Travel   Leisure Co. Common  Stock,N, ,N,100.0,N,,TNL,TNL,N
Y,TNMG,TNL Mediagene - Ordinary Shares,Q,S,N,100.0,N,D,,TNMG,N
Y,TNON,"Tenon Medical, Inc. - Common Stock",Q,S,N,100.0,N,D,,TNON,N
Y,TNONW,"Tenon Medical, Inc. - Warrant",Q,S,N,100.0,N,D,,TNONW,N
Y,TNXP,Tonix Pharmaceuticals Holding Corp. - Common Stock,Q,Q,N,100.0,N,N,,TNXP,N
Y,TNYA,"Tenaya Therapeutics, Inc. - Common Stock",Q,Q,N,100.0,N,D,,TNYA,N
Y,TOI,"The Oncology Institute, Inc. - Common Stock",Q,S,N,100.0,N,N,,TOI,N
Y,TOIIW,"The Oncology Institute, Inc. - Warrant",Q,S,N,100.0,N,N,,TOIIW,N
Y,TOL,"Toll Brothers, Inc. Common Stock",N, ,N,100.0,N,,TOL,TOL,N
Y,TOMZ,"TOMI Environmental Solutions, Inc. - Common Stock",Q,S,N,100.0,N,D,,TOMZ,N
Y,TONX,TON Strategy Company - Common Stock,Q,S,N,100.0,N,N,,TONX,N
Y,TOON,"Kartoon Studios, Inc. Common Stock",A, ,N,100.0,N,,TOON,TOON,N
Y,TOP,TOP Financial Group Limited - Class A Ordinary Shares,Q,S,N,100.0,N,N,,TOP,N
Y,TOPP,Toppoint Holdings Inc. Common Stock,A, ,N,100.0,N,,TOPP,TOPP,N
Y,TOPS,"TOP Ships, Inc. Common Stock",A, ,N,100.0,N,,TOPS,TOPS,N
Y,TORO,Toro Corp. - Common stock,Q,S,N,100.0,N,N,,TORO,N
Y,TOST,"Toast, Inc. Class A Common Stock",N, ,N,100.0,N,,TOST,TOST,N
Y,TOUR,Tuniu Corporation - American Depositary Shares,Q,S,N,100.0,N,N,,TOUR,N
Y,TOVX,"Theriva Biologics, Inc. Common Stock",A, ,N,100.0,N,,TOVX,TOVX,N
Y,TOWN,Towne Bank - Common Stock,Q,Q,N,100.0,N,N,,TOWN,N
Y,TOYO,"TOYO Co., Ltd - Ordinary Shares",Q,S,N,100.0,N,N,,TOYO,N
Y,TPB,"Turning Point Brands, Inc. Common Stock",N, ,N,100.0,N,,TPB,TPB,N
Y,TPC,Tutor Perini Corporation Common Stock,N, ,N,100.0,N,,TPC,TPC,N
Y,TPCS,TechPrecision Corporation - Common stock,Q,S,N,100.0,N,N,,TPCS,N
Y,TPET,Trio Petroleum Corp. Common Stock,A, ,N,100.0,N,,TPET,TPET,N
Y,TPG,TPG Inc. - Class A Common Stock,Q,Q,N,100.0,N,N,,TPG,N
Y,TPGXL,TPG Inc. - 6.950% Fixed-Rate Junior Subordinated Notes due 2064,Q,G,N,100.0,N,N,,TPGXL,N
Y,TPL,Texas Pacific Land Corporation Common Stock,N, ,N,40.0,N,,TPL,TPL,N
Y,TPR,"Tapestry, Inc. Common Stock",N, ,N,100.0,N,,TPR,TPR,N
Y,TPST,"Tempest Therapeutics, Inc. - Common Stock",Q,S,N,100.0,N,D,,TPST,N
Y,TPTS,"Terra Property Trust, Inc. 7.00% Senior Secured Notes due 2029",N, ,N,100.0,N,,TPTS,TPTS,N
Y,TPVG,TriplePoint Venture Growth BDC Corp. Common Stock,N, ,N,100.0,N,,TPVG,TPVG,N
Y,TR,"Tootsie Roll Industries, Inc. Common Stock",N, ,N,100.0,N,,TR,TR,N
Y,TRAD,APEX Tech Acquisition Inc. Ordinary Shares,N, ,N,100.0,N,,TRAD,TRAD,N
Y,TRAK,"ReposiTrak, Inc. Common Stock",N, ,N,100.0,N,,TRAK,TRAK,N
Y,TRAW,"Traws Pharma, Inc. - Common Stock",Q,S,N,100.0,N,N,,TRAW,N
Y,TRAX,"First Tracks Biotherapeutics, Inc. - Ordinary Shares",Q,Q,N,100.0,N,N,,TRAX,N
Y,TRC,Tejon Ranch Co Common Stock,N, ,N,100.0,N,,TRC,TRC,N
Y,TRDA,"Entrada Therapeutics, Inc. - Common Stock",Q,G,N,100.0,N,N,,TRDA,N
Y,TREE,"LendingTree, Inc. - Common Stock",Q,Q,N,100.0,N,N,,TREE,N
Y,TREX,"Trex Company, Inc. Common Stock",N, ,N,100.0,N,,TREX,TREX,N
Y,TRGP,"Targa Resources, Inc. Common Stock",N, ,N,100.0,N,,TRGP,TRGP,N
Y,TRGS,TRG Latin America Acquisitions Corp. - Class A Ordinary Shares,Q,G,N,100.0,N,N,,TRGS,N
Y,TRGSU,TRG Latin America Acquisitions Corp. - Units,Q,G,N,100.0,N,N,,TRGSU,N
Y,TRI,Thomson Reuters Corp - Common Shares,Q,Q,N,100.0,N,N,,TRI,N
Y,TRIB,Trinity Biotech plc - American Depositary Shares,Q,Q,N,100.0,N,D,,TRIB,N
Y,TRIN,Trinity Capital Inc. - Common Stock,Q,Q,N,100.0,N,N,,TRIN,N
Y,TRINI,Trinity Capital Inc. - 7.875% Notes Due 2029,Q,Q,N,100.0,N,N,,TRINI,N
Y,TRINZ,Trinity Capital Inc. - 7.875% Notes due 2029,Q,Q,N,100.0,N,N,,TRINZ,N
Y,TRIP,"TripAdvisor, Inc. - Common Stock",Q,Q,N,100.0,N,N,,TRIP,N
Y,TRLV,Trulieve Cannabis Corp. Subordinate Voting Shares,N, ,N,100.0,N,,TRLV,TRLV,N
Y,TRMB,Trimble Inc. - Common Stock,Q,Q,N,100.0,N,N,,TRMB,N
Y,TRMD,TORM plc - Class A Common Stock,Q,Q,N,100.0,N,N,,TRMD,N
Y,TRMK,Trustmark Corporation - Common Stock,Q,Q,N,100.0,N,N,,TRMK,N
Y,TRN,"Trinity Industries, Inc. Common Stock",N, ,N,100.0,N,,TRN,TRN,N
Y,TRNO,Terreno Realty Corporation Common Stock,N, ,N,100.0,N,,TRNO,TRNO,N
Y,TRNR,Interactive Strength Inc. - Common Stock,Q,S,N,100.0,N,N,,TRNR,N
Y,TRNS,"Transcat, Inc. - Common Stock",Q,G,N,100.0,N,N,,TRNS,N
Y,TRON,Tron Inc. - Common Stock,Q,S,N,100.0,N,N,,TRON,N
Y,TROO,"TROOPS, Inc.  - Ordinary Shares",Q,S,N,100.0,N,N,,TROO,N
Y,TROW,"T. Rowe Price Group, Inc. - Common Stock",Q,Q,N,100.0,N,N,,TROW,N
Y,TROX,Tronox Holdings plc Ordinary Shares (UK),N, ,N,100.0,N,,TROX,TROX,N
Y,TRP,TC Energy Corporation Common Stock,N, ,N,100.0,N,,TRP,TRP,N
Y,TRS,TriMas Corporation - Common Stock,Q,Q,N,100.0,N,N,,TRS,N
Y,TRSG,Tungray Technologies Inc - Class A Ordinary Shares,Q,S,N,100.0,N,N,,TRSG,N
Y,TRST,TrustCo Bank Corp NY - Common Stock,Q,Q,N,100.0,N,N,,TRST,N
Y,TRT,Trio-Tech International Common Stock,A, ,N,100.0,N,,TRT,TRT,N
Y,TRTX,"TPG RE Finance Trust, Inc. Common Stock",N, ,N,100.0,N,,TRTX,TRTX,N
Y,TRU,TransUnion Common Stock,N, ,N,100.0,N,,TRU,TRU,N
Y,TRUG,"TruGolf Holdings, Inc. - Class A Common Stock",Q,S,N,100.0,N,N,,TRUG,N
Y,TRUP,"Trupanion, Inc. - Common Stock",Q,G,N,100.0,N,N,,TRUP,N
Y,TRV,"The Travelers Companies, Inc. Common Stock",N, ,N,40.0,N,,TRV,TRV,N
Y,TRVG,trivago N.V. - American Depositary Shares,Q,Q,N,100.0,N,N,,TRVG,N
Y,TRVI,"Trevi Therapeutics, Inc. - Common Stock",Q,G,N,100.0,N,N,,TRVI,N
Y,TRX,TRX Gold Corporation Common Stock,A, ,N,100.0,N,,TRX,TRX,N
Y,TS,Tenaris S.A. American Depositary Shares,N, ,N,100.0,N,,TS,TS,N
Y,TSAT,Telesat Corporation - Class A Common Shares and Class B Variable Voting Shares,Q,Q,N,100.0,N,N,,TSAT,N
Y,TSBK,"Timberland Bancorp, Inc. - Common Stock",Q,G,N,100.0,N,N,,TSBK,N
Y,TSCO,Tractor Supply Company - Common Stock,Q,Q,N,100.0,N,N,,TSCO,N
Y,TSEM,Tower Semiconductor Ltd. - Ordinary Shares,Q,Q,N,100.0,N,N,,TSEM,N
Y,TSHA,"Taysha Gene Therapies, Inc. - Common Stock",Q,Q,N,100.0,N,N,,TSHA,N
Y,TSI,"TCW Strategic Income Fund, Inc. Common Stock",N, ,N,100.0,N,,TSI,TSI,N
Y,TSLA,"Tesla, Inc.  - Common Stock",Q,Q,N,40.0,N,N,,TSLA,N
Y,TSLX,"Sixth Street Specialty Lending, Inc. Common Stock",N, ,N,100.0,N,,TSLX,TSLX,N
Y,TSM,Taiwan Semiconductor Manufacturing Company Ltd.,N, ,N,40.0,N,,TSM,TSM,N
Y,TSN,"Tyson Foods, Inc. Common Stock",N, ,N,100.0,N,,TSN,TSN,N
Y,TSQ,"Townsquare Media, Inc. Class A Common Stock",N, ,N,100.0,N,,TSQ,TSQ,N
Y,TSSI,"TSS, Inc. - Common Stock",Q,S,N,100.0,N,N,,TSSI,N
Y,TT,Trane Technologies plc,N, ,N,40.0,N,,TT,TT,N
Y,TTAM,Titan America SA Common Shares,N, ,N,100.0,N,,TTAM,TTAM,N
Y,TTAN,"ServiceTitan, Inc. - Class A Common Stock",Q,Q,N,100.0,N,N,,TTAN,N
Y,TTC,Toro Company (The) Common Stock,N, ,N,100.0,N,,TTC,TTC,N
Y,TTD,"The Trade Desk, Inc. - Class A Common Stock",Q,G,N,100.0,N,D,,TTD,N
Y,TTE,TotalEnergies SE Ordinary Shares,N, ,N,100.0,N,,TTE,TTE,N
Y,TTEC,"TTEC Holdings, Inc. - Common Stock",Q,Q,N,100.0,N,N,,TTEC,N
Y,TTEK,"Tetra Tech, Inc. - Common Stock",Q,Q,N,100.0,N,N,,TTEK,N
Y,TTGT,"TechTarget, Inc. - Common Stock",Q,Q,N,100.0,N,N,,TTGT,N
Y,TTI,"Tetra Technologies, Inc. Common Stock",N, ,N,100.0,N,,TTI,TTI,N
Y,TTMI,"TTM Technologies, Inc. - Common Stock",Q,Q,N,100.0,N,N,,TTMI,N
Y,TTRX,Turn Therapeutics Inc. - Common Stock,Q,G,N,100.0,N,N,,TTRX,N
Y,TTWO,"Take-Two Interactive Software, Inc. - Common Stock",Q,Q,N,100.0,N,N,,TTWO,N
Y,TU,Telus Corporation Ordinary Shares,N, ,N,100.0,N,,TU,TU,N
Y,TULP,"Bloomia Holdings, Inc. - Common Stock",Q,S,N,100.0,N,N,,TULP,N
Y,TURB,"Turbo Energy, S.A. - American Depositary Shares",Q,S,N,100.0,N,N,,TURB,N
Y,TUSK,"Mammoth Energy Services, Inc. - Common Stock",Q,Q,N,100.0,N,N,,TUSK,N
Y,TUYA,"Tuya Inc. American Depositary Shares, each representing one Class A Ordinary Share",N, ,N,100.0,N,,TUYA,TUYA,N
Y,TV,Grupo Televisa S.A.B. Common Stock,N, ,N,100.0,N,,TV,TV,N
Y,TVA,Texas Ventures Acquisition III Corp - Class A Ordinary Share,Q,G,N,100.0,N,N,,TVA,N
Y,TVACU,Texas Ventures Acquisition III Corp - Unit,Q,G,N,100.0,N,N,,TVACU,N
Y,TVACW,Texas Ventures Acquisition III Corp - Warrants,Q,G,N,100.0,N,N,,TVACW,N
Y,TVAI,Thayer Ventures Acquisition Corporation II - Class A Ordinary Shares,Q,G,N,100.0,N,N,,TVAI,N
Y,TVAIU,Thayer Ventures Acquisition Corporation II - Unit,Q,G,N,100.0,N,N,,TVAIU,N
Y,TVC,Tennessee Valley Authority Common Stock,N, ,N,100.0,N,,TVC,TVC,N
Y,TVE,Tennessee Valley Authority,N, ,N,100.0,N,,TVE,TVE,N
Y,TVGN,Tevogen Bio Holdings Inc. - Common Stock,Q,G,N,100.0,N,D,,TVGN,N
Y,TVGNW,Tevogen Bio Holdings Inc. - Warrant,Q,S,N,100.0,N,N,,TVGNW,N
Y,TVIVU,Texas Ventures Acquisition IV Corp - Units,Q,G,N,100.0,N,N,,TVIVU,N
Y,TVRD,"Tvardi Therapeutics, Inc. - Common Stock",Q,S,N,100.0,N,N,,TVRD,N
Y,TVTX,"Travere Therapeutics, Inc. - Common Stock",Q,G,N,100.0,N,N,,TVTX,N
Y,TW,Tradeweb Markets Inc. - Class A Common Stock,Q,Q,N,100.0,N,N,,TW,N
Y,TWAV,"TaoWeave, Inc. - Common Stock",Q,S,N,100.0,N,N,,TWAV,N
Y,TWFG,"TWFG, Inc. - Common Stock",Q,Q,N,100.0,N,N,,TWFG,N
Y,TWG,Top Wealth Group Holding Limited - Class A Ordinary Shares,Q,S,N,100.0,N,N,,TWG,N
Y,TWI,"Titan International, Inc. (DE) Common Stock",N, ,N,100.0,N,,TWI,TWI,N
Y,TWIN,"Twin Disc, Incorporated - Common Stock",Q,Q,N,100.0,N,N,,TWIN,N
Y,TWLO,Twilio Inc. Class A Common Stock,N, ,N,100.0,N,,TWLO,TWLO,N
Y,TWLV,Twelve Seas Investment Company III - Class A Ordinary Shares,Q,G,N,100.0,N,N,,TWLV,N
Y,TWLVU,Twelve Seas Investment Company III - Units,Q,G,N,100.0,N,N,,TWLVU,N
Y,TWN,"Taiwan Fund, Inc. (The) Common Stock",N, ,N,100.0,N,,TWN,TWN,N
Y,TWO,Two Harbors Investment Corp,N, ,N,100.0,N,,TWO,TWO,N
Y,TWOD,Two Harbors Investments Corp 9.375% Senior Notes due 2030,N, ,N,100.0,N,,TWOD,TWOD,N
Y,TWST,Twist Bioscience Corporation - Common Stock,Q,Q,N,100.0,N,N,,TWST,N
Y,TX,"Ternium S.A. Ternium S.A. American Depositary Shares (each representing ten shares, USD1.00 par value)",N, ,N,100.0,N,,TX,TX,N
Y,TXG,"10x Genomics, Inc. - Common Stock",Q,Q,N,100.0,N,N,,TXG,N
Y,TXMD,"TherapeuticsMD, Inc. - Common Stock",Q,Q,N,100.0,N,N,,TXMD,N
Y,TXN,Texas Instruments Incorporated - Common Stock,Q,Q,N,100.0,N,N,,TXN,N
Y,TXNM,"TXNM Energy, Inc. Common Stock",N, ,N,100.0,N,,TXNM,TXNM,N
Y,TXO,"TXO Partners, L.P. Common Units Representing Limited Partner Interests",N, ,N,100.0,N,,TXO,TXO,N
Y,TXRH,"Texas Roadhouse, Inc. - Common Stock",Q,Q,N,100.0,N,N,,TXRH,N
Y,TXT,Textron Inc. Common Stock,N, ,N,100.0,N,,TXT,TXT,N
Y,TY,Tri Continental Corporation Common Stock,N, ,N,100.0,N,,TY,TY,N
Y,TYG,Tortoise Energy Infrastructure Corporation Common Stock,N, ,N,100.0,N,,TYG,TYG,N
Y,TYGO,"Tigo Energy, Inc. - Common Stock",Q,S,N,100.0,N,N,,TYGO,N
Y,TYL,"Tyler Technologies, Inc. Common Stock",N, ,N,40.0,N,,TYL,TYL,N
Y,TYRA,"Tyra Biosciences, Inc. - Common Stock",Q,Q,N,100.0,N,N,,TYRA,N
Y,TZOO,Travelzoo - Common Stock,Q,Q,N,100.0,N,N,,TZOO,N
Y,U,Unity Software Inc. Common Stock,N, ,N,100.0,N,,U,U,N
Y,UA,"Under Armour, Inc. Class C Common Stock",N, ,N,100.0,N,,UA,UA,N
Y,UAA,"Under Armour, Inc. Class A Common Stock",N, ,N,100.0,N,,UAA,UAA,N
Y,UAC,United Acquisition Corp. I Class A Ordinary Shares,A, ,N,100.0,N,,UAC,UAC,N
Y,UAL,"United Airlines Holdings, Inc. - Common Stock",Q,Q,N,100.0,N,N,,UAL,N
Y,UAMY,United States Antimony Corporation Common Stock,N, ,N,100.0,N,,UAMY,UAMY,N
Y,UAN,"CVR Partners, LP Common Units representing Limited Partner Interests",N, ,N,100.0,N,,UAN,UAN,N
Y,UAVS,"AgEagle Aerial Systems, Inc. Common Stock",A, ,N,100.0,N,,UAVS,UAVS,N
Y,UBCP,"United Bancorp, Inc. - Common Stock",Q,S,N,100.0,N,N,,UBCP,N
Y,UBER,"Uber Technologies, Inc. Common Stock",N, ,N,100.0,N,,UBER,UBER,N
Y,UBS,UBS Group AG Registered Ordinary Shares,N, ,N,100.0,N,,UBS,UBS,N
Y,UBSI,"United Bankshares, Inc. - Common Stock",Q,Q,N,100.0,N,N,,UBSI,N
Y,UBXG,U-BX Technology Ltd. - Class A Ordinary Shares,Q,S,N,100.0,N,N,,UBXG,N
Y,UCAR,U Power Limited - Class A Ordinary Shares,Q,S,N,100.0,N,N,,UCAR,N
Y,UCB,"United Community Banks, Inc. Common Stock",N, ,N,100.0,N,,UCB,UCB,N
Y,UCFI,CN Healthy Food Tech Group Corp. - Common Stock,Q,S,N,100.0,N,N,,UCFI,N
Y,UCIB,"ETRACS UBS Bloomberg Constant Maturity Commodity Index (CMCI) Total Return ETN Series B due April 5, 2038",P, ,N,100.0,N,,UCIB,UCIB,N
Y,UCL,uCloudlink Group Inc. - American Depositary Shares,Q,G,N,100.0,N,N,,UCL,N
Y,UCTT,"Ultra Clean Holdings, Inc. - Common Stock",Q,Q,N,100.0,N,N,,UCTT,N
Y,UDR,"UDR, Inc. Common Stock",N, ,N,100.0,N,,UDR,UDR,N
Y,UE,Urban Edge Properties Common Shares of Beneficial Interest,N, ,N,100.0,N,,UE,UE,N
Y,UEC,Uranium Energy Corp. Common Stock,A, ,N,100.0,N,,UEC,UEC,N
Y,UEIC,Universal Electronics Inc. - Common Stock,Q,Q,N,100.0,N,N,,UEIC,N
Y,UFCS,"United Fire Group, Inc - Common Stock",Q,Q,N,100.0,N,N,,UFCS,N
Y,UFG,Uni-Fuels Holdings Limited - Class A Ordinary Shares,Q,S,N,100.0,N,N,,UFG,N
Y,UFI,"Unifi, Inc. New Common Stock",N, ,N,100.0,N,,UFI,UFI,N
Y,UFPI,"UFP Industries, Inc. - Common Stock",Q,Q,N,100.0,N,N,,UFPI,N
Y,UFPT,"UFP Technologies, Inc. - Common Stock",Q,S,N,100.0,N,N,,UFPT,N
Y,UG,"United-Guardian, Inc. - Common Stock",Q,G,N,100.0,N,N,,UG,N
Y,UGI,UGI Corporation Common Stock,N, ,N,100.0,N,,UGI,UGI,N
Y,UGP,Ultrapar Participacoes S.A. (New) American Depositary Shares (Each representing one Common Share),N, ,N,100.0,N,,UGP,UGP,N
Y,UHAL,U-Haul Holding Company Common Stock,N, ,N,100.0,N,,UHAL,UHAL,N
Y,UHS,"Universal Health Services, Inc. Common Stock",N, ,N,100.0,N,,UHS,UHS,N
Y,UHT,Universal Health Realty Income Trust Common Stock,N, ,N,100.0,N,,UHT,UHT,N
Y,UI,Ubiquiti Inc. Common Stock,N, ,N,40.0,N,,UI,UI,N
Y,UIS,Unisys Corporation New Common Stock,N, ,N,100.0,N,,UIS,UIS,N
Y,UK,Ucommune International Ltd  - Class A Ordinary Shares,Q,S,N,100.0,N,N,,UK,N
Y,UL,Unilever PLC American Depositary Shares (each representing One Ordinary Share),N, ,N,100.0,N,,UL,UL,N
Y,ULBI,Ultralife Corporation - Common Stock,Q,G,N,100.0,N,N,,ULBI,N
Y,ULCC,"Frontier Group Holdings, Inc. - Common Stock",Q,Q,N,100.0,N,N,,ULCC,N
Y,ULH,"Universal Logistics Holdings, Inc. - Common Stock",Q,Q,N,100.0,N,N,,ULH,N
Y,ULS,UL Solutions Inc. Class A Common Stock,N, ,N,100.0,N,,ULS,ULS,N
Y,ULTA,"Ulta Beauty, Inc. - Common Stock",Q,Q,N,40.0,N,N,,ULTA,N
Y,UMAC,"Unusual Machines, Inc. Common Stock",A, ,N,100.0,N,,UMAC,UMAC,N
Y,UMBF,UMB Financial Corporation - Common Stock,Q,Q,N,100.0,N,N,,UMBF,N
Y,UMBFO,"UMB Financial Corporation - Depositary Shares Each Representing a 1/400th Interest in a Share of 7.750% Fixed-Rate Reset Non-Cumulative Perpetual Preferred Stock, Series B",Q,Q,N,100.0,N,N,,UMBFO,N
Y,UMC,United Microelectronics Corporation (NEW) Common Stock,N, ,N,100.0,N,,UMC,UMC,N
Y,UMH,"UMH Properties, Inc. Common Stock",N, ,N,100.0,N,,UMH,UMH,N
Y,UNB,"Union Bankshares, Inc. - Common Stock",Q,G,N,100.0,N,N,,UNB,N
Y,UNCY,"Unicycive Therapeutics, Inc. - Common Stock",Q,S,N,100.0,N,N,,UNCY,N
Y,UNF,Unifirst Corporation Common Stock,N, ,N,40.0,N,,UNF,UNF,N
Y,UNFI,"United Natural Foods, Inc. Common Stock",N, ,N,100.0,N,,UNFI,UNFI,N
Y,UNH,UnitedHealth Group Incorporated Common Stock (DE),N, ,N,40.0,N,,UNH,UNH,N
Y,UNIT,Uniti Group Inc. - Common Stock,Q,Q,N,100.0,N,N,,UNIT,N
Y,UNM,Unum Group Common Stock,N, ,N,100.0,N,,UNM,UNM,N
Y,UNMA,Unum Group 6.250% Junior Subordinated Notes due 2058,N, ,N,100.0,N,,UNMA,UNMA,N
Y,UNP,Union Pacific Corporation Common Stock,N, ,N,100.0,N,,UNP,UNP,N
Y,UNTY,"Unity Bancorp, Inc. - Common Stock",Q,G,N,100.0,N,N,,UNTY,N
Y,UONE,"Urban One, Inc.  - Class A Common Stock",Q,S,N,100.0,N,N,,UONE,N
Y,UONEK,"Urban One, Inc.  - Class D Common Stock",Q,S,N,100.0,N,N,,UONEK,N
Y,UP,Wheels Up Experience Inc. Class A Common Stock,N, ,N,100.0,N,,UP,UP,N
Y,UPB,"Upstream Bio, Inc. - Common Stock",Q,Q,N,100.0,N,N,,UPB,N
Y,UPBD,"Upbound Group, Inc. - Common Stock",Q,Q,N,100.0,N,N,,UPBD,N
Y,UPC,Universe Pharmaceuticals Inc - Class A Ordinary Shares,Q,S,N,100.0,N,N,,UPC,N
Y,UPLD,"Upland Software, Inc. - Common Stock",Q,G,N,100.0,N,N,,UPLD,N
Y,UPS,"United Parcel Service, Inc. Common Stock",N, ,N,100.0,N,,UPS,UPS,N
Y,UPST,"Upstart Holdings, Inc. - Common stock",Q,Q,N,100.0,N,N,,UPST,N
Y,UPWK,Upwork Inc. - Common Stock,Q,Q,N,100.0,N,N,,UPWK,N
Y,UPXI,"Upexi, Inc. - Common Stock",Q,S,N,100.0,N,D,,UPXI,N
Y,URBN,"Urban Outfitters, Inc. - Common Stock",Q,Q,N,100.0,N,N,,URBN,N
Y,URG,Ur Energy Inc Common Shares (Canada),A, ,N,100.0,N,,URG,URG,N
Y,URGN,UroGen Pharma Ltd. - Ordinary Shares,Q,G,N,100.0,N,N,,URGN,N
Y,URI,"United Rentals, Inc. Common Stock",N, ,N,40.0,N,,URI,URI,N
Y,UROY,Uranium Royalty Corp. - Common Stock,Q,S,N,100.0,N,N,,UROY,N
Y,USA,Liberty All-Star Equity Fund Common Stock,N, ,N,100.0,N,,USA,USA,N
Y,USAC,"USA Compression Partners, LP Common Units Representing Limited Partner Interests",N, ,N,100.0,N,,USAC,USAC,N
Y,USAR,"USA Rare Earth, Inc. - Common Stock",Q,G,N,100.0,N,N,,USAR,N
Y,USAS,"Americas Gold and Silver Corporation Common Shares, no par value",A, ,N,100.0,N,,USAS,USAS,N
Y,USAU,U.S. Gold Corp. - Common Stock,Q,S,N,100.0,N,N,,USAU,N
Y,USB,U.S. Bancorp Common Stock,N, ,N,100.0,N,,USB,USB,N
Y,USBC,"USBC, Inc. Common Stock",A, ,N,100.0,N,,USBC,USBC,N
Y,USCB,"USCB Financial Holdings, Inc.  - Class A Common Stock",Q,G,N,100.0,N,N,,USCB,N
Y,USDE,StablecoinX Inc. - Class A Common Stock,Q,S,N,100.0,N,N,,USDE,N
Y,USDEW,StablecoinX Inc. - Warrants,Q,S,N,100.0,N,N,,USDEW,N
Y,USEA,United Maritime Corporation - Common Stock,Q,S,N,100.0,N,N,,USEA,N
Y,USFD,US Foods Holding Corp. Common Stock,N, ,N,100.0,N,,USFD,USFD,N
Y,USGO,U.S. GoldMining Inc. - Common stock,Q,S,N,100.0,N,N,,USGO,N
Y,USIO,"Usio, Inc. - Common Stock",Q,G,N,100.0,N,N,,USIO,N
Y,USLM,"United States Lime & Minerals, Inc. - Common Stock",Q,Q,N,100.0,N,N,,USLM,N
Y,USNA,"USANA Health Sciences, Inc. Common Stock",N, ,N,100.0,N,,USNA,USNA,N
Y,USPH,"U.S. Physical Therapy, Inc. Common Stock",N, ,N,100.0,N,,USPH,USPH,N
Y,UTF,"Cohen & Steers Infrastructure Fund, Inc Common Stock",N, ,N,100.0,N,,UTF,UTF,N
Y,UTG,Reaves Utility Income Fund Common Shares of Beneficial Interest,A, ,N,100.0,N,,UTG,UTG,N
Y,UTHR,United Therapeutics Corporation - Common Stock,Q,Q,N,40.0,N,N,,UTHR,N
Y,UTI,Universal Technical Institute Inc Common Stock,N, ,N,100.0,N,,UTI,UTI,N
Y,UTL,UNITIL Corporation Common Stock,N, ,N,100.0,N,,UTL,UTL,N
Y,UTMD,"Utah Medical Products, Inc. - Common Stock",Q,Q,N,100.0,N,N,,UTMD,N
Y,UTSI,UTStarcom Holdings Corp - Ordinary Shares,Q,Q,N,100.0,N,N,,UTSI,N
Y,UTZ,Utz Brands Inc Class A Common Stock ,N, ,N,100.0,N,,UTZ,UTZ,N
Y,UUU,"Universal Safety Products, Inc. Common Stock",A, ,N,100.0,N,,UUU,UUU,N
Y,UUUU,Energy Fuels Inc Ordinary Shares (Canada),A, ,N,100.0,N,,UUUU,UUUU,N
Y,UVE,UNIVERSAL INSURANCE HOLDINGS INC Common Stock,N, ,N,100.0,N,,UVE,UVE,N
Y,UVSP,Univest Financial Corporation - Common Stock,Q,Q,N,100.0,N,N,,UVSP,N
Y,UVV,Universal Corporation Common Stock,N, ,N,100.0,N,,UVV,UVV,N
Y,UWMC,UWM Holdings Corporation Class A Common Stock,N, ,N,100.0,N,,UWMC,UWMC,N
Y,UXIN,Uxin Limited - American Depositary Shares,Q,Q,N,100.0,N,N,,UXIN,N
Y,UYSC,UY Scuti Acquisition Corp. - Ordinary Shares,Q,S,N,100.0,N,N,,UYSC,N
Y,UYSCU,UY Scuti Acquisition Corp. - Units,Q,S,N,100.0,N,N,,UYSCU,N
Y,UZD,"Array Digital Infrastructure, Inc. 6.250% Senior Notes due 2069",N, ,N,100.0,N,,UZD,UZD,N
Y,UZE,"Array Digital Infrastructure, Inc. 5.500% Senior Notes due 2070",N, ,N,100.0,N,,UZE,UZE,N
Y,UZF,"Array Digital Infrastructure, Inc. 5.500% Senior Notes due 2070",N, ,N,100.0,N,,UZF,UZF,N
Y,UZX,Linkage Global Inc - Class A Ordinary Shares,Q,S,N,100.0,N,D,,UZX,N
Y,V,Visa Inc.,N, ,N,40.0,N,,V,V,N
Y,VABK,Virginia National Bankshares Corporation - Common Stock,Q,S,N,100.0,N,N,,VABK,N
Y,VAC,Marriott Vacations Worldwide Corporation Common Stock,N, ,N,100.0,N,,VAC,VAC,N
Y,VACI,Viking Acquisition Corp. I Class A Ordinary Shares,N, ,N,100.0,N,,VACI,VACI,N
Y,VAL,Valaris Limited Common Shares,N, ,N,100.0,N,,VAL,VAL,N
Y,VALE,VALE S.A.  American Depositary Shares Each Representing one common share,N, ,N,100.0,N,,VALE,VALE,N
Y,VALN,Valneva SE - American Depositary Shares,Q,Q,N,100.0,N,N,,VALN,N
Y,VALU,"Value Line, Inc. - Common Stock",Q,S,N,100.0,N,N,,VALU,N
Y,VANI,"Vivani Medical, Inc.  - Common Stock",Q,S,N,100.0,N,N,,VANI,N
Y,VATE,INNOVATE Corp. Common Stock,N, ,N,100.0,N,,VATE,VATE,N
Y,VBF,Invesco Bond Fund Common Stock,N, ,N,100.0,N,,VBF,VBF,N
Y,VBIO,"Valion Bio, Inc. - Common stock",Q,S,N,100.0,N,D,,VBIO,N
Y,VBNK,VersaBank - Common Shares,Q,Q,N,100.0,N,N,,VBNK,N
Y,VC,Visteon Corporation - Common Stock,Q,Q,N,100.0,N,N,,VC,N
Y,VCEL,Vericel Corporation - Common Stock,Q,G,N,100.0,N,N,,VCEL,N
Y,VCIG,VCI Global Limited - Ordinary Share,Q,S,N,100.0,N,E,,VCIG,N
Y,VCRE,Vicore Pharma Holding AB - American Depositary Shares,Q,S,N,100.0,N,N,,VCRE,N
Y,VCTR,"Victory Capital Holdings, Inc. - Common Stock",Q,Q,N,100.0,N,N,,VCTR,N
Y,VCV,Invesco California Value Municipal Income Trust Common Stock,N, ,N,100.0,N,,VCV,VCV,N
Y,VCX,"Fundrise Innovation Fund, LLC Common Shares of Limited Liability Company Interests",N, ,N,100.0,N,,VCX,VCX,N
Y,VCYT,"Veracyte, Inc. - Common Stock",Q,G,N,100.0,N,N,,VCYT,N
Y,VECA,Vernal Capital Acquisition Corp. Ordinary Shares,N, ,N,100.0,N,,VECA,VECA,N
Y,VECO,Veeco Instruments Inc. - Common Stock,Q,Q,N,100.0,N,N,,VECO,N
Y,VEEA,Veea Inc. - Common Stock,Q,S,N,100.0,N,D,,VEEA,N
Y,VEEAW,Veea Inc. - Warrant,Q,S,N,100.0,N,D,,VEEAW,N
Y,VEEE,Twin Vee PowerCats Co. - Common Stock,Q,S,N,100.0,N,N,,VEEE,N
Y,VEEV,Veeva Systems Inc. Class A Common Stock,N, ,N,100.0,N,,VEEV,VEEV,N
Y,VEL,"Velocity Financial, Inc. Common Stock",N, ,N,100.0,N,,VEL,VEL,N
Y,VELO,"Velo3D, Inc. - Common stock",Q,S,N,100.0,N,N,,VELO,N
Y,VENU,Venu Holding Corporation Common Stock,A, ,N,100.0,N,,VENU,VENU,N
Y,VEON,VEON Ltd. - American Depositary Shares,Q,Q,N,100.0,N,N,,VEON,N
Y,VERA,"Vera Therapeutics, Inc. - Class A Common Stock",Q,G,N,100.0,N,N,,VERA,N
Y,VERI,"Veritone, Inc. - Common Stock",Q,G,N,100.0,N,N,,VERI,N
Y,VERU,Veru Inc. - Common Stock,Q,S,N,100.0,N,N,,VERU,N
Y,VERX,"Vertex, Inc. - Class A Common Stock",Q,G,N,100.0,N,N,,VERX,N
Y,VET,Vermilion Energy Inc. Common (Canada),N, ,N,100.0,N,,VET,VET,N
Y,VFC,V.F. Corporation Common Stock,N, ,N,100.0,N,,VFC,VFC,N
Y,VFF,"Village Farms International, Inc. - Common Shares",Q,S,N,100.0,N,N,,VFF,N
Y,VFL,abrdn National Municipal Income Fund Common Stock,A, ,N,100.0,N,,VFL,VFL,N
Y,VFS,VinFast Auto Ltd. - Ordinary Shares,Q,Q,N,100.0,N,N,,VFS,N
Y,VFSWW,VinFast Auto Ltd. - Warrant,Q,S,N,100.0,N,N,,VFSWW,N
Y,VG,"Venture Global, Inc. Class A common stock",N, ,N,100.0,N,,VG,VG,N
Y,VGAS,"Verde Clean Fuels, Inc. - Class A Common Stock",Q,S,N,100.0,N,N,,VGAS,N
Y,VGASW,"Verde Clean Fuels, Inc. - Warrant",Q,S,N,100.0,N,N,,VGASW,N
Y,VGI,Virtus Global Multi-Sector Income Fund Common Shares of Beneficial Interest,N, ,N,100.0,N,,VGI,VGI,N
Y,VGM,Invesco Trust for Investment Grade Municipals Common Stock (DE),N, ,N,100.0,N,,VGM,VGM,N
Y,VGNT,Versigent PLC Ordinary Shares,N, ,N,100.0,N,,VGNT,VGNT,N
Y,VGZ,Vista Gold Corp Common Stock,A, ,N,100.0,N,,VGZ,VGZ,N
Y,VHC,VirnetX Holding Corp - Common Stock,Q,S,N,100.0,N,N,,VHC,N
Y,VHCP,Vine Hill Capital Investment Corp. II - Class A Ordinary Shares,Q,G,N,100.0,N,N,,VHCP,N
Y,VHCPU,Vine Hill Capital Investment Corp. II - Units,Q,G,N,100.0,N,N,,VHCPU,N
Y,VHI,"Valhi, Inc. Common Stock",N, ,N,100.0,N,,VHI,VHI,N
Y,VHUB,"VenHub Global, Inc. - Common Stock",Q,G,N,100.0,N,N,,VHUB,N
Y,VIA,"Via Transportation, Inc. Class A Common Stock",N, ,N,100.0,N,,VIA,VIA,N
Y,VIAV,Viavi Solutions Inc. - Common Stock,Q,Q,N,100.0,N,N,,VIAV,N
Y,VICI,VICI Properties Inc. Common Stock,N, ,N,100.0,N,,VICI,VICI,N
Y,VICR,Vicor Corporation - Common Stock,Q,Q,N,100.0,N,N,,VICR,N
Y,VIDA,VIDA Global Inc. Class A Common Stock,A, ,N,100.0,N,,VIDA,VIDA,N
Y,VIK,Viking Holdings Ltd Ordinary Shares,N, ,N,100.0,N,,VIK,VIK,N
Y,VINP,Vinci Compass Investments Ltd. - Class A Common Shares,Q,Q,N,100.0,N,N,,VINP,N
Y,VIOT,"Viomi Technology Co., Ltd - American Depositary Shares",Q,Q,N,100.0,N,N,,VIOT,N
Y,VIPS,"Vipshop Holdings Limited American Depositary Shares, each representing two ordinary shares",N, ,N,100.0,N,,VIPS,VIPS,N
Y,VIR,"Vir Biotechnology, Inc. - Common Stock",Q,Q,N,100.0,N,N,,VIR,N
Y,VIRC,Virco Manufacturing Corporation - Common Stock,Q,G,N,100.0,N,N,,VIRC,N
Y,VIRT,"Virtu Financial, Inc. Class A Common Stock",N, ,N,100.0,N,,VIRT,VIRT,N
Y,VISN,"Vistance Networks, Inc.  - Common Stock",Q,Q,N,100.0,N,N,,VISN,N
Y,VIST,"Vista Energy S.A.B. de C.V. American Depositary Shares, each representing one series A share, with no par value",N, ,N,100.0,N,,VIST,VIST,N
Y,VITL,"Vital Farms, Inc. - Common Stock",Q,G,N,100.0,N,N,,VITL,N
Y,VIV,Telefonica Brasil S.A. American Depositary Shares (Each representing One Common Share),N, ,N,100.0,N,,VIV,VIV,N
Y,VIVK,"Vivakor, Inc. - Common Stock",Q,S,N,100.0,N,N,,VIVK,N
Y,VIVO,VivoPower PLC - Class A Ordinary Shares,Q,S,N,100.0,N,N,,VIVO,N
Y,VIVS,"VivoSim Labs, Inc. - Common Stock",Q,S,N,100.0,N,N,,VIVS,N
Y,VKI,Invesco Advantage Municipal Income Trust II Common Shares of Beneficial Interest (DE),A, ,N,100.0,N,,VKI,VKI,N
Y,VKQ,Invesco Municipal Trust Common Stock,N, ,N,100.0,N,,VKQ,VKQ,N
Y,VKTX,"Viking Therapeutics, Inc. - Common Stock",Q,S,N,100.0,N,N,,VKTX,N
Y,VLGEA,"Village Super Market, Inc. - Class A Common Stock",Q,Q,N,100.0,N,N,,VLGEA,N
Y,VLN,Valens Semiconductor Ltd. Ordinary Shares,N, ,N,100.0,N,,VLN,VLN,N
Y,VLO,Valero Energy Corporation Common Stock,N, ,N,100.0,N,,VLO,VLO,N
Y,VLRS,"Controladora Vuela Compania de Aviacion, S.A.B. de C.V. American Depositary Shares, each representing ten (10) Ordinary Participation Certificates",N, ,N,100.0,N,,VLRS,VLRS,N
Y,VLT,Invesco High Income Trust II,N, ,N,100.0,N,,VLT,VLT,N
Y,VLTO,Veralto Corp Common Stock ,N, ,N,100.0,N,,VLTO,VLTO,N
Y,VLY,Valley National Bancorp - Common Stock,Q,Q,N,100.0,N,N,,VLY,N
Y,VLYPN,"Valley National Bancorp - 8.250% Fixed-Rate Reset Non-Cumulative Perpetual Preferred Stock, Series C",Q,Q,N,100.0,N,N,,VLYPN,N
Y,VLYPO,Valley National Bancorp - 5.5% Fixed to Floating Rate Series B Non-Cumulative Perpetual Preferred Stock,Q,Q,N,100.0,N,N,,VLYPO,N
Y,VLYPP,Valley National Bancorp - 6.25% Fixed-to-Floating Rate Series A Non-Cumulative Perpetual Preferred Stock,Q,Q,N,100.0,N,N,,VLYPP,N
Y,VMAR,Vision Marine Technologies Inc. - Common Shares,Q,S,N,100.0,N,N,,VMAR,N
Y,VMC,Vulcan Materials Company (Holding Company) Common Stock,N, ,N,40.0,N,,VMC,VMC,N
Y,VMD,"Viemed Healthcare, Inc. - Common Shares",Q,S,N,100.0,N,N,,VMD,N
Y,VMET,Versamet Royalties Corporation - Common Stock,Q,S,N,100.0,N,N,,VMET,N
Y,VMI,"Valmont Industries, Inc. Common Stock",N, ,N,40.0,N,,VMI,VMI,N
Y,VMO,Invesco Municipal Opportunity Trust Common Stock,N, ,N,100.0,N,,VMO,VMO,N
Y,VNCE,Vince Holding Corp. - Common Stock,Q,S,N,100.0,N,N,,VNCE,N
Y,VNDA,Vanda Pharmaceuticals Inc. - Common Stock,Q,G,N,100.0,N,N,,VNDA,N
Y,VNET,"VNET Group, Inc. - American Depositary Shares",Q,Q,N,100.0,N,N,,VNET,N
Y,VNME,Vendome Acquisition Corporation I - Class A Ordinary Shares,Q,G,N,100.0,N,N,,VNME,N
Y,VNMEU,Vendome Acquisition Corporation I - Unit,Q,G,N,100.0,N,N,,VNMEU,N
Y,VNMEW,Vendome Acquisition Corporation I - Warrant,Q,G,N,100.0,N,N,,VNMEW,N
Y,VNO,Vornado Realty Trust Common Stock,N, ,N,100.0,N,,VNO,VNO,N
Y,VNOM,"Viper Energy, Inc.  - Class A Common Stock",Q,Q,N,100.0,N,N,,VNOM,N
Y,VNRX,VolitionRX Limited Common Stock,A, ,N,100.0,N,,VNRX,VNRX,N
Y,VNT,Vontier Corporation Common Stock ,N, ,N,100.0,N,,VNT,VNT,N
Y,VNTG,Vantage Corp Class A Ordinary Shares,A, ,N,100.0,N,,VNTG,VNTG,N
Y,VOC,VOC Energy Trust Units of Beneficial Interest,N, ,N,100.0,N,,VOC,VOC,N
Y,VOD,Vodafone Group Plc - American Depositary Shares each representing ten Ordinary Shares,Q,Q,N,100.0,N,N,,VOD,N
Y,VOR,Vor Biopharma Inc. - Common Stock,Q,Q,N,100.0,N,N,,VOR,N
Y,VOXR,Vox Royalty Corp. - common stock,Q,S,N,100.0,N,N,,VOXR,N
Y,VOYA,"Voya Financial, Inc. Common Stock",N, ,N,100.0,N,,VOYA,VOYA,N
Y,VOYG,"Voyager Technologies, Inc. Class A Common Stock",N, ,N,100.0,N,,VOYG,VOYG,N
Y,VPG,"Vishay Precision Group, Inc. Common Stock",N, ,N,100.0,N,,VPG,VPG,N
Y,VPV,Invesco Pennsylvania Value Municipal Income Trust Common Stock (DE),N, ,N,100.0,N,,VPV,VPV,N
Y,VRA,"Vera Bradley, Inc. - Common Stock",Q,Q,N,100.0,N,N,,VRA,N
Y,VRAX,Virax Biolabs Group Limited - Ordinary Shares,Q,S,N,100.0,N,D,,VRAX,N
Y,VRCA,Verrica Pharmaceuticals Inc. - Common Stock,Q,S,N,100.0,N,N,,VRCA,N
Y,VRDN,"Viridian Therapeutics, Inc.  - Common Stock",Q,S,N,100.0,N,N,,VRDN,N
Y,VREX,Varex Imaging Corporation - Common Stock,Q,Q,N,100.0,N,N,,VREX,N
Y,VRM,"Vroom, Inc. - Common Stock",Q,G,N,100.0,N,N,,VRM,N
Y,VRME,"VerifyMe, Inc. - Common Stock",Q,S,N,100.0,N,D,,VRME,N
Y,VRNS,"Varonis Systems, Inc. - Common Stock",Q,Q,N,100.0,N,N,,VRNS,N
Y,VRRM,Verra Mobility Corporation - Class A Common Stock,Q,S,N,100.0,N,N,,VRRM,N
Y,VRSK,"Verisk Analytics, Inc. - Common Stock",Q,Q,N,100.0,N,N,,VRSK,N
Y,VRSN,"VeriSign, Inc. - Common Stock",Q,Q,N,100.0,N,N,,VRSN,N
Y,VRT,"Vertiv Holdings, LLC Class A Common Stock",N, ,N,40.0,N,,VRT,VRT,N
Y,VRTS,"Virtus Investment Partners, Inc. Common Stock",N, ,N,100.0,N,,VRTS,VRTS,N
Y,VRTX,Vertex Pharmaceuticals Incorporated - Common Stock,Q,Q,N,40.0,N,N,,VRTX,N
Y,VRXA,Veraxa Biotech AG - Ordinary Shares,Q,G,N,100.0,N,N,,VRXA,N
Y,VS,Versus Systems Inc. - Common Stock,Q,S,N,100.0,N,D,,VS,N
Y,VSA,VisionSys AI Inc. - American Depositary Shares,Q,S,N,100.0,N,N,,VSA,N
Y,VSAT,"ViaSat, Inc. - Common Stock",Q,Q,N,100.0,N,N,,VSAT,N
Y,VSEC,VSE Corporation - Common Stock,Q,Q,N,100.0,N,N,,VSEC,N
Y,VSECU,VSE Corporation - Tangible Equity Units,Q,Q,N,100.0,N,N,,VSECU,N
Y,VSEE,"VSee Health, Inc. - Common Stock",Q,S,N,100.0,N,D,,VSEE,N
Y,VSEEW,"VSee Health, Inc. - Warrant",Q,S,N,100.0,N,N,,VSEEW,N
Y,VSH,"Vishay Intertechnology, Inc. Common Stock",N, ,N,100.0,N,,VSH,VSH,N
Y,VSME,VS Media Holdings Limited - Class A Ordinary Shares,Q,S,N,100.0,N,N,,VSME,N
Y,VSNT,"Versant Media Group, Inc. - Class A Common Stock",Q,Q,N,100.0,N,N,,VSNT,N
Y,VST,Vistra Corp. Common Stock,N, ,N,100.0,N,,VST,VST,N
Y,VSTD,Vestand Inc.  - Class A Common Stock,Q,S,N,100.0,N,H,,VSTD,N
Y,VSTM,"Verastem, Inc. - Common Stock",Q,S,N,100.0,N,N,,VSTM,N
Y,VSTS,Vestis Corporation Common Stock,N, ,N,100.0,N,,VSTS,VSTS,N
Y,VSXY,Victorias Secret & Co. Common Stock ,N, ,N,100.0,N,,VSXY,VSXY,N
Y,VTAK,"Catheter Precision, Inc. Common Stock",A, ,N,100.0,N,,VTAK,VTAK,N
Y,VTEX,VTEX Class A Common Shares,N, ,N,100.0,N,,VTEX,VTEX,N
Y,VTGN,"Vistagen Therapeutics, Inc. - Common Stock",Q,S,N,100.0,N,D,,VTGN,N
Y,VTIX,Virtuix Holdings Inc. - Class A Common Stock,Q,G,N,100.0,N,N,,VTIX,N
Y,VTMX,"Corporacion Inmobiliaria Vesta, S.A.B de C.V. American Depositary Shares, each representing ten (10) Common Shares",N, ,N,100.0,N,,VTMX,VTMX,N
Y,VTN,Invesco Trust for Investment Grade New York Municipals Common Stock,N, ,N,100.0,N,,VTN,VTN,N
Y,VTOL,"Bristow Group, Inc. Common Stock",N, ,N,100.0,N,,VTOL,VTOL,N
Y,VTR,"Ventas, Inc. Common Stock",N, ,N,100.0,N,,VTR,VTR,N
Y,VTRS,Viatris Inc. - Common Stock,Q,Q,N,100.0,N,N,,VTRS,N
Y,VTS,"Vitesse Energy, Inc. Common Stock",N, ,N,100.0,N,,VTS,VTS,N
Y,VTSI,"VirTra, Inc. - Common Stock",Q,S,N,100.0,N,N,,VTSI,N
Y,VTVT,vTv Therapeutics Inc. - Class A Common Stock,Q,S,N,100.0,N,N,,VTVT,N
Y,VUZI,Vuzix Corporation  - Common Stock,Q,S,N,100.0,N,N,,VUZI,N
Y,VVOS,"Vivos Therapeutics, Inc. - Common Stock",Q,S,N,100.0,N,D,,VVOS,N
Y,VVR,Invesco Senior Income Trust Common Stock (DE),N, ,N,100.0,N,,VVR,VVR,N
Y,VVV,Valvoline Inc. Common Stock,N, ,N,100.0,N,,VVV,VVV,N
Y,VVX,"V2X, Inc. Common Stock",N, ,N,100.0,N,,VVX,VVX,N
Y,VWAV,"VisionWave Holdings, Inc. - Common Stock",Q,G,N,100.0,N,N,,VWAV,N
Y,VWAVW,"VisionWave Holdings, Inc. - Warrant",Q,S,N,100.0,N,N,,VWAVW,N
Y,VXX,iPath Series B S&P 500 VIX Short-Term Futures ETN,Z, ,N,100.0,N,,VXX,VXX,N
Y,VXZ,iPath Series B S&P 500 VIX Mid-Term Futures ETN,Z, ,N,100.0,N,,VXZ,VXZ,N
Y,VYGR,"Voyager Therapeutics, Inc. - Common Stock",Q,Q,N,100.0,N,N,,VYGR,N
Y,VYNE,VYNE Therapeutics Inc. - Common Stock,Q,S,N,100.0,N,D,,VYNE,N
Y,VYX,NCR Voyix Corporation Common Stock,N, ,N,100.0,N,,VYX,VYX,N
Y,VZ,Verizon Communications Inc. Common Stock,N, ,N,100.0,N,,VZ,VZ,N
Y,VZLA,Vizsla Silver Corp. Common Shares,A, ,N,100.0,N,,VZLA,VZLA,N
Y,W,Wayfair Inc. Class A Common Stock,N, ,N,100.0,N,,W,W,N
Y,WAB,Westinghouse Air Brake Technologies Corporation Common Stock,N, ,N,100.0,N,,WAB,WAB,N
Y,WABC,Westamerica Bancorporation - Common Stock,Q,Q,N,100.0,N,N,,WABC,N
Y,WAFD,"WaFd, Inc. - Common Stock",Q,Q,N,100.0,N,N,,WAFD,N
Y,WAFDP,"WaFd, Inc. - Depositary Shares",Q,Q,N,100.0,N,N,,WAFDP,N
Y,WAFU,Wah Fu Education Group Limited - Ordinary Shares,Q,S,N,100.0,N,N,,WAFU,N
Y,WAI,Top KingWin Ltd - Class A Ordinary Shares,Q,S,N,100.0,N,N,,WAI,N
Y,WAL,Western Alliance Bancorporation Common Stock (DE),N, ,N,100.0,N,,WAL,WAL,N
Y,WALD,Waldencast plc - Class A Ordinary Share,Q,S,N,100.0,N,N,,WALD,N
Y,WALDW,Waldencast plc - Warrant,Q,S,N,100.0,N,N,,WALDW,N
Y,WASH,"Washington Trust Bancorp, Inc. - Common Stock",Q,Q,N,100.0,N,N,,WASH,N
Y,WAT,Waters Corporation Common Stock,N, ,N,40.0,N,,WAT,WAT,N
Y,WATT,Energous Corporation - Common Stock,Q,S,N,100.0,N,N,,WATT,N
Y,WAVE,Eco Wave Power Global AB (publ) - American Depositary Shares,Q,S,N,100.0,N,N,,WAVE,N
Y,WAY,Waystar Holding Corp. - Common Stock,Q,Q,N,100.0,N,N,,WAY,N
Y,WB,Weibo Corporation - American Depositary Shares,Q,Q,N,100.0,N,N,,WB,N
Y,WBD,"Warner Bros. Discovery, Inc. - Series A Common Stock",Q,Q,N,100.0,N,N,,WBD,N
Y,WBI,WaterBridge Infrastructure LLC Class A Shares Representing Limited Liability Company Interests,N, ,N,100.0,N,,WBI,WBI,N
Y,WBS,Webster Financial Corporation Common Stock,N, ,N,100.0,N,,WBS,WBS,N
Y,WBTN,WEBTOON Entertainment Inc. - Common stock,Q,Q,N,100.0,N,N,,WBTN,N
Y,WBUY,WEBUY GLOBAL LTD. - Class A Ordinary Shares,Q,S,N,100.0,N,N,,WBUY,N
Y,WBX,Wallbox N.V. Class A Ordinary Shares,N, ,N,100.0,N,,WBX,WBX,N
Y,WCC,"WESCO International, Inc. Common Stock",N, ,N,40.0,N,,WCC,WCC,N
Y,WCN,"Waste Connections, Inc. Common Shares",N, ,N,100.0,N,,WCN,WCN,N
Y,WCT,Wellchange Holdings Company Limited - Class A Ordinary shares,Q,S,N,100.0,N,N,,WCT,N
Y,WD,"Walker & Dunlop, Inc Common Stock",N, ,N,100.0,N,,WD,WD,N
Y,WDAY,"Workday, Inc. - Class A Common Stock",Q,Q,N,100.0,N,N,,WDAY,N
Y,WDC,Western Digital Corporation - Common Stock,Q,Q,N,40.0,N,N,,WDC,N
Y,WDFC,WD-40 Company - Common Stock,Q,Q,N,100.0,N,N,,WDFC,N
Y,WDH,Waterdrop Inc. American Depositary Shares (each representing the right to receive 10 Class A Ordinary Shares),N, ,N,100.0,N,,WDH,WDH,N
Y,WDI,Western Asset Diversified Income Fund Common Shares of Beneficial Interest,N, ,N,100.0,N,,WDI,WDI,N
Y,WDS,"Woodside Energy Group Limited American Depositary Shares, each representing one Ordinary Share",N, ,N,100.0,N,,WDS,WDS,N
Y,WEA,Western Asset Bond Fund Share of Beneficial Interest,N, ,N,100.0,N,,WEA,WEA,N
Y,WEAV,"Weave Communications, Inc. Common Stock",N, ,N,100.0,N,,WEAV,WEAV,N
Y,WEC,"WEC Energy Group, Inc. Common Stock",N, ,N,100.0,N,,WEC,WEC,N
Y,WELL,Welltower Inc. Common Stock,N, ,N,100.0,N,,WELL,WELL,N
Y,WEN,Wendy's Company (The) - Common Stock,Q,Q,N,100.0,N,N,,WEN,N
Y,WENC,West Enclave Merger Corp. Ordinary Shares,N, ,N,100.0,N,,WENC,WENC,N
Y,WENN,Wen Acquisition Corp - Class A Ordinary Shares,Q,G,N,100.0,N,N,,WENN,N
Y,WENNU,Wen Acquisition Corp - Unit,Q,G,N,100.0,N,N,,WENNU,N
Y,WENNW,Wen Acquisition Corp - Warrant,Q,G,N,100.0,N,N,,WENNW,N
Y,WERN,"Werner Enterprises, Inc. - Common Stock",Q,Q,N,100.0,N,N,,WERN,N
Y,WES,"Western Midstream Partners, LP Common Units Representing Limited Partner Interests",N, ,N,100.0,N,,WES,WES,N
Y,WEST,Westrock Coffee Company - Common Stock,Q,G,N,100.0,N,N,,WEST,N
Y,WETH,Wetouch Technology Inc. - Common Stock,Q,S,N,100.0,N,N,,WETH,N
Y,WETO,Wetour Robotics Limited - Ordinary Shares,Q,S,N,100.0,N,N,,WETO,N
Y,WEX,WEX Inc. common stock,N, ,N,100.0,N,,WEX,WEX,N
Y,WEYS,"Weyco Group, Inc. - Common Stock",Q,Q,N,100.0,N,N,,WEYS,N
Y,WF,Woori Financial Group Inc. American Depositary Shares (each representing three (3) shares of Common Stock),N, ,N,100.0,N,,WF,WF,N
Y,WFC,Wells Fargo & Company Common Stock,N, ,N,100.0,N,,WFC,WFC,N
Y,WFCF,"Where Food Comes From, Inc. - Common Stock",Q,S,N,100.0,N,N,,WFCF,N
Y,WFF,WF Holding Limited - Ordinary Shares,Q,S,N,100.0,N,N,,WFF,N
Y,WFG,West Fraser Timber Co. Ltd Common stock,N, ,N,100.0,N,,WFG,WFG,N
Y,WFRD,Weatherford International plc - Ordinary shares,Q,Q,N,100.0,N,N,,WFRD,N
Y,WGO,"Winnebago Industries, Inc. Common Stock",N, ,N,100.0,N,,WGO,WGO,N
Y,WGRX,"Wellgistics Health, Inc. - Common Stock",Q,S,N,100.0,N,D,,WGRX,N
Y,WGS,GeneDx Holdings Corp. - Class A Common Stock,Q,Q,N,100.0,N,N,,WGS,N
Y,WGSWW,GeneDx Holdings Corp. - Warrant,Q,Q,N,100.0,N,N,,WGSWW,N
Y,WH,"Wyndham Hotels & Resorts, Inc. Common Stock ",N, ,N,100.0,N,,WH,WH,N
Y,WHD,"Cactus, Inc. Class A Common Stock",N, ,N,100.0,N,,WHD,WHD,N
Y,WHF,"WhiteHorse Finance, Inc. - Closed End Fund",Q,Q,N,100.0,N,N,,WHF,N
Y,WHFCL,"WhiteHorse Finance, Inc. - 7.875% Notes due 2028",Q,Q,N,100.0,N,N,,WHFCL,N
Y,WHG,Westwood Holdings Group Inc Common Stock,N, ,N,100.0,N,,WHG,WHG,N
Y,WHK,WhiteHawk Minerals Corp Class A Common Stock,N, ,N,100.0,N,,WHK,WHK,N
Y,WHLR,"Wheeler Real Estate Investment Trust, Inc. - Common Stock",Q,S,N,100.0,N,N,,WHLR,N
Y,WHLRD,"Wheeler Real Estate Investment Trust, Inc. - Series D Cumulative Preferred Stock",Q,S,N,100.0,N,N,,WHLRD,N
Y,WHLRL,"Wheeler Real Estate Investment Trust, Inc. - 7.00% Senior Subordinated Convertible Notes Due 2031",Q,S,N,100.0,N,N,,WHLRL,N
Y,WHLRP,"Wheeler Real Estate Investment Trust, Inc. - Series B Preferred Stock",Q,S,N,100.0,N,N,,WHLRP,N
Y,WHR,Whirlpool Corporation Common Stock,N, ,N,100.0,N,,WHR,WHR,N
Y,WHWK,"Whitehawk Therapeutics, Inc. - Common Stock",Q,S,N,100.0,N,N,,WHWK,N
Y,WIA,Western Asset Inflation-Linked Income Fund,N, ,N,100.0,N,,WIA,WIA,N
Y,WILC,"G. Willi-Food International,  Ltd. - Ordinary Shares",Q,S,N,100.0,N,N,,WILC,N
Y,WIMI,WiMi Hologram Cloud Inc. - Class B Ordinary Shares,Q,G,N,100.0,N,N,,WIMI,N
Y,WINA,Winmark Corporation - Common Stock,Q,G,N,40.0,N,N,,WINA,N
Y,WING,Wingstop Inc. - Common Stock,Q,Q,N,100.0,N,N,,WING,N
Y,WIT,Wipro Limited Common Stock,N, ,N,100.0,N,,WIT,WIT,N
Y,WIW,Western Asset Inflation-Linked Opportunities & Income Fund,N, ,N,100.0,N,,WIW,WIW,N
Y,WIX,Wix.com Ltd. - Ordinary Shares,Q,Q,N,100.0,N,N,,WIX,N
Y,WK,Workiva Inc. Class A Common Stock,N, ,N,100.0,N,,WK,WK,N
Y,WKC,World Kinect Corporation Common Stock,N, ,N,100.0,N,,WKC,WKC,N
Y,WKEY,WISeKey International Holding Ltd - American Depositary Shares,Q,G,N,100.0,N,N,,WKEY,N
Y,WKHS,"Workhorse Group, Inc. - Common Stock",Q,S,N,100.0,N,N,,WKHS,N
Y,WKSP,"Worksport, Ltd. - Common Stock",Q,S,N,100.0,N,N,,WKSP,N
Y,WLCOU,Wilco 63 Corporation - Units,Q,G,N,100.0,N,N,,WLCOU,N
Y,WLDN,"Willdan Group, Inc. - Common Stock",Q,G,N,100.0,N,N,,WLDN,N
Y,WLDS,Wearable Devices Ltd. - Ordinary Share,Q,S,N,100.0,N,N,,WLDS,N
Y,WLDSW,Wearable Devices Ltd. - Warrant,Q,S,N,100.0,N,N,,WLDSW,N
Y,WLFC,Willis Lease Finance Corporation - Common Stock,Q,G,N,100.0,N,N,,WLFC,N
Y,WLII,Willow Lane Acquisition Corp. II - Class A Ordinary Shares,Q,G,N,100.0,N,N,,WLII,N
Y,WLIIU,Willow Lane Acquisition Corp. II - Unit,Q,G,N,100.0,N,N,,WLIIU,N
Y,WLK,Westlake Corporation Common Stock,N, ,N,100.0,N,,WLK,WLK,N
Y,WLKP,Westlake Chemical Partners LP Common Units representing limited partner interests,N, ,N,100.0,N,,WLKP,WLKP,N
Y,WLTH,Wealthfront Corporation - Common Stock,Q,Q,N,100.0,N,N,,WLTH,N
Y,WLY,"John Wiley & Sons, Inc. Common Stock",N, ,N,100.0,N,,WLY,WLY,N
Y,WLYB,"John Wiley & Sons, Inc. Common Stock",N, ,N,100.0,N,,WLYB,WLYB,N
Y,WM,"Waste Management, Inc. Common Stock",N, ,N,100.0,N,,WM,WM,N
Y,WMB,"Williams Companies, Inc. (The) Common Stock",N, ,N,100.0,N,,WMB,WMB,N
Y,WMG,Warner Music Group Corp. - Class A Common Stock,Q,Q,N,100.0,N,N,,WMG,N
Y,WMK,"Weis Markets, Inc. Common Stock",N, ,N,100.0,N,,WMK,WMK,N
Y,WMS,"Advanced Drainage Systems, Inc. Common Stock",N, ,N,100.0,N,,WMS,WMS,N
Y,WMT,Walmart Inc. - Common Stock,Q,Q,N,100.0,N,N,,WMT,N
Y,WNC,Wabash National Corporation Common Stock,N, ,N,100.0,N,,WNC,WNC,N
Y,WNEB,"Western New England Bancorp, Inc. - Common Stock",Q,Q,N,100.0,N,N,,WNEB,N
Y,WNW,Meiwu Technology Company Limited - Ordinary Shares,Q,S,N,100.0,N,N,,WNW,N
Y,WOK,WORK Medical Technology Group LTD - Class A Ordinary Shares,Q,S,N,100.0,N,N,,WOK,N
Y,WOLF,"Wolfspeed, Inc. Common Stock New",N, ,N,100.0,N,,WOLF,WOLF,N
Y,WOOF,"Petco Health and Wellness Company, Inc. - Class A Common Stock",Q,Q,N,100.0,N,N,,WOOF,N
Y,WOR,"Worthington Enterprises, Inc. Common Shares",N, ,N,100.0,N,,WOR,WOR,N
Y,WPAC,White Pearl Acquisition Corp. Class A Ordinary Shares,N, ,N,100.0,N,,WPAC,WPAC,N
Y,WPC,W. P. Carey Inc. REIT,N, ,N,100.0,N,,WPC,WPC,N
Y,WPM,Wheaton Precious Metals Corp Common Shares (Canada),N, ,N,100.0,N,,WPM,WPM,N
Y,WPP,WPP plc American Depositary Shares,N, ,N,100.0,N,,WPP,WPP,N
Y,WPRT,Westport Fuel Systems Inc - Common Shares,Q,Q,N,100.0,N,N,,WPRT,N
Y,WRAP,"Wrap Technologies, Inc. - Common Stock",Q,S,N,100.0,N,N,,WRAP,N
Y,WRB,W.R. Berkley Corporation Common Stock,N, ,N,100.0,N,,WRB,WRB,N
Y,WRBY,Warby Parker Inc. Class A Common Stock,N, ,N,100.0,N,,WRBY,WRBY,N
Y,WRD,WeRide Inc. - American Depositary Shares,Q,G,N,100.0,N,N,,WRD,N
Y,WRLD,World Acceptance Corporation - Common Stock,Q,Q,N,100.0,N,N,,WRLD,N
Y,WRN,Western Copper and Gold Corporation Common Stock,A, ,N,100.0,N,,WRN,WRN,N
Y,WS,"Worthington Steel, Inc. Common Shares",N, ,N,100.0,N,,WS,WS,N
Y,WSBC,"WesBanco, Inc. - Common Stock",Q,Q,N,100.0,N,N,,WSBC,N
Y,WSBCO,"WesBanco, Inc. - Depositary Shares each representing 1/40th interest in a share of 7.375% Fixed-Rate Reset Non-Cumulative Perpetual Preferred Stock, Series B",Q,Q,N,100.0,N,N,,WSBCO,N
Y,WSBF,"Waterstone Financial, Inc. - Common Stock",Q,Q,N,100.0,N,N,,WSBF,N
Y,WSBK,"Winchester Bancorp, Inc. - Common Stock",Q,S,N,100.0,N,N,,WSBK,N
Y,WSC,WillScot Holdings Corporation - Class A Common Stock,Q,S,N,100.0,N,N,,WSC,N
Y,WSE,Wise Group plc - Class A Ordinary Shares,Q,Q,N,100.0,N,N,,WSE,N
Y,WSFS,WSFS Financial Corporation - Common Stock,Q,Q,N,100.0,N,N,,WSFS,N
Y,WSHP,WeShop Holdings Limited - Class A Ordinary Shares,Q,S,N,100.0,N,N,,WSHP,N
Y,WSM,"Williams-Sonoma, Inc. Common Stock (DE)",N, ,N,100.0,N,,WSM,WSM,N
Y,WSO,"Watsco, Inc. Common Stock",N, ,N,40.0,N,,WSO,WSO,N
Y,WSR,Whitestone REIT Common Shares,N, ,N,100.0,N,,WSR,WSR,N
Y,WST,"West Pharmaceutical Services, Inc. Common Stock",N, ,N,100.0,N,,WST,WST,N
Y,WSTN,Westin Acquisition Corp - Class A Ordinary Share,Q,S,N,100.0,N,N,,WSTN,N
Y,WSTNU,Westin Acquisition Corp - Units,Q,S,N,100.0,N,N,,WSTNU,N
Y,WT,"WisdomTree, Inc. Common Stock",N, ,N,100.0,N,,WT,WT,N
Y,WTBA,West Bancorporation - Common Stock,Q,Q,N,100.0,N,N,,WTBA,N
Y,WTF,Waton Financial Limited - Ordinary Shares,Q,S,N,100.0,N,N,,WTF,N
Y,WTFC,Wintrust Financial Corporation - Common Stock,Q,Q,N,100.0,N,N,,WTFC,N
Y,WTFCN,"Wintrust Financial Corporation - Depositary Shares, Each Representing a 1/1,000th Interest in a Share of 7.875% Fixed-Rate Reset Non-Cumulative Perpetual Preferred Stock, Series F, no par value, with a liquidation preference of $25,000 per share",Q,Q,N,100.0,N,N,,WTFCN,N
Y,WTG,Wintergreen Acquisition Corp. - Ordinary Shares,Q,S,N,100.0,N,N,,WTG,N
Y,WTGUU,Wintergreen Acquisition Corp. - Unit,Q,S,N,100.0,N,N,,WTGUU,N
Y,WTI,"W&T Offshore, Inc. Common Stock",N, ,N,100.0,N,,WTI,WTI,N
Y,WTM,"White Mountains Insurance Group, Ltd. Common Stock",N, ,N,10.0,N,,WTM,WTM,N
Y,WTRG,"Essential Utilities, Inc. Common Stock",N, ,N,100.0,N,,WTRG,WTRG,N
Y,WTS,"Watts Water Technologies, Inc. Class A Common Stock",N, ,N,40.0,N,,WTS,WTS,N
Y,WTTR,"Select Water Solutions, Inc. Class A common stock",N, ,N,100.0,N,,WTTR,WTTR,N
Y,WTW,Willis Towers Watson Public Limited Company - Ordinary Shares,Q,Q,N,40.0,N,N,,WTW,N
Y,WU,Western Union Company (The) Common Stock,N, ,N,100.0,N,,WU,WU,N
Y,WULF,TeraWulf Inc. - Common Stock,Q,S,N,100.0,N,N,,WULF,N
Y,WVE,Wave Life Sciences Ltd. - Ordinary Shares,Q,G,N,100.0,N,N,,WVE,N
Y,WVVI,"Willamette Valley Vineyards, Inc. - Common Stock",Q,S,N,100.0,N,N,,WVVI,N
Y,WVVIP,"Willamette Valley Vineyards, Inc. - Series A Redeemable Preferred Stock",Q,S,N,100.0,N,N,,WVVIP,N
Y,WW,"WW International, Inc.  - Common Stock",Q,G,N,100.0,N,N,,WW,N
Y,WWD,"Woodward, Inc. - Common Stock",Q,Q,N,40.0,N,N,,WWD,N
Y,WWR,"Westwater Resources, Inc. Common Stock",A, ,N,100.0,N,,WWR,WWR,N
Y,WWW,"Wolverine World Wide, Inc. Common Stock",N, ,N,100.0,N,,WWW,WWW,N
Y,WXM,WF International Limited - Ordinary Shares,Q,S,N,100.0,N,N,,WXM,N
Y,WY,Weyerhaeuser Company Common Stock,N, ,N,100.0,N,,WY,WY,N
Y,WYFI,"WhiteFiber, Inc. - Ordinary Shares",Q,S,N,100.0,N,N,,WYFI,N
Y,WYHG,Wing Yip Food Holdings Group Limited - American Depositary Shares,Q,S,N,100.0,N,N,,WYHG,N
Y,WYNN,"Wynn Resorts, Limited - Common Stock",Q,Q,N,100.0,N,N,,WYNN,N
Y,WYY,WidePoint Corporation Common Stock,A, ,N,100.0,N,,WYY,WYY,N
Y,XAIR,"Beyond Air, Inc. - Common Stock",Q,S,N,100.0,N,D,,XAIR,N
Y,XBIO,"Xenetic Biosciences, Inc. - Common Stock",Q,S,N,100.0,N,N,,XBIO,N
Y,XBIT,XBiotech Inc. - Common Stock,Q,Q,N,100.0,N,N,,XBIT,N
Y,XBP,"XBP Global Holdings, Inc. - Common Stock",Q,S,N,100.0,N,N,,XBP,N
Y,XBPEW,"XBP Global Holdings, Inc. - Warrant",Q,S,N,100.0,N,N,,XBPEW,N
Y,XCBE,X3 Acquisition Corp. Ltd. - Class A Ordinary Shares,Q,G,N,100.0,N,N,,XCBE,N
Y,XCBEU,X3 Acquisition Corp. Ltd. - Unit,Q,G,N,100.0,N,N,,XCBEU,N
Y,XCH,XCHG Limited - ADS,Q,G,N,100.0,N,D,,XCH,N
Y,XCUR,"Exicure, Inc. - Common Stock",Q,S,N,100.0,N,D,,XCUR,N
Y,XE,"X-Energy, Inc. - Class A Common Stock",Q,Q,N,100.0,N,N,,XE,N
Y,XEL,Xcel Energy Inc. - Common Stock,Q,Q,N,100.0,N,N,,XEL,N
Y,XELB,"Xcel Brands, Inc - Common Stock",Q,S,N,100.0,N,N,,XELB,N
Y,XELLL,"Xcel Energy Inc. - 6.25% Junior Subordinated Notes, Series due 2085",Q,G,N,100.0,N,N,,XELLL,N
Y,XENE,Xenon Pharmaceuticals Inc. - Common Shares,Q,G,N,100.0,N,N,,XENE,N
Y,XERS,"Xeris Biopharma Holdings, Inc. - Common Stock",Q,Q,N,100.0,N,N,,XERS,N
Y,XFLH,XFLH Capital Corporation Ordinary Shares,N, ,N,100.0,N,,XFLH,XFLH,N
Y,XFLT,XAI Floating Rate & Alternative Income Trust Common Shares of Beneficial Interest,N, ,N,100.0,N,,XFLT,XFLT,N
Y,XFOR,"X4 Pharmaceuticals, Inc. - Common Stock",Q,S,N,100.0,N,N,,XFOR,N
Y,XGN,Exagen Inc. - Common Stock,Q,G,N,100.0,N,N,,XGN,N
Y,XHG,XChange TEC.INC - American Depositary Shares,Q,S,N,100.0,N,N,,XHG,N
Y,XHLD,"TEN Holdings, Inc. - Common Stock",Q,S,N,100.0,N,D,,XHLD,N
Y,XHR,"Xenia Hotels & Resorts, Inc. Common Stock",N, ,N,100.0,N,,XHR,XHR,N
Y,XIFR,"XPLR Infrastructure, LP Common Units representing limited partner interests",N, ,N,100.0,N,,XIFR,XIFR,N
Y,XLO,"Xilio Therapeutics, Inc. - Common Stock",Q,S,N,100.0,N,N,,XLO,N
Y,XMAX,"XMAX, Inc. - Common Stock",Q,S,N,100.0,N,N,,XMAX,N
Y,XMTR,"Xometry, Inc. - Class A Common Stock",Q,Q,N,100.0,N,N,,XMTR,N
Y,XNCR,"Xencor, Inc. - Common Stock",Q,G,N,100.0,N,N,,XNCR,N
Y,XNDU,Xanadu Quantum Technologies Limited - Class B Subordinate Voting Shares,Q,G,N,100.0,N,N,,XNDU,N
Y,XNET,Xunlei Limited - American Depositary Shares,Q,Q,N,100.0,N,N,,XNET,N
Y,XOM,ExxonMobil Holdings Corporation Common Stock,N, ,N,100.0,N,,XOM,XOM,N
Y,XOMA,XOMA Royalty Corporation - Common Stock,Q,G,N,100.0,N,N,,XOMA,N
Y,XOMAO,XOMA Royalty Corporation - Depositary Shares Rep Series B 8.375% Cumulative Preferred Stock,Q,G,N,100.0,N,N,,XOMAO,N
Y,XOMAP,XOMA Royalty Corporation - 8.625% Series A Cumulative Perpetual Preferred Stock,Q,G,N,100.0,N,N,,XOMAP,N
Y,XOS,"Xos, Inc. - Common Stock",Q,S,N,100.0,N,N,,XOS,N
Y,XOSWW,"Xos, Inc. - Warrants",Q,S,N,100.0,N,N,,XOSWW,N
Y,XP,XP Inc. - Class A Common Stock,Q,Q,N,100.0,N,N,,XP,N
Y,XPEL,"XPEL, Inc. - Common Stock",Q,S,N,100.0,N,N,,XPEL,N
Y,XPER,Xperi Inc. Common Stock ,N, ,N,100.0,N,,XPER,XPER,N
Y,XPEV,"XPeng Inc. American depositary shares, each representing two Class A ordinary shares",N, ,N,100.0,N,,XPEV,XPEV,N
Y,XPL,Solitario Resources Corp. Common Stock,A, ,N,100.0,N,,XPL,XPL,N
Y,XPO,"XPO, Inc. Common Stock",N, ,N,100.0,N,,XPO,XPO,N
Y,XPOF,"Xponential Fitness, Inc. Class A Common Stock",N, ,N,100.0,N,,XPOF,XPOF,N
Y,XPON,Expion360 Inc. - Common Stock,Q,S,N,100.0,N,D,,XPON,N
Y,XPRO,Expro Group Holdings N.V. Common Stock,N, ,N,100.0,N,,XPRO,XPRO,N
Y,XRAY,DENTSPLY SIRONA Inc. - Common Stock,Q,Q,N,100.0,N,N,,XRAY,N
Y,XRN,Chiron Real Estate Inc. Common Stock,N, ,N,100.0,N,,XRN,XRN,N
Y,XRPN,Armada Acquisition Corp. II - Class A Ordinary Shares,Q,G,N,100.0,N,N,,XRPN,N
Y,XRPNU,Armada Acquisition Corp. II - Units,Q,G,N,100.0,N,N,,XRPNU,N
Y,XRPNW,Armada Acquisition Corp. II - Warrant,Q,G,N,100.0,N,N,,XRPNW,N
Y,XRTX,XORTX Therapeutics Inc. - Common Shares,Q,S,N,100.0,N,N,,XRTX,N
Y,XRX,Xerox Holdings Corporation - Common Stock,Q,Q,N,100.0,N,N,,XRX,N
Y,XSLL,Xsolla SPAC 1 - Class A Ordinary Shares,Q,G,N,100.0,N,N,,XSLL,N
Y,XSLLU,Xsolla SPAC 1 - Units,Q,G,N,100.0,N,N,,XSLLU,N
Y,XTIA,"XTI Aerospace, Inc. Common Stock  - Common Stock",Q,S,N,100.0,N,N,,XTIA,N
Y,XTLB,XTL Biopharmaceuticals Ltd. - American Depositary Shares,Q,S,N,100.0,N,H,,XTLB,N
Y,XTNT,"Xtant Medical Holdings, Inc. Common Stock",A, ,N,100.0,N,,XTNT,XTNT,N
Y,XWEL,"XWELL, Inc. - Common Stock",Q,S,N,100.0,N,N,,XWEL,N
Y,XXI,"Twenty One Capital, Inc. Class A Common Stock",N, ,N,100.0,N,,XXI,XXI,N
Y,XXII,"22nd Century Group, Inc - Common Stock",Q,S,N,100.0,N,N,,XXII,N
Y,XYF,"X Financial American Depositary Shares, each representing six Class A Ordinary Shares",N, ,N,100.0,N,,XYF,XYF,N
Y,XYL,Xylem Inc. Common Stock New,N, ,N,100.0,N,,XYL,XYL,N
Y,XYZ,"Block, Inc. Class A Common Stock,",N, ,N,100.0,N,,XYZ,XYZ,N
Y,XZO,"Exzeo Group, Inc. Common Stock",N, ,N,100.0,N,,XZO,XZO,N
Y,YAAS,Youxin Technology Ltd - Class A Ordinary shares,Q,S,N,100.0,N,N,,YAAS,N
Y,YALA,"Yalla Group Limited American Depositary Shares, each representing one Class A Ordinary Share",N, ,N,100.0,N,,YALA,YALA,N
Y,YB,Yuanbao Inc. - American Depositary Shares,Q,G,N,100.0,N,N,,YB,N
Y,YCBD,"cbdMD, Inc. Common Stock",A, ,N,100.0,N,,YCBD,YCBD,N
Y,YCY,AA Mission Acquisition Corp. II Class A Ordinary Shares,N, ,N,100.0,N,,YCY,YCY,N
Y,YDDL,One and One Green Technologies. INC - Class A Ordinary Shares,Q,S,N,100.0,N,N,,YDDL,N
Y,YDES,YD Bio Limited - Ordinary Shares,Q,G,N,100.0,N,N,,YDES,N
Y,YDESW,YD Bio Limited - Warrants,Q,G,N,100.0,N,N,,YDESW,N
Y,YDKG,Yueda Digital Holding - Class A Ordinary Share,Q,S,N,100.0,N,N,,YDKG,N
Y,YELP,Yelp Inc. Common Stock,N, ,N,100.0,N,,YELP,YELP,N
Y,YETI,"YETI Holdings, Inc. Common Stock",N, ,N,100.0,N,,YETI,YETI,N
Y,YEXT,"Yext, Inc. Common Stock",N, ,N,100.0,N,,YEXT,YEXT,N
Y,YHC,LQR House Inc. - Common Stock,Q,S,N,100.0,N,N,,YHC,N
Y,YHGJ,Yunhong Green CTI Ltd. - Common Stock,Q,S,N,100.0,N,N,,YHGJ,N
Y,YHNA,YHN Acquisition I Limited - Ordinary Shares,Q,G,N,100.0,N,D,,YHNA,N
Y,YHNAU,YHN Acquisition I Limited - Unit,Q,G,N,100.0,N,D,,YHNAU,N
Y,YI,"111, Inc. - American Depositary Shares",Q,G,N,100.0,N,N,,YI,N
Y,YIBO,Planet Image International Limited - Class A Ordinary Shares,Q,S,N,100.0,N,N,,YIBO,N
Y,YICCU,Yorkville International Capital Corp. - Units,Q,G,N,100.0,N,N,,YICCU,N
Y,YJ,Yunji Inc. - American Depository Shares,Q,S,N,100.0,N,N,,YJ,N
Y,YMAT,"J-Star Holding Co., Ltd. - Class A Ordinary Shares",Q,S,N,100.0,N,D,,YMAT,N
Y,YMM,Full Truck Alliance Co. Ltd. American Depositary Shares (each representing 20 Class A Ordinary Shares),N, ,N,100.0,N,,YMM,YMM,N
Y,YMT,Yimutian Inc. - American Depositary Shares; each representing 25 Class A ordinary shares,Q,G,N,100.0,N,D,,YMT,N
Y,YOOV,Concorde International Group Ltd - Class A Ordinary Shares,Q,S,N,100.0,N,N,,YOOV,N
Y,YORW,The York Water Company - Common Stock,Q,Q,N,100.0,N,N,,YORW,N
Y,YOU,"Clear Secure, Inc. Class A Common Stock",N, ,N,100.0,N,,YOU,YOU,N
Y,YOUL,Youlife Group Inc. - American Depositary Shares,Q,S,N,100.0,N,N,,YOUL,N
Y,YPF,YPF Sociedad Anonima Common Stock,N, ,N,100.0,N,,YPF,YPF,N
Y,YQ,17 Education & Technology Group Inc. - American Depositary Shares,Q,Q,N,100.0,N,N,,YQ,N
Y,YRD,"Yiren Digital Ltd. American Depositary Shares, each representing two ordinary shares",N, ,N,100.0,N,,YRD,YRD,N
Y,YSG,"Yatsen Holding Limited American Depositary Shares, each representing twenty (20) Class A Ordinary Shares",N, ,N,100.0,N,,YSG,YSG,N
Y,YSS,York Space Systems Inc. Common Stock,N, ,N,100.0,N,,YSS,YSS,N
Y,YSWY,"Yesway, Inc. - Class A Common Stock",Q,Q,N,100.0,N,N,,YSWY,N
Y,YSXT,"YSX Tech. Co., Ltd  - Class A Ordinary Shares",Q,S,N,100.0,N,N,,YSXT,N
Y,YTRA,"Yatra Online, Inc. - Ordinary Shares",Q,S,N,100.0,N,D,,YTRA,N
Y,YUM,"Yum! Brands, Inc.",N, ,N,100.0,N,,YUM,YUM,N
Y,YUMC,"Yum China Holdings, Inc. Common Stock",N, ,N,100.0,N,,YUMC,YUMC,N
Y,YXT,YXT.COM GROUP HOLDING LIMITED - American Depository Shares,Q,G,N,100.0,N,D,,YXT,N
Y,YYAI,AiRWA Inc. - Common Stock,Q,S,N,100.0,N,N,,YYAI,N
Y,YYGH,YY Group Holding Limited - Class A Ordinary Shares,Q,S,N,100.0,N,N,,YYGH,N
Y,Z,"Zillow Group, Inc. - Class C Capital Stock",Q,Q,N,100.0,N,N,,Z,N
Y,ZBAO,Zhibao Technology Inc. - Class A Ordinary Shares,Q,S,N,100.0,N,N,,ZBAO,N
Y,ZBH,"Zimmer Biomet Holdings, Inc. Common Stock",N, ,N,100.0,N,,ZBH,ZBH,N
Y,ZBIO,"Zenas BioPharma, Inc. - Common Stock",Q,Q,N,100.0,N,N,,ZBIO,N
Y,ZBRA,Zebra Technologies Corporation - Class A Common Stock,Q,Q,N,100.0,N,N,,ZBRA,N
Y,ZCMD,Zhongchao Inc. - Class A Ordinary Shares,Q,S,N,100.0,N,N,,ZCMD,N
Y,ZD,"Ziff Davis, Inc. - Common Stock",Q,Q,N,100.0,N,N,,ZD,N
Y,ZDAI,"DirectBooking Technology Co., Ltd. - Class A Ordinary Shares",Q,S,N,100.0,N,N,,ZDAI,N
Y,ZDGE,"Zedge, Inc. Class B Common Stock ",A, ,N,100.0,N,,ZDGE,ZDGE,N
Y,ZENA,"ZenaTech, Inc. - Common Stock",Q,S,N,100.0,N,N,,ZENA,N
Y,ZEO,Zeo Energy Corporation - Class A Common Stock,Q,S,N,100.0,N,D,,ZEO,N
Y,ZEOWW,Zeo Energy Corporation - Warrants,Q,S,N,100.0,N,N,,ZEOWW,N
Y,ZEPP,"Zepp Health Corporation American depositary shares, each representing sixteen Class A ordinary shares",N, ,N,100.0,N,,ZEPP,ZEPP,N
Y,ZETA,Zeta Global Holdings Corp. Class A Common Stock,N, ,N,100.0,N,,ZETA,ZETA,N
Y,ZG,"Zillow Group, Inc. - Class A Common Stock",Q,Q,N,100.0,N,N,,ZG,N
Y,ZGN,Ermenegildo Zegna N.V. Ordinary Shares,N, ,N,100.0,N,,ZGN,ZGN,N
Y,ZH,"Zhihu Inc. American Depositary Shares, each representing three (3) Class A Ordinary Shares",N, ,N,100.0,N,,ZH,ZH,N
Y,ZIM,ZIM Integrated Shipping Services Ltd. Ordinary Shares,N, ,N,100.0,N,,ZIM,ZIM,N
Y,ZION,Zions Bancorporation N.A. - Common Stock,Q,Q,N,100.0,N,N,,ZION,N
Y,ZIONP,Zions Bancorporation N.A. - Depositary Shares each representing a 1/40th ownership interest in a share of Series A Floating-Rate Non-Cumulative Perpetual Preferred Stock,Q,G,N,100.0,N,N,,ZIONP,N
Y,ZIP,"ZipRecruiter, Inc. Class A Common Stock",N, ,N,100.0,N,,ZIP,ZIP,N
Y,ZJK,"ZJK Industrial Co., Ltd. - Class A Ordinary Shares",Q,S,N,100.0,N,N,,ZJK,N
Y,ZJYL,JIN MEDICAL INTERNATIONAL LTD. - Class A Ordinary Shares,Q,S,N,100.0,N,N,,ZJYL,N
Y,ZKH,"ZKH Group Limited American Depositary Shares, each representing thirty-five (35) Class A Ordinary Shares",N, ,N,100.0,N,,ZKH,ZKH,N
Y,ZKIN,"ZK International Group Co., Ltd - Ordinary Share",Q,S,N,100.0,N,N,,ZKIN,N
Y,ZKP,Lafayette Digital Acquisition Corp. I - Class A Ordinary Shares,Q,G,N,100.0,N,N,,ZKP,N
Y,ZKPU,Lafayette Digital Acquisition Corp. I - Unit,Q,G,N,100.0,N,N,,ZKPU,N
Y,ZLAB,Zai Lab Limited - American Depositary Shares,Q,G,N,100.0,N,N,,ZLAB,N
Y,ZM,"Zoom Communications, Inc. - Class A Common Stock",Q,Q,N,100.0,N,N,,ZM,N
Y,ZNB,Zeta Network Group - Class A Ordinary Shares,Q,S,N,100.0,N,N,,ZNB,N
Y,ZNTL,"Zentalis Pharmaceuticals, Inc. - common stock",Q,G,N,100.0,N,N,,ZNTL,N
Y,ZONE,CleanCore Solutions Inc. Class B Common Stock,A, ,N,100.0,N,,ZONE,ZONE,N
Y,ZOOZ,ZOOZ Strategy Ltd. - Ordinary Shares,Q,S,N,100.0,N,N,,ZOOZ,N
Y,ZOOZW,ZOOZ Strategy Ltd. - Warrant,Q,S,N,100.0,N,N,,ZOOZW,N
Y,ZS,"Zscaler, Inc. - Common Stock",Q,Q,N,100.0,N,N,,ZS,N
Y,ZSQR,Z Squared Inc. - Common Stock,Q,G,N,100.0,N,N,,ZSQR,N
Y,ZSTK,ZeroStack Corp. - Common Stock,Q,S,N,100.0,N,N,,ZSTK,N
Y,ZTEK,Zentek Ltd. - common stock,Q,S,N,100.0,N,D,,ZTEK,N
Y,ZTG,Zenta Group Company Limited - Class A Ordinary Shares,Q,S,N,100.0,N,N,,ZTG,N
Y,ZTO,"ZTO Express (Cayman) Inc. American Depositary Shares, each representing one Class A ordinary share.",N, ,N,100.0,N,,ZTO,ZTO,N
Y,ZTR,Virtus Total Return Fund Inc.,N, ,N,100.0,N,,ZTR,ZTR,N
Y,ZTS,Zoetis Inc. Class A Common Stock,N, ,N,100.0,N,,ZTS,ZTS,N
Y,ZUMZ,Zumiez Inc. - Common Stock,Q,Q,N,100.0,N,N,,ZUMZ,N
Y,ZURA,Zura Bio Limited - Class A Ordinary shares,Q,S,N,100.0,N,N,,ZURA,N
Y,ZVIA,Zevia PBC Class A Common Stock,N, ,N,100.0,N,,ZVIA,ZVIA,N
Y,ZVRA,"Zevra Therapeutics, Inc.  - Common Stock",Q,Q,N,100.0,N,N,,ZVRA,N
Y,ZWS,Zurn Elkay Water Solutions Corporation Common Stock,N, ,N,100.0,N,,ZWS,ZWS,N
Y,ZYBT,Zhengye Biotechnology Holding Limited - Class A Ordinary Shares,Q,S,N,100.0,N,D,,ZYBT,N
Y,ZYME,Zymeworks Inc. - Common Stock,Q,Q,N,100.0,N,N,,ZYME,N
